lat,lon,measured,pred_satellite_only,pred_random_forest,pred_orbit_ai
52.7152,12.2694,21.05,20.970158895644115,21.134271015561207,21.062098884648474
52.7152,12.2694,21.47,20.970158895644115,21.167705691209665,21.34874274128448
52.7152,12.2694,21.42,20.970158895644115,21.170887758279676,21.29168736997804
52.7152,12.2694,21.53,20.970158895644115,21.023041410867336,21.116835823544825
52.7152,12.2694,21.51,20.970158895644115,21.076601732392778,21.10156782619304
52.7152,12.2694,21.45,20.970158895644115,21.111832835907045,21.093007687139526
52.7152,12.2694,21.37,20.970158895644115,21.123201629485425,21.068987984668865
52.7152,12.2694,21.43,20.970158895644115,20.939510662230067,20.761819213353093
52.7152,12.2694,21.34,20.970158895644115,20.714942377729557,20.408750562782934
52.7152,12.2694,20.47,20.970158895644115,19.55005828927066,19.651895317908824
48.6852,9.82031,20.92,19.260705879464492,20.365498353830947,20.059058101457065
48.6852,9.82031,20.81,19.260705879464492,20.25172897644022,19.963119592377968
48.7293,9.60728,20.75,19.432342265721058,20.3093999085307,20.304680749265373
48.7293,9.60728,20.55,19.432342265721058,20.05373875599416,20.186820673131244
48.6852,9.82031,20.89,19.260705879464492,20.39456841443685,20.12686986419908
48.7293,9.60728,20.66,19.432342265721058,20.267591301054093,20.269179792915835
48.7293,9.60728,20.49,19.432342265721058,20.055491175342073,20.29429995708188
48.6852,9.82031,20.89,19.260705879464492,20.31525522358438,19.950666219019123
48.7293,9.60728,20.76,19.432342265721058,20.335653102930138,20.383963909462192
48.7293,9.60728,20.68,19.432342265721058,20.335166374484974,20.420545857701388
48.7293,9.60728,20.66,19.432342265721058,20.28646543291959,20.341594469289166
48.1694,-114.965,21.55,20.983453322092917,20.310342213659425,20.75275972364881
48.178,-114.965,21.55,20.85765271232622,20.402101694278976,20.85088072349311
48.1923,-114.915,21.55,20.928009646877964,20.27828977589156,20.89258941542509
48.1779,-114.86,21.57,20.890378451090346,20.34762607771825,20.83130882096862
48.1784,-114.834,21.58,20.972091563733553,20.275994526035802,20.846686350337674
52.9213,13.5473,21.41,21.33537317113652,20.756559874284463,21.047635402453622
46.2283,7.61262,20.73,21.16082650101312,20.775826173567193,21.137134852482347
47.6101,20.7278,21.06,19.96804126814868,20.96476405705235,20.904652937734177
47.6102,20.728,20.6,19.96804126814868,20.92714131499775,20.89579146523087
47.6102,20.728,20.79,19.96804126814868,20.57029314638381,20.898208539015528
34.9463,-92.5723,20.82,21.18776678178573,20.697582153783102,20.341977371020842
33.1325,-117.192,18.66,18.51890288785793,18.593074817638456,18.26806304861206
36.0158,-121.249,21.35,20.221849863122383,20.803465272569643,20.58375355678022
51.9043,-8.4589,16.39,18.471597988838813,17.350351596988258,17.544971149123448
33.1325,-117.192,18.86,18.51890288785793,18.443901315227365,18.102914448685407
31.9695,-110.975,17.35,18.916473474431655,19.782250243942784,19.73223825269176
31.9067,-110.987,19.52,18.771800491415675,19.48832944420104,19.212501399986035
33.2894,-111.719,18.05,18.5203938229861,18.274792430032754,17.99462481114933
31.9095,-110.983,16.06,18.886725964561613,18.79274894499494,19.37083783259741
31.9084,-110.994,20.06,18.804767427048823,18.637693474292476,19.025150342495564
-46.8996,168.148,21.7,21.811950161900395,21.387386134931422,21.40569781236488
-46.9067,168.138,21.74,21.691711740711327,21.387570027466467,21.414084917481315
-46.882,168.131,21.65,21.716789488706663,21.378981139785484,21.463977645694055
-46.8634,168.123,21.6,21.747579834978435,21.385528833720628,21.45078138670836
-46.8918,168.131,21.59,21.61898046986466,21.390382998823455,21.479303593308902
-46.8938,168.125,21.61,21.50195993911441,21.390893762182756,21.45668219252146
-46.9023,168.125,21.56,21.577199306612876,21.375997444009844,21.4473951843603
-46.9006,168.124,21.46,21.53861336710764,21.38707821673712,21.45516680901147
55.677,-5.73717,21.27,21.40180925042704,21.27343768424069,21.4412959424593
63.8314,-20.4,20.9,20.395670660340354,21.048879353931305,20.95621526195546
63.8814,-22.4295,19.85,21.095276246621047,20.963700570886886,20.990418846923067
39.9936,-1.04275,21.21,19.983978363964802,20.991632203295207,21.152828516642938
39.9936,-1.04275,21.21,19.983978363964802,20.984790079458083,21.156111251606287
46.2476,7.02679,20.65,19.71838102174055,20.41539130528107,20.512417028861325
48.4651,1.85864,20.55,20.458423188152253,20.415623327182427,20.703480503478886
54.3113,9.96899,20.82,21.033107021201584,20.95060348970977,21.29016828858524
54.3113,9.96899,20.61,21.033107021201584,20.95060348970977,21.29016828858524
48.842,2.4632,17.8,18.547388632338446,18.14268627963319,17.422599802852762
54.3121,9.97098,20.61,21.00400288392139,20.94464134008215,21.25790454030736
48.4651,1.85864,20.89,20.458423188152253,20.490900316408343,20.62389500259926
48.2579,0.568181,21.98,20.89114280236868,20.9200785004023,21.204745298646156
54.4449,12.5484,21.35,21.495899911016092,21.31313662393658,21.477086374700814
54.3129,9.97023,20.82,21.036978519148096,21.030675175297564,21.183745541064088
52.7159,12.2694,21.5,20.958263288510857,21.18441049383772,21.146533954537293
52.7158,12.2695,21.47,20.959488707231667,21.058558550440836,21.165529096641354
52.7157,12.2694,21.42,20.958263288510857,21.082081396483808,21.184079198041015
54.3128,9.97028,20.77,21.036978519148096,20.36057951169778,20.880521204191165
52.6304,13.3186,19.78,18.730402995614266,18.833936010272122,19.10222848687304
52.7158,12.2696,21.51,20.959488707231667,20.897622939335506,20.951851227840983
52.7157,12.2694,21.45,20.958263288510857,20.979831341456745,21.01316619614083
52.7157,12.2696,21.37,20.959488707231667,21.02275819029659,21.11269633530557
51.569,4.65282,18.3,18.615502727537507,18.900778950526227,17.960498731871198
52.8766,12.0513,21.45,20.955565926122496,21.10969821062447,21.29436798239567
50.9862,11.0354,19.72,18.384704709914928,18.884400695960878,18.390093780764847
51.023,9.19272,21.27,20.97175040215603,21.356754376132407,21.370704746411956
43.1596,-0.42622,21.21,20.97687135354745,21.03665440206878,21.07011966493127
43.1535,-0.450535,21.18,20.961169205672356,21.095965279854084,21.186151540434643
43.127,-0.442787,21.14,20.961427132444705,20.929145277553513,20.965255861959967
43.0845,-0.423985,21.02,19.842167480762328,20.98698057347765,21.132010263474683
40.5289,-4.96682,21.29,20.813100812380135,21.186616404113078,21.245681429556193
43.0599,-0.453836,21.33,21.049675719713207,21.32254316822387,21.30166513570795
48.6851,9.82044,20.92,19.260705879464492,20.482398022332855,20.09456485932068
48.6852,9.82023,20.81,19.260705879464492,20.407422621750374,20.101837569158928
43.1556,5.89622,19.62,18.78336655912726,18.954827493864226,18.92994440677281
52.6304,13.3185,19.7,18.730402995614266,18.938542757142947,19.066580875590606
47.6102,20.7282,20.97,19.96804126814868,20.968083749851562,21.098022122376015
47.6104,20.7283,20.93,19.96804126814868,20.966511339780464,21.108373757548144
48.7297,9.60711,20.55,19.40810456642745,20.413020024710118,20.19036431317027
42.2541,-8.63633,20.6,19.0829205412573,18.919073030701306,19.256332510642476
53.6925,12.0646,21.48,21.248781044658358,21.361888492978256,21.41969018518327
48.6852,9.82044,20.89,19.260705879464492,20.49956925007168,20.18917040717558
38.6317,34.9099,17.91,18.408704399119642,19.61270731792148,18.67310779274857
38.6434,34.8354,19.7,18.724122655820885,19.880982301012875,19.58275719079205
43.1554,5.89604,19.46,18.78336655912726,19.00231872289643,18.961961253498586
36.2958,-95.6282,18.44,18.75781594758283,18.91109901583695,18.792780567945638
48.7293,9.60711,20.66,19.432342265721058,20.19285563398477,20.352323211060874
48.7295,9.60722,20.49,19.40810456642745,20.394917548833416,20.254377565930632
43.1557,5.89617,19.5,18.78336655912726,18.954003262580127,18.91780253366545
52.0834,9.49996,20.97,20.846303050936033,21.194078894437553,21.228349485973038
52.6304,13.3186,19.68,18.730402995614266,18.89308205759773,19.113980509819033
53.2087,23.5272,21.41,21.308005750597417,20.974130913872678,21.192175347087737
52.6235,12.721,21.59,20.837746565292694,20.968006981846106,21.223932888651824
42.9145,0.168833,21.45,20.286406957870586,20.896584657749663,20.98523259986749
36.8252,30.3355,21.52,20.32677444775488,20.69954411613293,20.74437710622138
48.6852,9.8202,20.89,19.260705879464492,20.034181903810985,19.860584703308827
-26.7503,152.241,22.02,20.805757656692858,20.97466623722718,21.182404373932112
-26.7503,152.241,21.86,20.805757656692858,21.202662870014592,21.268956314796043
-26.7503,152.241,22.04,20.805757656692858,21.310407788219823,21.469628162392095
-26.7503,152.241,21.84,20.805757656692858,21.203137336078996,21.281926727518957
-26.7503,152.241,21.94,20.805757656692858,21.22035087641171,21.350146294410486
52.3972,13.0485,19.54,18.566017889514736,19.294263082289234,19.117750298249646
36.7858,24.5778,21.7,19.532753892942974,20.37855421261738,21.119552724014337
-21.2747,55.5124,18.39,18.523633156889783,18.61880873151375,18.412970554565444
-21.2686,55.5106,19.84,18.519339556390555,18.57748084726259,18.346445150540582
-21.2622,55.5051,20.04,18.563827040187032,18.623961015736505,18.524429701016274
-21.2535,55.4991,18.83,18.65776954521421,18.7367841051605,19.40108211010475
-21.2491,55.4965,20.33,18.84671357180747,19.175394475619864,19.80163141468093
-21.2396,55.4933,20.15,18.996507475726066,19.27184935347228,20.0326984306153
46.6592,0.298581,20.76,20.063593085904984,20.22124653646459,20.690836167697558
40.9567,-3.62194,21.25,20.757243253379936,20.627072288809266,20.89651516895565
48.7295,9.60725,20.58,19.40810456642745,19.8960698562584,20.183710742932842
-21.2668,55.5006,20.31,18.62946744804163,18.549827195225138,18.737991714381256
-43.9971,170.461,20.66,20.756644423899694,21.25407297541929,21.410104679018257
-21.3488,55.6062,21.01,20.868345707318333,21.041899419024336,21.06554544175822
28.6682,-17.9032,21.79,19.741120009036447,20.42922641266911,20.44596525060862
46.81,7.1504,19.8,18.55490486399726,18.827684988405164,19.27396788178304
56.6067,16.167,21.4,20.925227091293245,20.59317660957902,21.314074509407085
56.6215,16.2158,21.31,20.912201270081688,20.384054711552512,21.189221953651128
56.6593,16.2589,21.03,19.584250145947898,20.03517877567374,20.2605071743997
56.647,16.2465,20.89,20.027473623859404,20.07986451548701,20.950972609920996
52.6303,5.1565,20.75,21.02163237158581,20.47454019776714,20.469437392354944
52.9221,10.6125,21.03,20.994364367643595,21.26799442070222,21.29201289248308
56.494,16.4348,21.91,20.86053288499982,21.470871448019643,21.615141284767475
56.6061,16.6453,21.85,20.935036486854123,21.607452768981307,21.730142548702833
56.6554,16.5145,20.96,20.772643904723633,20.98436178830707,21.34363333355832
53.6223,11.4167,19.3,18.75048691389575,19.720543302376633,19.86106640566229
56.6554,16.5145,21.34,20.772643904723633,20.978651020210705,21.32180323978911
53.714,11.373,21.43,20.899881595118092,21.258968074731726,21.613289002004816
50.989,9.20677,21.2,21.013052228689386,21.389251111282196,21.53987513881416
53.8716,10.689,18.4,18.483776745589786,19.433842206599458,18.973953519904526
56.6332,16.6664,21.95,21.003918099387377,21.57658944151803,21.816480070371327
56.6415,16.5794,21.7,21.281261832152058,21.21616412527078,21.490437854972072
56.6522,16.517,21.46,20.830670522506313,20.959902899623806,21.282003468114596
52.3972,13.0485,19.46,18.566017889514736,19.23854341351846,19.278733726088177
43.29,16.46,20.21,21.59787372345551,21.503789426063204,21.489530842750995
52.6303,5.1565,20.44,21.02163237158581,20.28412015892855,20.153435247692208
45.2912,13.7506,21.45,20.942293783350454,20.7792764477114,20.77536651054638
54.3407,10.0778,19.3,18.95916343918321,19.318408189990308,19.204924515173023
41.1515,-8.555,18.69,18.519339556390555,18.4159911945454,17.64566826068855
52.6304,5.1566,20.73,21.044444612878788,20.41088626103838,20.269623760621315
51.111,6.7731,19.15,19.545962527943477,19.61809716058962,19.72758068055382
51.1141,6.77026,18.95,19.46530870312765,19.622773969960804,19.67484584407417
51.1219,6.77018,19.1,19.434402860965545,19.61377618730486,19.65629576606821
51.1283,6.76541,18.98,19.638064017226547,19.589535623904496,19.755221450751236
56.7306,16.7167,21.89,20.930615497645306,21.63848473635776,21.731141226215207
56.7137,16.7086,21.6,20.903984399944406,21.631919191696394,21.77814657773276
56.7193,16.5541,21.62,21.03946385346864,21.342580449556962,21.60742381632202
56.7107,16.6985,21.87,20.90054523405118,21.607375294151492,21.762360530508765
56.68,16.6888,21.37,20.9265634075717,21.55999258269865,21.738263233529782
56.6332,16.6664,21.67,21.003918099387377,21.58783656815366,21.766588775488184
56.6506,16.5737,21.57,21.194929966386113,20.94842623045581,21.276125438381012
56.6205,16.6171,21.31,20.993405175129542,21.67706563761129,21.738439983099095
56.6522,16.517,21.07,20.830670522506313,20.979303196907786,21.234902924275705
41.1515,-8.555,21.6,18.519339556390555,17.719968707153956,17.592023682249817
43.1606,-0.469296,21.08,21.006143721261587,21.115364892002386,21.007268419475533
51.1218,6.77015,18.99,19.434402860965545,19.610131165129324,19.68385338982511
45.228,13.5982,20.3,18.68032358330317,18.803151212271587,18.628256917858096
52.2221,8.01001,20.65,20.117792440291655,20.353798957786832,20.208026388481002
52.3972,13.0485,19.21,18.566017889514736,19.14381950666495,19.06045161372626
50.7142,6.18828,20.18,19.62808827221575,19.92963251587122,19.994855159920675
57.2067,17.0451,21.78,21.047585716744653,21.63421960060415,21.771854109756614
57.2067,17.0451,21.73,21.047585716744653,21.63421960060415,21.78628780044291
57.1434,17.0037,21.8,21.018676878774542,21.569558171515197,21.738542476427252
57.108,16.9456,21.78,21.053404900378116,21.600774874248994,21.74623306857008
57.0807,16.9184,21.84,21.05039637177657,21.60990479756237,21.72934915339707
57.0807,16.9184,21.83,21.05039637177657,21.60990479756237,21.709574178351104
57.0673,16.8919,21.79,20.978847101753693,21.616430079885923,21.807734232112033
57.0414,16.871,21.79,21.07893501277929,21.623086215008325,21.687622052212753
57.0414,16.871,21.8,21.07893501277929,21.639710149113125,21.69160488225384
57.0242,16.8596,21.79,21.103681513181115,21.53483366545892,21.665445556102277
57.0038,16.8365,21.74,21.05733376300569,21.597856531862714,21.78670323099523
56.9833,16.8107,21.74,20.929144173799777,21.683540607938,21.80002884664596
56.9594,16.7942,21.69,20.912155412379967,21.64648569245069,21.6919751882894
56.9406,16.7803,21.73,20.91551434454368,21.668262702338712,21.681030347193488
56.9279,16.7872,21.59,20.922841925356295,21.53819748400105,21.740797866245796
56.8725,16.7313,21.67,19.487989573239496,21.064239307317997,21.37199935120629
56.8652,16.7288,21.65,20.14705527990564,20.961735229419507,21.357784821183678
56.8856,16.7547,21.58,20.84652326741842,21.03593202252142,21.33155133954889
56.8857,16.7248,21.34,19.676963787154513,20.905526652002504,21.296084769155154
56.8805,16.7299,21.34,19.45290179017222,21.26398218139458,21.272646185727847
56.6982,16.526,21.37,20.930102553246808,21.044009536565486,21.454039723277624
56.5235,16.4055,21.51,19.953936914940428,21.389098365206657,21.445731246463968
56.5166,16.4389,21.58,21.01214075060811,21.611803764603568,21.647180093985842
56.389,16.426,21.75,20.80298693369906,21.61412225606779,21.648530124619985
43.1556,5.8962,19.43,18.78336655912726,19.009023706555574,18.859944446747498
43.1556,5.8962,19.54,18.78336655912726,19.009023706555574,18.859944446747498
52.3972,13.0485,19.29,18.566017889514736,19.338197296182813,19.21963998352136
60.7198,-135.065,18.36,18.501045286538417,19.284651481555617,19.054397745350354
56.8719,16.0865,21.6,21.579698713497606,21.613214339373176,21.71020594295467
56.8855,16.0861,20.47,21.427254643380294,21.527429804237123,21.689480933846074
56.881,16.0811,21.67,21.488938662417922,21.46095057842983,21.625850377204078
56.8656,16.1477,21.69,21.478294980788828,21.56066709327913,21.696781085243682
56.83,16.1823,21.62,21.430317320005116,21.637403495951048,21.704278464538813
56.8229,16.2003,21.6,21.5322814807116,21.609611417953438,21.706396395252664
56.8348,16.1737,21.55,21.368590930128914,21.63884263450138,21.705356059759513
56.7941,16.2554,21.44,21.16242185178623,21.197045537221253,21.419668626404007
56.781,16.2926,21.26,20.049346087219316,21.18365871437615,21.163507515166554
56.754,16.3111,21.08,20.321643232663114,20.053168443384024,20.779081326902016
56.735,16.2938,20.81,18.69425156531399,19.256629615121668,20.284202067090384
56.6864,16.5281,20.62,20.00091022900599,20.958063126385188,21.340377350234878
56.7842,16.7368,21.7,20.919324881077003,21.359406664356843,21.351363501577755
56.8205,16.7523,21.45,21.049220606206028,21.35164355068511,21.34711962525667
56.8193,16.733,21.34,21.060995823323744,21.523330933578514,21.324028541354398
56.8209,16.7044,21.11,21.02220638356137,21.51056625612619,21.33471300165733
56.8331,16.6548,21.45,20.841981599450293,21.507125620640398,21.32402570449207
56.8078,16.5988,21.41,21.143103669100906,21.314194170122473,21.243181395145484
56.7324,16.29,19.64,18.744654579807314,19.498641459366066,20.390580556446942
56.7198,16.3058,20.33,19.003386718835788,19.883491414833344,20.029893951542054
56.7092,16.2815,20.68,19.84240442778022,19.78177398859254,20.444748461810246
56.7088,16.2869,20.46,19.811983093990115,19.793222556888285,20.4134210156495
56.7063,16.3011,20.22,19.551189918619134,19.782955573830403,20.302430257324634
56.7028,16.3141,19.28,18.908475730074837,19.889850540729174,19.953155279873325
56.6966,16.3349,18.27,18.536826397117306,19.08644717986589,19.441869953608357
56.7005,16.3402,18.97,18.5597951244829,19.051532478288053,19.399254215691197
56.7057,16.3477,19.08,18.661831524241933,19.205091099156412,19.732068194800124
56.7035,16.359,19.18,18.67363282634864,19.256780921651416,19.708615059618612
56.6945,16.3576,19.63,18.67304378043031,19.200664140011053,19.70253797236388
56.6875,16.3566,18.54,18.70375344888318,19.161896129549287,19.67203884598712
56.6822,16.3765,20.11,19.137373821736645,19.96184427879664,19.989101601029073
56.6817,16.5239,20.77,19.952614690324868,20.95783628150657,21.16656423206111
56.7104,16.5298,21.47,21.07072084393054,21.34184432348853,21.460951990004443
56.7173,16.535,20.22,21.029253434555905,21.531563144506286,21.459126180542864
56.7255,16.5376,21.55,21.047051775771834,21.51007996477009,21.45866902591361
56.7421,16.5465,21.6,21.14683789484056,21.259042863113592,21.485603395802574
56.768,16.5652,21.52,21.22021554774349,21.49721608193472,21.52307934491233
56.7742,16.5711,20.77,21.124428187981326,21.4949835956251,21.463884001164633
56.7943,16.5653,21.62,21.35434279078326,21.568987014313123,21.413586065204907
56.801,16.5895,21.51,21.173432137816878,21.279960623730496,21.29708441964168
56.8145,16.6066,21.69,21.060817438582966,21.515161923211,21.421014484475766
56.8391,16.6225,21.67,20.973545544774467,21.40614230929537,21.489581637941757
56.8597,16.6535,21.29,20.61485774027108,20.90568649345031,21.127416955610283
52.3972,13.0485,19.39,18.566017889514736,19.281331296864124,19.28968037828404
57.3668,17.0913,21.89,21.68573319303865,21.664854277069107,21.834015856648605
57.366,17.0736,21.86,21.65433202619886,21.67963040638347,21.800552358381218
57.3492,17.0347,21.74,21.4601514483616,21.59748604364747,21.64550003300412
57.3254,17.0085,21.23,21.322276591153905,21.458233284866363,21.700598324850525
57.2989,17.0215,21.86,21.51544923911709,21.46079198729243,21.663372594257478
57.2481,17.0579,21.47,20.358944016466438,21.568992780145255,21.71703990849987
57.22,17.048,21.82,20.960781190360926,21.628924452226453,21.76813377573181
57.188,17.0303,21.74,21.046283215034173,21.619607858122937,21.769190324649056
57.0561,16.9749,21.91,21.72105408555107,21.632635772267907,21.84684091148393
57.0014,16.8324,21.72,21.055107631794968,21.591693878724808,21.727884687779543
56.9475,16.7789,21.71,20.931921051546254,21.517390167213637,21.623592703279922
56.8814,16.7191,21.3,19.32054609164945,21.333086209737917,20.729268785279732
56.456,16.4282,21.64,20.85300396558174,21.5218131032003,21.578494558694175
56.5399,16.4309,21.52,20.871302316975427,21.30048828846075,21.49433257928769
56.6192,16.498,21.12,20.291987098931177,21.01637279763333,21.06606515962896
56.6551,16.5143,21.02,20.772643904723633,20.954807442964775,21.09318900498124
40.527,-4.96761,21.5,20.818287562473003,21.193142694508424,21.219130402635475
46.8101,7.1504,19.26,18.55490486399726,18.967823591627074,18.939103274239816
50.7143,6.1881,20.19,19.62808827221575,20.04326387136352,20.208508420697047
50.7142,6.18813,20.04,19.62808827221575,19.945432226739833,19.93770280291604
52.3972,13.0485,19.21,18.566017889514736,19.23375727555149,19.113684712769903
57.045,16.8728,21.92,21.06589878370429,21.61408542282233,21.675557297697218
56.9971,16.8247,21.89,20.983747065557637,21.67951830284802,21.625278667844707
40.5302,-4.9609,21.4,20.799003466993145,21.07945204161391,21.11109084887093
52.397,13.0486,19.03,18.554281834533498,19.212153450543227,19.05630776451959
34.1042,-107.272,21.39,20.576647662007687,20.083377948093467,20.74094098119498
52.5076,1.1035,21.27,20.759113964878868,21.01473390727228,21.28747407455095
52.5075,1.1035,21.51,20.759113964878868,20.99023078670658,21.189218125867175
43.1606,-0.469295,20.83,21.006143721261587,20.9367238116307,21.004630819355096
43.1606,-0.469299,20.69,21.006143721261587,20.85603879605037,20.89915317269738
53.714,11.3729,21.14,20.899881595118092,21.21368098485583,21.422605440700806
40.9495,-3.63017,21.12,20.738871946661664,20.714952453401125,20.703164698269138
40.9495,-3.63017,21.1,20.738871946661664,20.714952453401125,20.703164698269138
56.2732,16.482,21.65,20.77372259271476,21.451934930622134,21.58764124547321
56.3949,16.546,21.77,21.03182743628536,21.3989067739185,21.533063337125146
56.4561,16.4277,21.68,20.85300396558174,21.417826419318835,21.63841999448228
56.6723,16.4301,21.14,21.124651907002075,20.145689723991417,20.611371601022434
56.6551,16.5143,21.11,20.772643904723633,20.916672214086717,21.05235558525142
43.4805,6.7297,21.84,18.879744607896022,19.57490197022825,19.495432030812065
42.87,-0.396764,21.63,21.41669235664035,21.346063017490895,21.471444702227995
47.6103,20.7283,21.04,19.96804126814868,20.985818561215755,21.20487382464741
47.6103,20.7283,21.01,19.96804126814868,21.040838611791177,21.24185313852728
43.1607,-0.469176,19.13,21.006143721261587,20.123580881461415,20.307712766787972
43.1608,-0.469127,21.28,21.006143721261587,21.0870875684521,21.19314853914016
48.7295,9.60722,20.58,19.40810456642745,19.876355546476347,20.194257050446826
-22.9044,-68.2063,21.8,18.968094147582086,20.322264111644174,20.6108741823643
43.9549,3.07128,21.59,20.803211217743122,21.07249555401651,21.31340230102823
28.6684,-17.9031,21.57,19.741120009036447,20.43751183482133,20.617434196892248
28.6683,-17.9032,21.69,19.741120009036447,20.202290632725607,20.633130573482465
28.6683,-17.9032,21.46,19.741120009036447,20.40644260010189,20.713739441529643
28.6683,-17.9032,21.49,19.741120009036447,20.002762507015678,20.287300103837854
28.6683,-17.9032,20.55,19.741120009036447,19.945841818946903,20.016172603759994
28.6683,-17.9032,19.95,19.741120009036447,19.68247572489575,19.886510135037607
28.6683,-17.9032,19.55,19.741120009036447,19.93431034018695,20.038959371803447
28.6683,-17.9032,21.6,19.741120009036447,19.928997423714392,20.296876543650832
-21.2667,55.5006,19.73,18.62946744804163,18.262628385413024,18.258647261028315
28.6683,-17.9032,20.79,19.741120009036447,19.59373247038775,20.257747161664035
28.6683,-17.9032,21.79,19.741120009036447,20.296104982626456,20.50068847956346
28.6683,-17.9032,21.58,19.741120009036447,19.80378025338335,20.33533472634477
28.6683,-17.9032,20.57,19.741120009036447,19.60897719586226,20.273134987467998
28.6683,-17.9032,19.93,19.741120009036447,19.49641927558908,20.3406178382465
28.6683,-17.9032,20.55,19.741120009036447,19.478337035471746,19.456278786966717
28.6683,-17.9032,19.2,19.741120009036447,19.43714117677289,20.12003472406969
28.6683,-17.9032,19.73,19.741120009036447,19.424728368774524,19.854654277168716
28.6683,-17.9032,18.79,19.741120009036447,18.920394790663362,19.856008574559198
28.6683,-17.9032,18.75,19.741120009036447,19.84281446200717,20.194657942583806
28.6683,-17.9032,18.8,19.741120009036447,19.952782859805936,19.771216731911807
28.6683,-17.9032,19.31,19.741120009036447,20.093861329873338,20.16931342028908
28.6683,-17.9032,18.87,19.741120009036447,19.379724692755687,19.971484929029955
28.6683,-17.9032,20.61,19.741120009036447,20.193818612747975,20.522920155127817
28.6683,-17.9032,20.31,19.741120009036447,19.59376139321281,20.016438021513785
28.6604,-17.9069,21.21,18.890689757335263,20.434078507453222,20.24193803911055
28.6683,-17.9032,21.66,19.741120009036447,20.43832793614854,20.643736376503846
28.6683,-17.9032,21.43,19.741120009036447,20.197212187104082,20.39746232818109
28.6683,-17.9032,21.49,19.741120009036447,20.293984321402597,20.416116315722267
28.6683,-17.9032,21.33,19.741120009036447,20.126590216479872,20.311864779454297
28.6683,-17.9032,21.32,19.741120009036447,20.181238862562438,20.6166962269439
28.6683,-17.9032,21.53,19.741120009036447,20.464464256449695,20.629225868802735
28.6683,-17.9032,21.63,19.741120009036447,20.363914621475573,20.583331609718638
28.6683,-17.9032,21.62,19.741120009036447,20.342229645856992,20.63259513468643
28.6616,-17.845,21.83,20.677023058162366,20.894120191644365,21.319551950450325
-23.2713,16.5018,21.85,20.5378138256115,21.444330951307258,21.306260346345454
-23.2707,16.5032,21.78,20.53709963548008,20.907465350783582,21.33885323827668
28.6683,-17.9032,21.72,19.741120009036447,20.328055077751582,20.557761088940364
28.6683,-17.9032,20.15,19.741120009036447,19.83431626794067,20.108587554796138
28.6683,-17.9031,19.37,19.741120009036447,19.555787157534482,19.987777861151997
28.6682,-17.9032,21.69,19.741120009036447,20.204372346447247,20.248240326226878
28.6683,-17.9032,21.68,19.741120009036447,20.31365433955416,20.538019166718424
28.6683,-17.9032,21.39,19.741120009036447,19.887274205282587,20.53171431695351
28.6683,-17.9032,21.53,19.741120009036447,19.767332152579442,20.013777861109062
28.6683,-17.9032,20.15,19.741120009036447,19.361352848298118,19.535598181976553
28.6683,-17.9032,17.5,19.741120009036447,18.956291790531072,19.49198103365357
28.6683,-17.9032,18.36,19.741120009036447,18.642526924831547,19.503433792978317
28.6683,-17.9032,18.05,19.741120009036447,18.672324252105287,19.582924489162526
28.6683,-17.9032,18.35,19.741120009036447,19.578179651491777,20.109209792143083
28.6683,-17.9032,18.34,19.741120009036447,19.50365097857666,19.999854156222547
28.6683,-17.9032,20.03,19.741120009036447,20.342367459444993,20.4507335788644
28.6683,-17.9032,20.47,19.741120009036447,20.379553750792535,20.583627841014447
28.6683,-17.9032,21.47,19.741120009036447,20.421091866516665,20.627169848145094
28.6683,-17.9032,21.45,19.741120009036447,20.351121174129688,20.682546451770463
28.6683,-17.9032,21.01,19.741120009036447,19.735573918205215,20.421665503989654
28.6683,-17.9032,21.48,19.741120009036447,19.899977144556807,20.574523332674225
48.6853,9.8203,20.85,19.260705879464492,20.444816462955213,20.233820031071527
48.6796,9.839,21.2,20.6875478352156,20.604629709988025,20.955253217897322
48.6879,9.82571,20.06,19.58474432387871,20.58702613686038,20.7243909880925
48.686,9.79587,19.6,19.255402799480443,20.486260110146656,20.27160053626971
48.6846,9.78325,20.64,19.396092732578218,20.313642743975116,20.37458690174291
41.223,-111.974,19.66,18.3849560844775,17.99166490451829,18.039150237999635
28.6683,-17.9032,20.01,19.741120009036447,20.079121764424006,19.99893277283067
44.0457,5.77844,20.77,19.422233965649163,20.152553827398492,19.304721107485765
28.6683,-17.9032,21.44,19.741120009036447,20.285304590374935,20.462511461912815
28.6683,-17.9032,21.29,19.741120009036447,20.02282807857322,20.280852386620325
44.0457,5.77844,21.47,19.422233965649163,20.971064918400835,20.65103646190571
52.2563,10.4151,20.54,20.557439169747372,20.246697958819713,20.837447424662574
38.686,-77.4389,17.75,18.868443164509458,18.348490500664827,17.68343375638093
41.1515,-8.55505,18.87,18.519339556390555,18.109294043519558,17.902285925009263
28.6683,-17.9032,21.44,19.741120009036447,20.33535035002434,20.578974985696327
21.2821,-157.839,16.83,18.671982709795984,18.93025093549435,18.76704803904136
28.6683,-17.9032,21.69,19.741120009036447,20.317593770124354,20.553902373382265
51.9043,-8.45894,17.68,18.471597988838813,17.474938220400258,17.583787478683394
28.6683,-17.9032,21.61,19.741120009036447,20.17063146807044,20.62312134003574
21.2821,-157.839,16.67,18.671982709795984,18.77753662560646,18.5666813486208
52.2563,10.4151,19.46,20.557439169747372,20.01081442040617,20.57315113377062
52.2563,10.4151,19.67,20.557439169747372,20.002932809054986,20.36319566781685
52.2563,10.4151,20.25,20.557439169747372,19.9065887300756,20.137271716409593
52.2563,10.4151,20.12,20.557439169747372,19.95476485704326,20.10994169885141
52.2563,10.4151,19.1,20.557439169747372,19.468034647331777,19.77139389845502
52.2563,10.4151,19.3,20.557439169747372,19.18520021171811,19.46676880011381
28.6683,-17.9032,19.4,19.741120009036447,19.500890126329267,20.238737338948262
28.6683,-17.9032,20.49,19.741120009036447,19.766196577949902,20.223957641882603
28.6683,-17.9032,18.72,19.741120009036447,19.246821639185573,20.131918054860982
28.6683,-17.9032,17.64,19.741120009036447,18.64186594610524,19.957367851492613
47.7385,9.60359,16.6,20.472022351782194,18.449272578621592,18.167596090884857
35.0592,-85.038,16.98,18.800425990486,18.58365991657886,18.325020074828206
47.6103,20.728,21.11,19.96804126814868,21.09578615353358,21.095120610963896
47.6101,20.7281,21.06,19.96804126814868,21.096109166980096,21.04918246980943
28.6683,-17.9032,17.9,19.741120009036447,19.542325726042055,20.20285501066301
54.4896,8.8778,21.85,20.812721355934656,21.343089169282017,21.695731563831895
52.9209,13.5482,21.65,21.33537317113652,20.762009637889623,21.095254444964763
28.6683,-17.9032,20.03,19.741120009036447,20.398309400150485,20.581497841143715
28.6683,-17.9032,18.83,19.741120009036447,19.39288640162335,20.134031282344885
28.6516,-17.8787,16.81,19.173005973183475,19.605375936220025,19.997797592211274
28.6517,-17.8788,16.75,19.173005973183475,19.624903684804774,19.989047055637766
28.6683,-17.9032,20.53,19.741120009036447,20.10765241651727,20.425720464797013
28.6683,-17.9032,21.07,19.741120009036447,20.104593026920096,20.337621420372837
28.6683,-17.9032,21.37,19.741120009036447,20.4573016794372,20.739601764509747
28.6635,-17.9031,21.59,19.1802906696593,20.30199248846693,20.276895700816873
28.6683,-17.9032,21.46,19.741120009036447,20.438438547006765,20.720122451390733
52.2221,8.01001,20.4,20.117792440291655,20.384135145176796,20.299480956626958
-30.5041,151.667,21.15,18.64197314946648,18.665377828179093,19.34236678143293
51.8068,-8.39021,19.69,18.718184233358997,18.937725360581254,19.766147426178247
56.6996,11.5555,21.95,21.04798793891189,21.27821375304086,21.277465150321863
51.9043,-8.45893,18.36,18.471597988838813,18.17011556741481,18.6830298413864
28.6683,-17.9032,21.54,19.741120009036447,20.11636052666454,20.4592552776972
39.2263,-84.0404,20.38,21.003648132242297,20.427921177508516,20.33917056050579
28.6683,-17.9032,21.7,19.741120009036447,20.439982188384683,20.75959256408632
51.8073,-8.38966,19.57,18.718184233358997,18.845519237238978,19.481100902298003
39.2284,-84.0443,19.2,21.018770155414494,20.419208642192743,20.31903882191313
28.6683,-17.9032,21.65,19.741120009036447,20.427717022501856,20.73928178131384
28.6683,-17.9032,21.7,19.741120009036447,20.451202532968633,20.63951461766981
51.9043,-8.45883,17.9,18.471597988838813,18.189985419505614,18.54565724760289
41.3434,21.5554,17.99,18.54775940711992,18.69491780620319,19.05175132419117
41.3444,21.5568,17.88,18.54755949812133,18.683078348361146,19.088809836147714
41.3464,21.559,17.48,18.55105449163955,18.74325222174595,19.140496035784142
41.3396,21.5511,17.18,18.548440985136434,18.694135038342395,19.08908035245769
41.3399,21.5524,17.14,18.548440985136434,18.711611836080145,19.12983916495769
41.3422,21.5569,16.45,18.54755949812133,18.689621357428877,19.097579765423905
41.3432,21.5594,17.41,18.551355280653706,18.77469845839166,19.148282698181827
41.3447,21.5627,17.9,18.554716220792614,18.760740568216338,19.12074722424349
41.345,21.5621,18.93,18.554716220792614,18.77443618269173,19.069255978053928
41.3431,21.552,16.18,18.54775940711992,18.684215408453664,18.947478214217764
41.3435,21.5554,16.12,18.54775940711992,18.71795385822565,18.988210642810575
41.3469,21.5602,16.17,18.55105449163955,18.752256598344417,19.05223989712125
28.6683,-17.9032,21.13,19.741120009036447,19.995225217849605,20.129139961345533
50.7991,7.3074,19.27,20.55191092245495,19.987037486252593,20.087882262977597
53.7431,10.2178,20.52,20.82574166238059,20.855431712560392,20.949153462622828
28.6683,-17.9032,21.55,19.741120009036447,20.408184398873495,20.671470361143175
41.1514,-8.55518,18.69,18.519339556390555,18.163554449694164,17.690245540312528
28.6683,-17.9032,21.33,19.741120009036447,20.234986676028086,20.540503013450813
50.555,9.66547,19.9,18.619128069678304,19.49612820018954,19.39862383027703
41.312,0.991601,21.3,19.841785248966655,20.655457865774256,20.706235140985964
41.3085,0.971276,21.47,21.03826440852326,20.697565268529846,20.861231260953385
48.5118,-2.75661,19.5,18.475985530260072,18.554954928518182,19.147250573995855
50.7584,6.99909,19.57,18.791523478668317,19.525632762321894,19.51063793231362
52.4592,1.713,20.58,19.18265261347742,19.7025430479829,19.992932409411026
52.2531,-8.36022,21.61,20.958544941844682,21.326899836976818,21.492795656868854
41.1514,-8.55525,18.6,18.519339556390555,17.617518294847073,17.747536084856897
51.9044,-8.45891,18.45,18.471597988838813,18.127546421892184,18.62201894281791
41.347,21.5603,17.16,18.55105449163955,17.70808409703465,18.80797379054715
41.3445,21.5569,16.03,18.54755949812133,17.719563628136324,18.670378466829607
41.343,21.5521,17.5,18.54775940711992,17.750902280998986,18.631284875908204
41.3424,21.5575,16.9,18.551355280653706,17.705954026969295,18.3448353158288
41.3435,21.5602,16.8,18.549970031070377,17.70007819363596,18.33580583008992
28.6683,-17.9032,21.53,19.741120009036447,20.364023143755386,20.516269292115737
52.2534,-8.36067,21.52,20.958532654938292,21.24615540856079,21.45872012528121
39.2284,-84.044,16.72,21.018770155414494,20.0978742269947,20.303175126033253
28.6683,-17.9032,21.64,19.741120009036447,20.19786392944794,20.4110549285986
48.7294,9.60723,20.64,19.432342265721058,20.272325241413192,20.27692026887188
28.6683,-17.9032,20.81,19.741120009036447,19.513349724517493,19.811619884784047
52.2221,8.00997,20.65,20.117792440291655,20.00591210866234,20.149296329183922
50.6463,6.18987,19.86,20.07145392569827,20.501974440763156,20.71242728508282
28.6683,-17.9032,20.04,19.741120009036447,19.51946709300842,19.861707201273102
51.9044,-8.45898,17.76,18.471597988838813,17.478003739385578,17.392292693704697
28.6683,-17.9032,18.71,19.741120009036447,19.25017313262269,19.789207881421397
51.9044,-8.45894,18.35,18.471597988838813,18.046753610590702,18.048484959918802
39.2284,-84.0443,16.13,21.018770155414494,17.612348688209675,18.08675871032829
51.807,-8.3903,17.78,18.718184233358997,18.057364124953555,18.463898241981017
51.8073,-8.39037,16.51,18.718184233358997,17.5653455807735,18.772013384126257
28.6683,-17.9032,20.64,19.741120009036447,20.45209317868405,20.607591818198387
28.6681,-17.9029,20.47,19.741120009036447,20.009148526083976,20.248039655583554
49.0923,2.28881,18.5,19.827804241184154,19.131323927898077,19.359579381890256
28.6683,-17.9032,21.6,19.741120009036447,20.327405168984036,20.484640166009147
28.6683,-17.9032,21.25,19.741120009036447,20.110340314636804,20.36457986344273
28.6683,-17.9032,21.57,19.741120009036447,20.449372314657527,20.625248750630576
28.6683,-17.9032,21.49,19.741120009036447,20.372486024645955,20.572354404899226
51.8068,-8.39021,17.74,18.718184233358997,17.581539875580003,18.47842807996486
28.6683,-17.9032,21.7,19.741120009036447,20.445265711954672,20.586939760173724
47.6101,20.728,21.12,19.96804126814868,21.065346091814618,21.115472552255767
47.6103,20.7284,20.85,19.96804126814868,21.052841447523857,21.115562222570716
28.6683,-17.9032,21.06,19.741120009036447,20.3594009832936,20.638428736818494
41.3435,21.5538,17.17,18.54775940711992,18.264666718791904,19.204847199741305
41.3444,21.5419,18.77,18.57230377073661,18.67913135115228,19.29593548387908
41.3437,21.551,18.44,18.54775940711992,18.593982834720915,19.199022602945373
41.3447,21.5614,17.87,18.554716220792614,18.205559678577814,19.232434815509126
41.3459,21.5621,18.87,18.558615822810506,18.232078555060806,19.24306116348392
28.6683,-17.9032,20.86,19.741120009036447,20.01008212538417,19.989827246655175
51.9084,-8.45732,17.45,18.472853076536822,17.28584496463654,17.594247430091663
51.9084,-8.45732,18.78,18.472853076536822,18.32145445675928,18.746984007217687
45.5647,5.89931,19.73,18.601148204985,18.64468413384756,18.4051948108229
41.3441,21.5528,18.02,18.54775940711992,18.571631564700866,18.907695041184194
28.6683,-17.9032,21.05,19.741120009036447,19.942444998279694,20.388280771762165
41.3441,21.5528,17.76,18.54775940711992,18.7465436779091,19.12533561263783
41.3479,21.5489,17.57,18.567248460402237,18.68113485541268,19.07111595946228
46.2478,7.02684,20.5,19.71838102174055,20.33897702359036,20.25924425646826
52.2221,8.00998,20.42,20.117792440291655,20.30166549749544,20.337648810112807
52.921,13.5482,21.42,21.33537317113652,20.730749371472474,20.891263505123128
52.6304,13.3185,19.45,18.730402995614266,18.84475186390145,19.098617907563987
28.6683,-17.9032,20.73,19.741120009036447,20.448980828643542,20.57890017900756
28.6683,-17.9032,20.83,19.741120009036447,20.22566517546578,20.557446585625236
48.4959,-2.74147,19.2,18.66996084331422,19.663300226143512,19.732936480097557
48.4915,-2.72871,19.2,19.025038623667808,19.666672124200055,19.953466644058736
48.4969,-2.72756,18.1,18.882342833216118,19.64067332048487,19.847873055915997
48.4989,-2.71342,19.2,19.609712720499825,20.417868071442765,20.819267492932667
48.48,-2.71028,19.85,20.373583068306868,20.64298194518471,20.898471987432373
48.4881,-2.75101,18.8,18.949608962345334,19.657125615556737,19.848451877818306
48.5058,-2.75898,18.5,18.524021924026027,18.655038275955757,19.227724631428607
51.6133,-0.242278,18.17,18.620599161953518,18.575096148624127,18.53825410231974
28.6683,-17.9032,20.6,19.741120009036447,20.31938718855777,20.497921099558177
28.6683,-17.9032,20.56,19.741120009036447,20.080635017307344,20.55271962848164
51.8635,-8.44511,17.29,18.63275694964095,18.697121768683576,18.752866417780325
28.6683,-17.9032,20.57,19.741120009036447,19.743624654137246,20.176048800203894
28.6683,-17.9032,20.53,19.741120009036447,19.877130223045754,20.435543383725882
52.253,-8.36083,21.1,20.958532654938292,21.200458676129767,21.19262605408922
51.8635,-8.44511,19.37,18.63275694964095,18.883991629100276,19.051521519761227
28.6683,-17.9032,20.09,19.741120009036447,19.818938198047405,20.0879320255251
51.8635,-8.44511,17.67,18.63275694964095,18.704368604449254,18.56461005667974
28.6683,-17.9032,19.33,19.741120009036447,19.400117667198586,20.08065370336225
28.6683,-17.9032,19.74,19.741120009036447,19.52427795103205,20.03131587954812
51.8635,-8.44511,16.42,18.63275694964095,17.735119831090127,17.60592794673405
51.8635,-8.44511,16.25,18.63275694964095,17.755547995971074,17.479894831565264
51.8635,-8.44511,17.75,18.63275694964095,18.74103981482162,17.82703812680882
28.6683,-17.9032,16.98,19.741120009036447,19.211465504395584,19.82084065813287
51.9043,-8.45891,17.51,18.471597988838813,17.994877725796293,17.85263564072974
28.6683,-17.9032,18.83,19.741120009036447,19.791896336246808,20.154544561424416
28.6683,-17.9032,18.61,19.741120009036447,19.328351236996312,19.908607201468843
28.6683,-17.9032,21.03,19.741120009036447,20.435967232972388,20.529222048095978
28.6683,-17.9032,20.08,19.741120009036447,19.75981592827351,20.164292834352516
28.6683,-17.9032,20.46,19.741120009036447,20.44792601530117,20.57618621692483
28.6683,-17.9032,20.09,19.741120009036447,19.70081355530632,20.213443868514045
28.6683,-17.9032,19.72,19.741120009036447,19.554592571192224,19.86192144522674
51.9207,-8.40631,19.42,19.10633046362657,18.676167339210338,19.19918951090903
51.9213,-8.40714,19.42,19.130885096721496,18.667678412442662,19.19918951090903
51.9207,-8.40631,16.79,19.10633046362657,17.97651071616999,18.380261580242323
28.6683,-17.9032,20.84,19.741120009036447,20.45501598840939,20.52627038272969
28.6683,-17.9032,20.54,19.741120009036447,19.867303236289303,20.40661793504697
28.6683,-17.9032,21.18,19.741120009036447,20.342014518994436,20.56331852325935
28.6683,-17.9032,21.03,19.741120009036447,19.89056096161771,20.482240169289376
28.6683,-17.9032,20.35,19.741120009036447,19.82192442395442,20.33271662937229
33.4277,-112.4,17.62,18.623746476404897,18.157362817500744,18.268993978713002
28.6635,-17.9031,21.15,19.1802906696593,20.272780435352626,20.23524466560171
28.6683,-17.9032,21.11,19.741120009036447,20.341102366802534,20.69720644227059
28.6683,-17.9032,20.74,19.741120009036447,19.86646794025031,20.53588610131693
28.6683,-17.9033,20.96,19.741120009036447,20.435319318893058,20.64054792058054
28.6683,-17.9032,21.1,19.741120009036447,19.973181221425058,20.612489321463716
28.6683,-17.9032,21.41,19.741120009036447,19.933579722596583,20.612694071170214
47.6101,20.728,21.2,19.96804126814868,21.005155749997925,21.067900425475536
28.6683,-17.9032,21.41,19.741120009036447,20.359483902345804,20.605610486832827
28.6683,-17.9032,21.03,19.741120009036447,20.081684821054242,20.570815113640787
28.7705,-17.9331,21.5,21.03225989106892,21.369935744090807,21.50322219089557
28.7705,-17.9331,21.6,21.03225989106892,21.36662467213297,21.41074691362766
28.7705,-17.9331,21.5,21.03225989106892,21.367937478604922,21.486130871025487
35.4466,137.885,21.37,21.08154453035199,19.82610126032633,19.463437133785686
35.5134,137.877,20.09,19.831310585837766,20.224849059167717,20.627975773085232
28.6683,-17.9032,21.06,19.741120009036447,20.374114847093423,20.615400165728545
28.6683,-17.9032,21.03,19.741120009036447,20.08388054376638,20.572247148119647
-30.5042,151.667,21.9,18.64197314946648,18.687794005632135,19.34222704667865
28.6683,-17.9032,21.72,19.741120009036447,20.46307993225062,20.617689800817757
28.6683,-17.9032,21.34,19.741120009036447,20.182652806994028,20.61326516150524
28.6683,-17.9032,21.21,19.741120009036447,19.87702889911347,20.528660758773917
28.6683,-17.9032,21.72,19.741120009036447,20.449509284344277,20.661411337966413
28.6683,-17.9032,21.67,19.741120009036447,20.345763317979877,20.573005224629004
50.4185,-5.04391,18.52,19.09338541974168,19.652384763585307,19.952653687430917
-30.5046,151.668,21.84,18.64197314946648,18.788725065875404,19.44609836122666
28.6683,-17.9032,21.33,19.741120009036447,20.128741669965688,20.438071610713198
28.6683,-17.9032,21.49,19.741120009036447,20.12760522543799,20.404153509444395
28.6683,-17.9032,21.18,19.741120009036447,19.576901754428096,19.918716555294377
28.6683,-17.9032,21.14,19.741120009036447,19.723059731068926,20.306761924565667
28.6683,-17.9032,20.22,19.741120009036447,19.542093953655723,19.979045691278785
28.6683,-17.9032,20.76,19.741120009036447,20.035235986582048,20.075245658090584
28.6683,-17.9032,21.55,19.741120009036447,20.338452235102398,20.538888693566683
28.6683,-17.9032,21.6,19.741120009036447,20.206351927802668,20.393314218005905
28.6683,-17.9032,21.54,19.741120009036447,20.215477388920316,20.588250058576694
52.5075,1.10379,20.7,20.759113964878868,20.72326985681843,21.058563858753317
28.6683,-17.9032,21.65,19.741120009036447,20.321986100749378,20.440578792290047
28.6683,-17.9032,21.63,19.741120009036447,20.20819311307494,20.612486845156585
51.887,-8.4282,16.24,18.57508784764882,17.579420405396654,17.94995983913211
33.5061,-111.902,18.3,18.47601145716969,18.31066133368176,18.121247805677772
51.9045,-8.45892,17.6,18.471597988838813,18.052466895024555,17.123148870554918
51.9044,-8.45888,16.93,18.471597988838813,17.657463016162936,17.526801328023378
51.9044,-8.45884,18.09,18.471597988838813,18.015385921764132,18.20744059030569
51.9044,-8.4589,17.9,18.471597988838813,18.15256520684303,18.681628053226024
51.9044,-8.4589,16.33,18.471597988838813,17.489388773551106,17.65003328218162
28.6682,-17.9031,21.49,19.741120009036447,20.447516323596677,20.553772756210314
38.8878,-119.82,21.35,20.84034766826004,20.894900496386725,20.87357844514783
51.9044,-8.4589,17.24,18.471597988838813,17.618783081666507,17.951523220204553
28.6683,-17.9032,21.58,19.741120009036447,20.439113598605505,20.610977185097106
28.6683,-17.9032,21.24,19.741120009036447,20.34944871043283,20.548618301815786
51.9044,-8.45891,17.71,18.471597988838813,17.444618757583616,17.67179361663649
51.9044,-8.45894,16.02,18.471597988838813,17.44392385331774,17.715208448430555
28.6683,-17.9032,21.14,19.741120009036447,20.111283051151922,20.362770173446382
28.6683,-17.9032,21.3,19.741120009036447,20.254575936830772,20.355315179474523
28.6683,-17.9032,21.48,19.741120009036447,20.436863609801158,20.53328540164391
28.6683,-17.9032,21.31,19.741120009036447,20.334125960120076,20.55237159829495
28.441,-16.2975,17.4,18.547158799632456,18.14313785261943,18.27032791815693
37.5373,15.0625,18.45,18.519339556390555,17.95867762301225,18.251375658684736
59.3428,17.8821,18.4,18.605643429461193,18.977504934461475,18.931137035600628
42.6318,-98.6943,21.33,20.8514906633525,21.18161145439149,20.915735136958077
47.6101,20.7278,21.05,19.96804126814868,20.60638313733913,20.93843456433178
47.6101,20.7281,20.25,19.96804126814868,20.09201679765956,20.740691982496728
45.7688,1.05404,21.15,21.10368316341851,20.99888923160571,20.99651093343853
33.3369,-111.425,20.67,19.68686000831641,20.282569665873964,20.21073214619093
34.2365,-110.084,17.78,19.586535818495392,20.19164191097792,20.40115363205255
43.1689,12.7967,20.7,19.771640375758555,21.009572012160255,20.90388444564139
38.2656,-1.23829,20.8,21.160234680540164,20.90439458933304,20.867233272916717
51.0529,3.65084,19.4,18.800962994303852,19.27712240130573,19.126536655343834
28.6115,-81.8454,18.71,19.69235112950019,18.868738439953813,18.776553204864744
46.8848,7.50069,18.42,18.833137141208645,19.092443932283533,19.529430923704417
32.6103,-110.798,20.98,19.61336955725666,20.540040801659366,20.630455609265443
33.9802,-116.502,19.4,18.8813900263142,19.447289182214504,19.56793320748627
33.9802,-116.502,19.4,18.8813900263142,19.416381893420063,19.50605667530708
1.34853,103.96,20.14,18.547359684395087,18.31802928189692,18.332746662372987
48.2443,14.6427,16.82,18.848945714722404,18.65035873729973,19.27285289727623
41.7929,-87.6428,16.94,18.47066306899538,18.1110431508114,17.441764315191755
41.8431,-87.7211,16.81,18.47066306899538,18.308284227567537,17.439987486046732
41.9371,-87.6805,17.25,18.47066306899538,18.082242959187308,17.41662529501018
41.9283,-87.6394,16.31,18.478352486878922,18.48372852384801,18.005246009652776
47.6101,20.7279,20.69,19.96804126814868,20.427260797200464,20.769925641900393
32.6859,-117.183,21.04,18.798484434917007,18.738448263427436,18.846619891153356
40.0122,-105.281,17.84,18.441373262366675,18.217938874746483,18.474534247391944
41.5756,-93.6676,19.71,18.570908931595724,18.495114709006508,17.88925753224469
47.6102,20.7281,20.75,19.96804126814868,20.560556329099786,20.933370484610172
45.4862,-69.6333,21.78,21.280584012660256,21.12849358012746,21.188005494109433
30.0509,-104.227,21.3,20.586629928178755,21.422765923504304,21.49267586364178
52.3972,13.0486,19.38,18.554281834533498,18.699183286309093,18.96233033784025
37.9655,-122.01,22.04,18.83587263016439,19.200824766449163,19.07988538129116
48.2245,11.6758,19.6,18.996619346035402,18.422095171369318,19.50053805096877
38.8878,-119.82,21.12,20.84034766826004,20.890284913325885,21.097915174341754
48.2123,11.6735,19.61,19.336874583595986,19.810216792078815,19.787999904344208
48.2245,11.6758,19.84,18.996619346035402,19.502436905594287,19.86975734559578
-26.6362,153.043,20.22,19.08625782192474,19.724719486917238,19.596920079529426
-26.6131,153.002,20.7,20.194191699627375,19.952089118852147,20.297186910768172
-26.6201,152.88,21.38,20.764317608261962,20.808326538778864,20.937521303991147
-26.6241,152.866,18.82,20.29065023431854,20.947927892473967,21.20805155455801
-26.6487,152.813,21.62,20.896380338675367,21.084629796589198,21.279212496016818
-26.6486,152.813,21.64,20.896380338675367,21.10778085246162,21.2725114867864
-26.6308,152.767,21.58,20.87275465491058,21.150698022504738,21.24294810941722
-26.587,152.738,21.68,20.842721427660432,21.317917226065063,21.3404258929623
-26.5968,152.728,21.29,20.770529633839512,21.335868814608457,21.332864882546062
-26.6032,152.725,21.57,20.761111814327585,21.30475610197803,21.32984817302991
-26.623,152.69,21.62,20.976800265094607,21.273103060282132,21.369990639212958
-26.6403,152.686,21.62,20.921068725210628,21.26533106298015,21.337099514843402
-26.6782,152.681,21.59,20.78261198952329,21.263706579530513,21.345202440846144
-26.7125,152.701,21.68,20.727047552201086,21.132258992700176,21.246327588394173
-26.7309,152.725,21.52,20.774718116552464,21.147684449019362,21.24728444776006
-26.7329,152.752,21.6,20.84345837287819,21.026982357049587,21.259934858252635
-26.7161,152.775,21.6,21.041399918218893,21.16665571873897,21.276063282867256
-26.7097,152.806,21.56,20.934104796304737,21.08613871210064,21.25750026880072
-26.7152,152.816,21.58,20.880585240188125,20.993904292851717,21.132881790578885
-26.7273,152.817,21.57,20.84451653128599,21.026088555363444,21.14171006998886
-26.7406,152.82,21.57,20.839992176179422,20.8688310847551,21.059213838694475
-26.7603,152.81,21.54,20.8896066826156,20.826834278490114,20.78338839791941
-26.7596,152.865,21.41,20.167943928969912,20.675655241883806,20.72146623836492
-26.7504,152.822,21.52,20.82889172470054,20.890430223180136,20.999102146571204
-26.7591,152.865,21.41,20.167727796918243,20.705825338259036,20.72123697555974
-26.7542,152.832,21.44,20.36000469774416,20.824285569686907,20.867399242408382
42.7763,-73.7367,18.09,18.786437508279704,19.17917477376929,19.25461679137679
35.5437,-120.722,20.61,19.158427584466647,19.553137997650335,20.287376604482677
48.2247,11.6757,19.67,18.880675938334225,19.506262903789263,19.861791731816872
42.0408,-91.6133,18.94,18.64286401752864,19.00524624504164,18.807441623468183
42.0417,-91.6132,18.79,18.755815662571273,19.14832132297801,19.002308382043594
42.0413,-91.6169,18.74,18.654504308428233,18.98349750819994,18.876045710136726
40.1879,-92.5855,18.59,18.589783524463073,18.008216374244288,18.59400237006927
40.1882,-92.5855,18.53,18.589783524463073,17.983638259817045,18.32937301656405
40.188,-92.5856,17.62,18.589783524463073,18.026167757133607,18.423667974991794
47.6102,20.728,20.87,19.96804126814868,20.417404900614294,20.94261238512651
47.6104,20.7283,20.9,19.96804126814868,20.962017055145374,21.068669250065646
42.4966,-71.5843,19.98,20.165416634486732,20.297962172559238,20.370310519475993
62.3497,22.2367,21.2,21.082803970982834,21.53655032448496,21.196901699173456
-34.8815,138.643,18.99,18.613133814110483,18.173163096970413,18.08839188875588
37.7396,-121.426,21.18,18.491469615854186,18.384893053781468,18.344234458061404
54.3171,9.95948,19.85,21.025967579302815,21.08884129261608,21.08778580246412
54.4386,18.5688,18.76,18.55621848399247,19.023668256551233,19.251784059624374
54.4265,18.5805,19.09,18.525755136564936,18.973498312112476,19.193939224750817
54.4304,18.566,18.8,18.531612326452798,18.943330378709682,19.134880242187794
54.436,18.5594,18.7,18.53575894320976,18.956826637511085,19.158220351685127
54.4569,18.5322,18.82,18.829112274353328,19.365084404293544,19.505853291898294
44.4687,26.1528,18.1,18.519339556390555,18.492427263032813,18.335687698344547
-37.7715,145.037,18.65,18.590541555906405,18.446945814490306,17.658644790206342
40.6114,-108.945,22.06,20.846236417503164,20.34872552618295,21.000609465306443
52.1856,10.5276,20.1,19.812327030219038,20.10509482083224,20.21694157861845
51.8451,7.82096,20.33,20.069436969764958,20.58315165038277,20.717555664426726
44.8277,-92.9438,19.64,18.604784968792558,19.30977127451441,19.121207952789366
42.5756,2.18124,21.4,21.109579989675453,21.160766866034677,21.172045033831147
43.0928,-89.2195,17.62,19.089550367202417,19.526228818152205,19.675376369525495
38.7282,-27.2165,21.19,20.927221460992765,20.88212291790484,21.12512956022745
51.23,3.74823,19.8,19.308279355908084,18.75605120497803,19.65265846568067
47.6103,20.7283,20.85,19.96804126814868,20.82709739823616,20.94212657579695
46.3072,16.3944,20.33,19.36422938765221,20.077417935215372,20.14638719211596
-46.9058,168.138,21.7,21.671970225144715,21.265518856139657,21.250537188860687
-46.9007,168.146,21.92,21.77338546118394,21.2674785594273,21.262076716869363
-46.9023,168.125,21.79,21.577199306612876,21.268364761270306,21.234711384152273
-46.901,168.124,21.48,21.53861336710764,21.2692253151195,21.005083033995344
-46.8935,168.126,21.67,21.518602888372,21.27076043583008,21.071501204895785
-46.8916,168.131,21.61,21.61898046986466,21.266977224836893,21.030749309917827
-46.8799,168.128,21.55,21.674289694414146,21.25744524325889,21.02086120902661
-46.8635,168.123,21.51,21.75476444296119,21.242074749201052,21.109592983953686
27.0202,128.447,21.65,20.703327797920164,21.17574808602512,21.256126775718513
52.3972,13.0486,19.37,18.554281834533498,18.49151744934159,18.94643991917931
51.2814,7.30426,19.6,19.240265139560513,19.423769777790216,19.581662498874213
37.6298,-106.675,21.27,21.037604635892762,21.13914988958958,21.458439086605143
34.6043,-93.2025,21.14,21.315343759713507,19.336651633841253,19.640458656565073
29.322,-103.609,21.49,20.368620763321008,19.08027947062904,19.49782032358933
29.322,-103.609,21.49,20.368620763321008,19.3564734452634,19.45766627226986
47.6103,20.7281,21.07,19.96804126814868,20.873745560453717,20.88020734146281
43.3725,-78.3396,21.09,21.321063218338487,21.31241390125053,21.315060772157775
-26.7586,152.854,18.32,19.52789129168504,20.658762505188395,21.182989461562265
-26.755,152.855,19.17,19.53127591451016,20.620170834876834,21.226435144771244
-26.6344,152.686,21.42,20.93829640905629,21.207501584385486,21.399097730131523
-26.7585,152.865,21.17,20.16853503706384,20.7127958338667,20.978357375720115
40.5214,-108.959,21.76,20.519481695457515,21.276898797770492,21.441614537095855
-26.6517,153.094,19.32,18.57676751770978,18.191240687023985,18.81489374837109
47.6104,20.7284,21.02,19.96804126814868,21.047451716544142,21.144000536528726
-34.9441,138.61,19.05,18.53276558535389,18.49946505432431,18.30029713682515
-1.32227,36.8289,20.05,18.401821378816628,17.594908533445185,17.011954774262396
-26.7776,152.845,21.11,20.804248474365508,20.61784403064124,20.994083180749442
-26.6507,153.088,18.44,18.557583543501256,18.5239449033773,18.964727542879366
-26.656,153.07,19.41,18.46799822032216,18.280221336625935,18.64321509871818
-26.6619,153.063,19.65,18.564839482207475,18.408436103205762,18.872329251386248
-26.6627,153.029,20.05,18.92232655807629,19.515313531237688,19.59261389424882
-26.6715,153.011,20.02,18.987758604715356,19.405600401910036,19.797649820669733
-26.67,152.985,20.52,19.604787436223198,20.086560024723685,20.390787342103245
-26.6723,152.971,20.55,19.295399759038418,20.000880471071632,20.275420071184847
-26.6909,152.948,20.71,19.44865906274697,20.242619071999243,20.418163662928812
-45.0456,169.21,18.22,19.84859668047208,20.238030904171993,20.257416531508873
-36.6973,174.759,19.42,18.847218368313317,17.265764482263815,18.308532268873115
-37.6959,143.974,21.05,20.997497977486802,20.798411692160826,20.908547817100033
-26.6509,153.092,19.48,18.59807557043699,18.414906782251116,19.017984503603394
47.6103,20.728,21.22,19.96804126814868,21.084514718173917,21.1245723965847
47.6104,20.7283,21.24,19.96804126814868,21.090997924291855,21.31600845823295
47.6101,20.728,21.07,19.96804126814868,21.066892188015505,21.19177339705353
42.5606,2.16042,21.64,21.028850246013825,21.127911066003257,21.343809603124672
-26.651,153.091,19.77,18.59807557043699,18.835042576243048,18.910696078045376
45.7688,1.05387,21.28,21.10368316341851,21.056118836388855,21.114641168466374
41.6862,-72.5451,17.93,19.382189425187224,19.676274842398378,19.645535450976382
51.2681,3.75553,20.2,20.28587355247532,20.38981583516102,20.547282859634198
51.267,3.68974,19.8,20.626085681170554,20.433726513562604,20.623606346566522
46.3835,16.6753,18.36,20.798496025374863,20.702604385522157,20.481077614522707
48.7293,9.60728,20.59,19.432342265721058,20.35978723325736,20.334472214721377
48.7293,9.60728,20.71,19.432342265721058,20.3085535551185,20.345128225053887
48.7293,9.60728,20.69,19.432342265721058,20.313384547397387,20.335626171991848
48.7293,9.60728,20.67,19.432342265721058,20.30325768592553,20.324562060376017
48.753,9.57022,21.03,20.535800910124603,20.625340409192976,20.673137743021893
48.7293,9.60728,20.39,19.432342265721058,20.13942917196331,20.20867979226361
48.7293,9.60728,18.55,19.432342265721058,19.184841020285546,18.808988988907775
48.7293,9.60728,20.55,19.432342265721058,20.240261233675483,20.31166811696161
48.7293,9.60728,18.44,19.432342265721058,20.168026031425896,19.770104321738234
48.7293,9.60728,20.75,19.432342265721058,20.238365526088504,20.353401981921042
48.7293,9.60728,20.55,19.432342265721058,20.08466192228834,20.271649696381598
48.7293,9.60728,20.57,19.432342265721058,20.10212820414327,20.2786196454972
48.7293,9.60728,20.73,19.432342265721058,20.30307191749236,20.421462620413276
48.7293,9.60728,20.06,19.432342265721058,20.294649770757687,20.396217755866118
48.7293,9.60728,20.46,19.432342265721058,20.25159671169216,20.329479352642423
54.9368,8.3233,20.39,20.868455005459193,21.246432364896982,21.30832570228731
51.2297,3.67894,20.2,19.472699686653108,20.382396957069535,20.382324315563746
51.2358,3.47395,20.64,20.049189079765256,20.17170367566396,20.047956975098153
51.2285,3.48234,20.48,19.85577638629249,19.98027890083668,19.97620655811236
51.2152,3.50531,20.35,19.27180241236084,20.030919205146905,19.992650733249835
51.21,3.50385,20.27,19.238217765379563,19.88722824025474,20.023451406081207
51.2038,3.51001,20.25,19.04950013120317,19.90067159029533,19.96277749671552
41.8991,-85.8573,20.71,21.26130138390828,20.832942912548546,20.874598443017586
51.2297,3.67895,18.11,19.472699686653108,19.26106470703398,18.77514019965745
46.4678,6.92124,21.04,20.202864299734454,20.2572174865251,20.21096180228133
46.4617,6.84196,20.16,18.712425558422495,19.174017965261918,19.537959802394052
-26.6493,153.09,18.92,18.606170931146853,18.62497331387207,18.76048591588137
54.05,-9.60864,21.77,21.363524937882744,21.166312578770675,21.366000413453623
42.57,-71.3676,19.92,19.475996026558484,19.161618106165086,19.654825379869642
53.8853,-9.54637,21.39,19.930916626596606,21.43222928526711,21.661005979146392
-26.6546,153.104,19.81,18.74080262427596,19.273137361743775,19.102056799444277
-26.6139,153.102,20.38,19.51166674089366,20.014669047004144,19.904388923003474
-26.5888,153.096,20.55,19.698670764461006,20.077690546194425,20.031763307800233
-26.5526,153.098,19.7,19.260790831762364,19.93961425726816,20.08116086881453
-26.6371,152.846,21.25,21.132228272786257,20.889576146761275,21.08459010191656
-26.6302,152.769,21.41,20.8792199273446,21.087470172059046,21.278311633791404
-26.613,152.699,21.44,21.162981477822722,21.209194197109092,21.40326321522069
-26.7037,152.685,21.42,20.733253929092804,21.09007646333779,21.25680258760051
-26.7294,152.72,21.42,20.762366412577748,21.096226893061562,21.238420439323953
-26.7332,152.751,21.42,20.84345837287819,20.972232344976433,21.22768773542576
-26.7602,152.81,21.34,20.8896066826156,20.807423871316608,20.893254953356056
52.6304,13.3185,19.88,18.730402995614266,18.759928151458197,19.42116686922316
51.1513,4.46802,19.3,18.487588062412872,18.947845389591205,18.56324679730061
50.9601,4.49202,19.1,18.654430845946152,18.415809297369634,19.047209269889898
52.9212,13.5474,21.72,21.33537317113652,20.787674070223478,21.150622578007972
52.977,-1.08769,19.25,18.75359295379924,19.2182977086203,19.17349920017536
51.865,-8.41492,19.7,18.697350284564422,18.95887928278305,19.36177050330324
46.0663,14.5108,19.03,18.519339556390555,18.157352950851045,18.22754786712171
47.6101,20.7281,21.11,19.96804126814868,21.0841792307015,21.12720888647229
47.6102,20.7282,20.83,19.96804126814868,21.054010083588977,21.063738138000375
47.6101,20.7278,21.2,19.96804126814868,21.0756672727612,21.124336324443277
-34.8717,138.648,19.15,18.61456827555708,18.377050551998437,18.229254208850268
-34.8817,138.641,19.11,18.59650949963244,18.88673046999076,18.439388964356105
46.7737,7.15864,18.05,19.148245006408043,19.763747404653284,19.876590961417325
52.6304,13.3185,19.65,18.730402995614266,18.97748684791242,19.222293678151843
24.3831,35.0467,21.8,20.34867423741093,21.25952640770402,21.321675206783976
52.2221,8.00997,20.6,20.117792440291655,20.44553248718243,20.41016480243953
52.2221,8.00997,20.68,20.117792440291655,20.401014231956044,20.482171686137903
52.2527,8.32347,21.1,20.85128071100656,21.30321103325866,21.471253280872094
52.2527,8.32343,21.15,20.85128071100656,21.314665419957947,21.443396539693694
51.3006,7.08813,19.84,19.04672123815134,19.555979937026216,19.779473275318452
28.6683,-17.9032,19.15,19.741120009036447,20.00178520029973,20.136889406767217
28.6683,-17.9032,21.84,19.741120009036447,20.22778746860946,20.527795606078097
28.6683,-17.9032,21.42,19.741120009036447,20.45802207350979,20.604389913449758
28.6683,-17.9032,21.78,19.741120009036447,20.085061700961152,20.406257676623945
28.6683,-17.9032,21.64,19.741120009036447,20.423554081083562,20.655957009483565
46.7738,7.15867,18.51,19.148245006408043,19.9836151924906,19.906227725646918
28.6683,-17.9032,21.91,19.741120009036447,20.356660331322864,20.565484737920166
46.251,16.5942,20.75,19.88787511362438,20.961280383164222,20.978656146507202
46.2499,16.6182,19.25,18.953952033233726,19.92442784061248,20.40843038366742
28.6683,-17.9032,21.88,19.741120009036447,20.321577327343274,20.461461198950833
54.0646,-9.62053,21.71,21.36480130571022,21.47499427826026,21.54897660402203
54.0571,-9.60241,21.67,21.430704677405142,21.177102414965198,21.351090141130435
46.2973,16.3382,18.92,18.47066306899538,18.096622416530423,18.549939224865867
46.3081,16.3377,16.25,18.47066306899538,18.056653480881078,18.327655160812363
28.6683,-17.9032,20.91,19.741120009036447,19.925048155403264,19.977398644116292
52.4163,13.5397,19.27,18.427077812971422,18.6499074331647,19.224425505332206
52.4163,13.5397,19.07,18.427077812971422,18.64806785801048,19.070548848807476
28.6683,-17.9032,20.53,19.741120009036447,19.739999553669247,19.84171691951398
46.7737,7.15867,18.22,19.148245006408043,19.659850371127206,19.726099839297678
28.6683,-17.9032,20.17,19.741120009036447,19.511031113154942,19.831835134369218
51.4556,18.6875,21.44,20.911766599517588,21.289175759748414,21.365425362052886
51.4681,18.7078,21.37,20.945569763617854,21.09925099298677,21.276290443221132
46.7737,7.15868,17.99,19.148245006408043,19.173904396772915,19.143395659208544
28.6683,-17.9032,19.84,19.741120009036447,19.274421126018193,19.776934501807904
28.6683,-17.9032,18.8,19.741120009036447,19.032341005159125,19.338935552218008
28.6683,-17.9032,18.15,19.741120009036447,18.667295128797548,19.61212042739579
28.6683,-17.9032,17.41,19.741120009036447,18.658941110940404,19.582871061507195
28.6683,-17.9032,17.18,19.741120009036447,18.64945227285447,19.480750326958553
28.6683,-17.9032,16.93,19.741120009036447,18.62280026750688,19.33965661679187
46.7737,7.15866,16.83,19.148245006408043,17.94554918597935,17.665461311076186
46.7737,7.1587,16.61,19.148245006408043,18.20491445112599,18.593395439650976
28.6683,-17.9032,17.43,19.741120009036447,19.236246049289356,19.73527974362734
28.6683,-17.9032,16.63,19.741120009036447,19.262590712842357,19.767071973492136
28.6683,-17.9032,17.38,19.741120009036447,19.372388541998042,19.868373361023593
28.6683,-17.9032,18.22,19.741120009036447,20.02621103910725,20.122599571119803
41.0281,-6.94123,17.55,19.29015149124769,17.839778611660414,17.896689117896823
28.6683,-17.9032,20.08,19.741120009036447,20.283650596669265,20.358941717698016
28.6683,-17.9032,21.62,19.741120009036447,20.30228287774144,20.408916401412334
40.05,-105.109,19.66,19.933297547780874,19.59219392629274,18.917314195712695
28.6683,-17.9032,21.36,19.741120009036447,20.387908989260232,20.551135620871776
28.6683,-17.9032,21.23,19.741120009036447,20.312614162782054,20.449001936536536
28.6683,-17.9032,21.41,19.741120009036447,19.867076372036202,20.46946746272152
46.2975,16.3288,18.75,18.529001913330582,18.850905173858802,18.976164409710048
46.2302,16.2882,20.59,20.263217178218685,20.346382584205063,20.60942694171835
47.6101,20.728,20.78,19.96804126814868,20.654634418243642,20.938277529956785
47.6102,20.7279,20.95,19.96804126814868,21.042592723665543,21.097337293671234
28.6683,-17.9032,21.44,19.741120009036447,20.416657339967188,20.569947686761136
28.6683,-17.9032,20.78,19.741120009036447,19.9639950296968,20.08664454768165
41.331,21.5374,17.76,18.88032975821584,19.354772142306206,19.506496624228586
41.3423,21.5572,17.74,18.54755949812133,18.64164825194366,18.93648436272868
52.977,-1.08774,19.29,18.75359295379924,19.10015947441052,18.958610502785337
28.6683,-17.9032,21.11,19.741120009036447,20.435319318893058,20.658173277264915
28.6682,-17.9031,21.24,19.741120009036447,19.859477192872685,20.557279132451193
52.3934,13.058,18.98,18.588053841548827,19.21510847390771,19.33493960098563
28.6683,-17.9032,19.56,19.741120009036447,19.7110524474296,19.92696435980943
-34.8815,138.643,18.96,18.613133814110483,18.303581965158706,18.249621113401297
40.7917,-77.8602,17.45,18.50458381718312,18.235499088047924,18.47330869555385
28.6683,-17.9032,19.7,19.741120009036447,19.524673177406342,19.958282214867648
28.6683,-17.9032,20.31,19.741120009036447,19.52037133266612,20.030925598241996
45.3753,16.1396,21.37,21.09383027654485,21.33998858800368,21.399954273843004
45.1636,16.1416,21.6,21.250089048578438,21.252863874984314,21.391159273350958
28.6683,-17.9032,21.69,19.741120009036447,20.345474032265592,20.564289471832378
28.6683,-17.9032,21.66,19.741120009036447,19.95984401917555,20.517513349190754
28.6683,-17.9032,20.58,19.741120009036447,20.192121401082666,20.667366860354825
-30.2954,-70.7126,21.79,20.774033782352777,21.270143452986648,21.19354868177554
28.6683,-17.9032,20.46,19.741120009036447,19.502589913975818,20.284094950514184
28.6683,-17.9032,21.74,19.741120009036447,20.340411817048235,20.573288020193516
28.6683,-17.9032,21.64,19.741120009036447,19.8518469650181,20.483890744682586
-41.498,172.941,21.4,21.451410963328705,21.38418183184494,21.337109097605463
28.6683,-17.9032,21.69,19.741120009036447,20.200899045773916,20.605022862974764
28.6683,-17.9032,20.99,19.741120009036447,19.683619764960902,19.987075553764214
46.2425,8.02151,21.08,21.22347919355655,20.797819203393647,21.066458904562754
28.6683,-17.9032,21.27,19.741120009036447,20.08990906356045,20.53380311910341
28.6683,-17.9032,21.51,19.741120009036447,20.32106233949633,20.599561406210228
28.6683,-17.9032,20.25,19.741120009036447,19.91356249773577,20.12271996890156
32.7196,-103.073,19.62,19.01182501109613,18.616150465639592,19.311108418339902
28.6683,-17.9032,19.49,19.741120009036447,19.751274211524297,20.147538956004244
28.6683,-17.9032,21.01,19.741120009036447,19.88488234907161,20.546922605314613
28.6683,-17.9032,18.89,19.741120009036447,19.27177996809278,20.22053970467867
28.6683,-17.9032,20.75,19.741120009036447,19.900679193639547,20.399945011016918
28.6683,-17.9032,18.72,19.741120009036447,19.24473174954703,20.057328877035882
28.6683,-17.9032,19.37,19.741120009036447,19.418078129059918,19.9825759080139
28.6683,-17.9032,18.55,19.741120009036447,18.671250103301105,19.58500668624449
28.6683,-17.9032,17.02,19.741120009036447,18.533152657747358,19.46088409426388
28.6683,-17.9032,18.1,19.741120009036447,18.72802911561017,19.199395488007504
28.6683,-17.9032,17.19,19.741120009036447,19.08704342134792,19.638715536345757
33.4173,-111.862,16.87,18.519339556390555,17.907427372274945,17.808203184857998
28.6683,-17.9032,17.54,19.741120009036447,19.25458864167415,19.990035585954278
28.6683,-17.9032,18.25,19.741120009036447,19.074288536156722,19.827817977744044
28.6683,-17.9032,20.27,19.741120009036447,20.291292065902645,20.471085495602658
28.6683,-17.9032,19.7,19.741120009036447,19.292124449836255,19.95220425692928
28.6683,-17.9032,18.89,19.741120009036447,19.19843180149841,19.170122990913434
28.6683,-17.9032,21.31,19.741120009036447,20.32452253829903,20.59229955676417
28.6683,-17.9032,20.4,19.741120009036447,19.743003305182302,20.12431616365987
28.6683,-17.9032,21.09,19.741120009036447,20.174493938538188,20.554061753742232
28.6683,-17.9032,21.16,19.741120009036447,20.347884437964357,20.530387258632643
28.6635,-17.9031,20.64,19.1802906696593,19.77818369896033,20.00740462940438
28.6683,-17.9032,21.16,19.741120009036447,20.2021233754377,20.409592503040386
28.6683,-17.9032,21.05,19.741120009036447,19.670794775531967,20.323064654121126
28.6683,-17.9032,20.56,19.741120009036447,19.779274625131546,20.38240054414901
28.6635,-17.9031,21.39,19.1802906696593,19.97759100013588,20.232314209771154
35.0998,-120.599,20.23,19.009641412587566,19.86064601487031,19.86381663568174
28.6683,-17.9032,21.09,19.741120009036447,19.87409930161109,20.30834323034829
33.4171,-111.862,17.84,18.519339556390555,17.94842637507366,17.78975443296934
28.6683,-17.9032,21.37,19.741120009036447,20.023377230329398,20.414001189466912
28.6683,-17.9032,21.1,19.741120009036447,19.66809553182255,20.358185198890595
48.5109,-2.89046,21.1,21.024238408430215,21.099949512975584,21.228916851108224
36.053,-107.956,21.48,20.44364243957305,21.012224964938927,21.142067593570772
36.053,-107.956,21.5,20.44364243957305,21.012224964938927,21.142067593570772
36.053,-107.956,21.49,20.44364243957305,21.012224964938927,21.142067593570772
36.053,-107.956,21.49,20.44364243957305,20.997297095585264,21.0748494663483
36.053,-107.956,21.47,20.44364243957305,20.997297095585264,21.0748494663483
36.053,-107.956,21.61,20.44364243957305,20.997297095585264,21.0748494663483
36.053,-107.956,21.73,20.44364243957305,20.997297095585264,21.0748494663483
36.053,-107.956,21.6,20.44364243957305,20.997297095585264,21.0748494663483
48.5223,-2.87458,19.8,19.979992717597526,20.727565457014297,21.022583022760173
48.4462,-2.74412,19.5,20.819274118629036,20.579690133928793,20.899702609191188
48.4582,-2.71865,20.1,20.793611879612786,20.60654165045503,20.883436091858492
48.4556,-2.70393,20.15,20.907445195957184,20.5625744423857,20.875956596946757
48.5025,-2.6539,19.35,21.046501260800163,20.607141822449204,20.833001147141445
48.5153,-2.74733,18.3,18.613129250976403,19.439035540617905,19.743902275776804
48.5209,-2.74882,18.9,18.664220902948017,19.507276824772333,19.80094189983879
48.5153,-2.76774,19.3,18.61492045782061,19.503494692828827,19.722294648020046
48.4879,-2.75077,19.3,18.949608962345334,19.744085130423013,20.04646847628066
48.4866,-2.74111,18.9,19.250346330154297,20.1222745193972,20.27899845528224
48.4772,-2.75014,19.9,20.01199711773396,20.317568530763182,20.989934119421676
48.4829,-2.80036,19.9,19.375186740753183,20.281083764376675,20.863760767150715
48.5001,-2.83843,19.8,20.84931510416098,21.025814475107317,21.10421074353284
48.4927,-2.84635,20.5,21.012174830277253,21.005105997647764,21.075920268801916
48.4823,-2.71884,19.8,19.898359981825358,20.492631087435047,20.92454904356864
48.4983,-2.72937,18.9,18.88400538065057,19.6278520289545,19.941223680301526
48.4986,-2.71399,18.8,19.509557076242867,20.34251704242993,20.768125952003125
48.5043,-2.70611,19.9,20.35879934975224,20.331380086157825,20.480588583514752
48.4764,-2.67016,18.6,20.88902696037586,20.835400956923312,20.934559360503826
48.4699,-2.652,19.5,20.79098154108049,20.77354525864359,20.851566750664084
48.4867,-2.64032,19.4,19.74829325880162,20.62986436822674,20.988765575884713
48.4887,-2.67867,19.2,20.878688061854728,20.78164662396362,20.79821317725567
48.5047,-2.69748,19.7,20.55518373942646,20.496396042848993,20.569132242266924
48.5182,-2.71383,19.6,20.082062720344002,20.24715886685655,20.195131410670776
48.4958,-2.7438,19.5,18.735840092091053,19.54130106489491,19.724427591723007
28.6683,-17.9032,21.38,19.741120009036447,20.339753192661895,20.627667960025775
31.5881,-111.081,21.22,20.629094302752584,21.009537005449324,21.182884548482665
28.6683,-17.9032,21.39,19.741120009036447,20.340038567842267,20.540550542367487
35.5611,-121.107,21.39,19.732503231482635,20.925884726510205,20.931174774488365
28.6683,-17.9032,21.31,19.741120009036447,19.879373614313323,20.487341563694248
28.6683,-17.9032,21.4,19.741120009036447,19.92653682997262,20.527472387530977
47.6102,20.7281,20.86,19.96804126814868,20.55248734625395,20.89725182505309
28.6683,-17.9032,19.91,19.741120009036447,19.974421205701873,20.019196948608098
28.6683,-17.9032,21.4,19.741120009036447,19.865885115290183,20.478186132696024
28.6683,-17.9032,21.3,19.741120009036447,19.649962469782164,20.25670650840357
28.6683,-17.9032,21.39,19.741120009036447,20.33898780409011,20.594446559030736
28.6683,-17.9032,21.33,19.741120009036447,19.46113333351855,19.946724507279814
54.345,9.21183,21.2,20.96283312204097,21.308118447073774,21.385025044087445
28.6683,-17.9032,21.31,19.741120009036447,20.33915433546881,20.465441927827573
53.9034,13.0532,20.44,19.909249642945685,21.07096197448256,21.127441323781152
28.6683,-17.9032,21.23,19.741120009036447,20.322710972635157,20.50510056833195
28.6682,-17.9032,21.28,19.741120009036447,20.092871099087027,20.572241469526105
53.9219,13.262,21.24,20.68629031127675,21.24314538230028,21.529590183591928
28.6683,-17.9032,21.24,19.741120009036447,19.87161715123979,20.491192044092273
28.6635,-17.9031,19.85,19.1802906696593,19.477977446305818,19.90889732110355
48.1924,-114.915,21.55,20.928009646877964,19.508740924298355,20.051796410521852
48.1822,-114.891,21.57,20.793967110963866,19.550547234793417,20.026607073740635
48.1694,-114.965,21.55,20.983453322092917,19.488917072054072,19.87831885701192
48.1779,-114.965,21.55,20.85765271232622,19.58757843114984,19.972572061485174
53.9219,13.262,19.26,20.68629031127675,18.758180291468204,19.191670653206717
50.9284,11.586,18.15,18.6120810097492,18.879602320214897,19.398712257372935
50.9282,11.5815,17.47,18.62071101819869,18.880705579820983,19.372672083589798
47.6102,20.728,20.56,19.96804126814868,20.432135491994483,20.904691971669962
45.8131,8.78134,19.17,18.904712692723212,19.088853269118754,19.36513851783917
45.8126,8.78138,19.11,18.904712692723212,19.09898477206842,19.402162804409983
40.4191,-105.02,16.16,18.813107547621183,18.313390333133235,18.22205656216506
47.6102,20.7281,20.6,19.96804126814868,20.453600635460315,20.864562367482407
47.6103,20.7282,20.8,19.96804126814868,20.55744638405321,20.83300332257418
47.6101,20.7278,20.84,19.96804126814868,20.82190199937003,20.986120670136003
47.6103,20.7283,20.81,19.96804126814868,21.026466792954665,21.01220614997009
47.6102,20.7283,20.84,19.96804126814868,20.925791479580138,21.042903138997346
47.61,20.7279,20.88,19.96804126814868,20.890407744179075,20.965120103965386
47.6103,20.7282,20.71,19.96804126814868,20.629478301712698,20.8567153729462
32.3167,-110.881,17.5,18.794305799590283,18.883565435639692,18.88899654737864
40.0179,-105.267,16.25,18.4100082556582,18.361283571321685,18.4983907470208
35.187,-118.636,20.98,20.965489097677743,21.155661019139153,21.150608159592128
32.313,-110.901,19.28,18.723129751560673,19.28445337103638,19.266589677938384
32.6102,-110.797,20.9,19.52539402508491,20.932914346767998,20.777345596494385
54.1535,12.0771,19.08,18.663312547216123,18.44377321295906,18.394448231618263
54.1535,12.0771,19.29,18.663312547216123,18.623207991229712,18.65984849501355
54.1536,12.0771,19.39,18.663312547216123,18.566079741369787,18.70454974913634
29.9898,30.9558,17.23,18.59887092050853,17.68897435347543,17.056746670370526
29.9897,30.9558,17.15,18.59887092050853,18.38354888620772,17.055628110195332
29.9899,30.9557,17.11,18.59887092050853,17.762412819479774,17.518079531089057
31.8922,-116.688,19.25,18.84717942740842,19.82497749238943,19.572636236183488
47.9186,-122.554,20.34,21.432680833792418,20.790854025190903,20.879601443285353
53.7275,-2.19225,19.76,20.80270934309094,19.935681177536864,20.067994750565045
30.0861,-97.8642,17.2,18.84799661064204,19.499517810870255,19.40008450535876
47.6104,20.7283,20.87,19.96804126814868,20.934525289402323,21.092277045550148
47.6102,20.7283,20.94,19.96804126814868,20.632020383602566,20.89766038228384
47.6102,20.728,21.01,19.96804126814868,20.883688380369755,21.070525221167358
47.6101,20.7279,20.78,19.96804126814868,20.5344876725133,20.946140968716207
47.6103,20.7283,20.81,19.96804126814868,20.87769773734184,21.055260802295436
54.1532,12.0771,19.28,18.663312547216123,18.42040828371217,18.58196449132768
55.1415,10.0197,22.03,21.002077694490932,21.398378720475417,21.53076176907835
44.2499,-74.4816,21.13,19.63242416442958,20.10373200205759,20.96139078178294
51.8223,10.3209,20.94,21.17546612283021,20.853841113321483,21.296612680180537
-46.8635,168.123,21.74,21.75476444296119,21.39609165315556,21.530195361921347
-46.9009,168.124,21.52,21.53861336710764,21.396487724743565,21.534035827639347
-46.9021,168.124,21.99,21.58031486871185,21.371239277581264,21.408599473010558
-46.9058,168.139,21.82,21.660965469818034,21.383928685621353,21.514368740483118
-46.9007,168.146,21.81,21.77338546118394,21.376670050409533,21.532992953613
-46.8933,168.126,21.78,21.55617418076506,21.38735568091509,21.506738990561804
-46.8919,168.131,21.77,21.61898046986466,21.400749641105225,21.50557974122709
-46.8801,168.128,21.74,21.674289694414146,21.390777506714066,21.508508940782388
-46.8634,168.123,21.74,21.747579834978435,21.398006887749393,21.471426655668164
-46.9009,168.124,21.52,21.53861336710764,21.386578120538864,21.464980549431868
64.0172,-22.2967,21.68,21.25043939954105,20.634655250220018,20.448582849673954
64.5624,-21.7088,21.38,21.039930035564943,21.136738305617726,20.928603010601506
64.2021,-21.7917,20.8,19.545281066914498,19.998159059521154,19.154567896097912
44.1158,9.80956,19.3,18.581958799754617,18.7979343167597,19.216423300698988
-37.6958,143.974,21.78,20.997497977486802,21.29354383541454,21.248435293244757
47.6104,20.7281,20.92,19.96804126814868,20.963932601708567,21.11346632537687
47.6103,20.7283,20.84,19.96804126814868,20.8062168648526,20.886741701426207
-46.9023,168.125,19.46,21.577199306612876,19.302157248999876,19.545499973647825
-46.9058,168.138,18.71,21.671970225144715,19.179982309544695,19.307547214877406
-46.9007,168.146,19.04,21.77338546118394,18.91854865857652,19.458556670081187
-46.8931,168.126,18.55,21.55617418076506,18.83671467551034,19.394576099874808
-46.8916,168.131,18.31,21.61898046986466,18.79984852786319,19.66984328369604
-46.8801,168.128,18.27,21.674289694414146,18.829883696867387,19.762149434609363
-46.8638,168.123,18.14,21.75476444296119,18.798775354335106,19.891288117808394
-46.9009,168.124,18.65,21.53861336710764,18.661768642299037,19.640957829932823
-26.7524,152.862,21.39,20.164135993952,20.851662246980514,20.898755989133203
23.6337,58.5044,17.18,18.64015448551065,18.60785478874307,18.490980685241027
51.1771,3.37725,20.45,20.406030217048936,20.117476748701502,20.17587820697011
51.2542,3.53207,20.61,20.114384173254624,20.49462760891095,20.489631541587123
51.2615,3.52873,20.69,20.501847678600125,20.476780755611117,20.518064263648135
51.2683,3.50392,20.67,20.490664423486002,20.41137425149627,20.47370965119046
51.261,3.68677,20.4,20.635870922600823,20.466466234356226,20.387094025355402
51.255,3.49846,20.6,20.354575932053766,20.420218876372964,20.373861722251903
51.2376,3.47251,20.45,20.061922426796684,20.17211488207374,20.037108969076108
49.4216,3.72715,21.07,20.84431076844381,20.97228530085948,20.801436631518566
45.8127,8.78142,18.87,18.904712692723212,19.324223702626956,19.436045442442087
47.4302,9.25749,20.64,19.742451612481958,20.39313623728186,20.42024709578081
47.6102,20.7282,20.78,19.96804126814868,20.92645503724444,21.080011373229123
47.6102,20.7281,20.54,19.96804126814868,20.85904762825749,20.834189870248498
47.6103,20.7281,21.07,19.96804126814868,20.65238438174783,19.727858294410648
43.5039,16.614,20.5,19.28473106793387,19.638028748920455,20.047610445993442
43.5039,16.614,20.49,19.28473106793387,19.638028748920455,20.067821173529566
43.504,16.6139,20.51,19.28473106793387,19.638028748920455,20.131140989443097
43.5273,16.4513,18.56,18.720315309971294,19.378830459813926,19.343948147799107
43.5273,16.4513,18.55,18.720315309971294,19.378830459813926,19.344725672893798
43.5273,16.4513,18.54,18.720315309971294,19.385415876480593,19.349140946276453
43.5273,16.4513,18.56,18.720315309971294,19.38426944357658,19.345988460010982
43.5272,16.4513,18.54,18.720315309971294,19.39085486024325,19.351181258488328
43.5273,16.4513,18.55,18.720315309971294,19.38426944357658,19.351181258488328
51.261,3.68673,20.42,20.635870922600823,20.47412105182643,20.508576784081985
46.2477,7.02665,20.8,19.71838102174055,20.48332635787892,20.597686063739108
51.2609,3.68668,20.22,20.635870922600823,20.42028994540219,20.49804742428086
45.8124,8.78137,19.31,18.92009736394781,19.586107502805397,19.599634039671507
45.8602,8.79364,19.64,19.31621404646002,19.295213866783744,19.790268431540575
51.2093,3.49357,20.3,19.217832890055845,19.927381320214252,20.030479518786173
51.2132,3.47025,20.24,18.850456794449684,19.610769854256077,19.774090300601976
51.2211,3.47065,20.28,19.206326860937537,19.959632649640486,20.030774192494427
51.2237,3.4769,20.3,19.50978860274637,19.962318795888628,19.960681128938766
51.2206,3.47969,20.2,19.480415245426844,19.839853278604807,19.97795800477619
51.2176,3.49767,20.26,19.369173539367093,19.823317273079777,20.000786520346324
51.2153,3.50445,20.2,19.30650876988242,20.031628963342143,19.923099986031733
51.2096,3.50543,20.06,19.18046194610017,19.867299297598375,19.773926316621893
41.345,21.5646,16.59,18.560197509161487,18.669718220568083,18.984371929112488
47.6104,20.7283,20.96,19.96804126814868,21.01406665873316,21.25513861273593
34.8238,-114.9,20.73,20.483045028398028,20.653224250904742,20.725507088470838
41.3472,21.5585,16.51,18.55105449163955,18.72856132424389,19.05132011034401
41.3464,21.5576,16.25,18.55105449163955,18.706787637375204,19.02098832941073
36.209,6.79974,18.88,19.321625048346423,20.261022951186632,20.350034653822462
41.3443,21.5521,16.59,18.54775940711992,18.58716535499096,19.00620437092542
47.6103,20.728,21.08,19.96804126814868,21.062465446117457,21.085200172874636
47.6103,20.7283,20.2,19.96804126814868,21.060925258066607,21.192475695146495
41.3427,21.5584,16.54,18.551355280653706,17.703173580883277,18.482796825664405
41.3404,21.5534,16.02,18.548440985136434,17.733925992950375,18.424941086535018
36.7261,-4.426,18.63,18.547359684395087,18.17804367095305,18.29756734304689
28.6683,-17.9032,21.14,19.741120009036447,20.19709468405158,20.450620269560616
28.6683,-17.9032,20.95,19.741120009036447,19.892306901595106,20.561490471907668
28.6683,-17.9032,21.05,19.741120009036447,20.43884461259911,20.656668352908437
27.7692,-15.6832,18.55,18.60739409446989,18.922641582436096,18.945331141694044
27.7692,-15.6832,18.37,18.60739409446989,18.9218873840234,18.945331141694044
28.6683,-17.9032,20.93,19.741120009036447,20.419363892456825,20.687397285548837
28.6683,-17.9032,20.97,19.741120009036447,20.337481733830955,20.642780570097464
28.3455,-14.1109,19.52,19.280911930480915,20.132011823522383,20.12560071348046
28.6683,-17.9032,20.84,19.741120009036447,20.455115600332288,20.71123947799633
28.6683,-17.9032,20.73,19.741120009036447,20.33744941095301,20.650563154592163
28.2237,-14.0156,19.55,19.31082588057097,19.8893671559238,20.580520965569363
28.0029,-15.387,16.1,18.47278141390814,18.239744718864326,17.43815249251938
28.6683,-17.9032,20.94,19.741120009036447,20.314291286389924,20.490729604810436
28.6683,-17.9032,20.99,19.741120009036447,20.27347674360458,20.589020813923355
28.6683,-17.9032,20.07,19.741120009036447,19.98038768405253,20.037168618945206
28.0058,-15.3797,17.58,18.585199666288823,18.4862614466405,18.06849159804626
28.2768,-13.9904,16.64,20.525302289469856,20.74153071305997,20.59828764921519
41.3466,21.5596,18.55,18.55105449163955,18.703588976183845,19.09896089949449
41.3455,21.5625,19.24,18.558615822810506,18.71505274828528,19.07847321594598
41.3455,21.5624,19.24,18.558615822810506,18.653435491164345,18.921171701528227
41.3447,21.5632,18.7,18.554716220792614,18.685002386288208,19.07298663872996
28.012,-15.4016,16.46,18.47110883734284,18.15795237395396,17.5318466899521
28.012,-15.4016,17.62,18.47110883734284,18.075398015751706,17.121353120575208
28.0117,-15.4015,18.81,18.47110883734284,18.1656205939637,17.8960240927697
28.6683,-17.9032,21.2,19.741120009036447,20.40537628476005,20.671369268264606
28.0058,-15.3797,17.26,18.585199666288823,17.98945226541144,17.682197735281246
28.0094,-15.4063,16.1,18.471555093845694,18.37621338754376,18.216153042562276
28.0094,-15.4063,18.48,18.471555093845694,18.36497212163182,18.145458157549466
28.6683,-17.9032,21.28,19.741120009036447,20.401525422733183,20.66530055970388
28.6683,-17.9032,21.02,19.741120009036447,19.87613945459451,20.503657946632877
41.3365,21.5448,16.98,18.58161297192715,18.74385506600705,19.129125131682617
41.3434,21.5348,16.23,18.618806561434862,18.819032077545693,19.195754579261592
41.3446,21.5611,16.31,18.554716220792614,18.740785073180596,19.044201663517054
28.6683,-17.9032,20.5,19.741120009036447,20.068711045077357,20.29491843881915
28.6683,-17.9032,21.36,19.741120009036447,20.263300486318066,20.571484992099652
28.2733,-13.9879,16.69,20.504927754082846,20.939548290183744,20.816624994064792
28.2733,-13.9879,16.53,20.504927754082846,20.939548290183744,20.816624994064792
41.3456,21.5657,16.57,18.575605950804956,18.717416872127433,19.08957397801375
41.3446,21.5611,17.67,18.554716220792614,18.70213001773543,19.012869026579413
28.213,-14.0188,16.12,18.858181073758185,18.713089696744014,19.006143253152302
41.3465,21.5601,16.79,18.55105449163955,17.661165295173188,18.434780650649987
41.3454,21.5638,17.79,18.560197509161487,17.643017583176853,18.437949189448478
41.3456,21.5626,17.79,18.558615822810506,17.652174967792238,18.42548405550654
41.3446,21.5626,16.57,18.554716220792614,17.64636843045458,18.42548405550654
41.3437,21.5609,16.54,18.559495270313125,17.65707702406929,18.43959873573635
41.3443,21.56,18.37,18.549970031070377,17.66345815231605,18.437361966368524
41.3472,21.5601,16.54,18.55105449163955,17.65417626604619,18.424048976984945
28.6683,-17.9032,20.18,19.741120009036447,19.611068888879387,20.23866947531895
28.6683,-17.9032,21.23,19.741120009036447,20.084006353871608,20.595595821508216
28.6683,-17.9032,17.43,19.741120009036447,18.727517473384008,19.734268378576186
28.6683,-17.9032,17.73,19.741120009036447,18.661099797379052,19.661362949058056
28.6683,-17.9032,17.79,19.741120009036447,19.193480004161298,19.8194165379711
28.6683,-17.9032,18.74,19.741120009036447,20.088166495466336,20.281782800222665
28.6683,-17.9032,18.42,19.741120009036447,19.474858254954334,20.10305401928738
28.6683,-17.9032,20.66,19.741120009036447,20.323967481751044,20.564374945596576
28.6683,-17.9032,20.24,19.741120009036447,20.080530242995472,20.462602755095887
28.6683,-17.9032,21.08,19.741120009036447,20.3668488041771,20.55162255654065
28.6683,-17.9032,20.75,19.741120009036447,20.334416530611634,20.546113353463355
34.5277,-115.04,21.76,20.375417385851584,20.636356352807802,20.5710356027667
-26.8861,151.598,21.61,21.172308003758936,21.22445199943992,21.548674357908673
28.6683,-17.9032,21.14,19.741120009036447,20.44051889440206,20.60729691974475
28.6683,-17.9032,21.03,19.741120009036447,20.343840741777424,20.63803365167322
28.6683,-17.9032,20.34,19.741120009036447,19.98265590382007,20.09114846690399
28.6683,-17.9032,21.19,19.741120009036447,19.918432078889854,20.446082713320365
39.9745,-74.1479,18.75,18.566799894495578,19.043553758235113,18.741269223852814
28.6683,-17.9032,21.4,19.741120009036447,20.35236995985987,20.643511431628905
28.6683,-17.9032,21.09,19.741120009036447,19.899977144556807,20.56694112090986
28.6594,-17.9178,18.68,18.772571722679768,20.09508335206039,20.250610427685015
47.6103,20.728,21.12,19.96804126814868,21.069576298636402,21.22604494555249
47.6102,20.7281,21.04,19.96804126814868,21.067228465146744,21.201253853017118
28.6683,-17.9032,21.2,19.741120009036447,20.46345536810962,20.65138368154143
28.6683,-17.9032,20.74,19.741120009036447,20.088679332512132,20.464448818578337
28.6683,-17.9032,21.29,19.741120009036447,20.31953999012361,20.40914343095941
28.6683,-17.9032,20.85,19.741120009036447,19.676985453833836,20.294250451802313
28.6683,-17.9032,21.3,19.741120009036447,20.397483545076238,20.671498176897426
28.6683,-17.9032,21.97,19.741120009036447,20.208524981222073,20.679433397208893
28.6683,-17.9032,21.24,19.741120009036447,20.208524981222073,20.679433397208893
28.6683,-17.9032,19.98,19.741120009036447,19.96445041431219,20.083883422971475
28.6683,-17.9032,20.35,19.741120009036447,19.96445041431219,20.083883422971475
28.6683,-17.9032,21.21,19.741120009036447,20.208704053795575,20.427202615869952
28.6683,-17.9032,21.25,19.741120009036447,20.362863829462608,20.627960567021297
-34.1297,-55.8791,19.9,20.97929648430794,21.282950780928196,21.13778137598007
28.6683,-17.9032,21.11,19.741120009036447,19.879010558831695,20.514155387051545
28.6683,-17.9032,21.9,19.741120009036447,20.181702432524638,20.57591614984513
48.1357,13.5943,21.36,21.36536162241483,21.497144748757012,21.51512216648839
48.1554,13.5642,21.01,20.892831399009303,21.447229834215687,21.54047441262351
50.092,14.327,18.7,18.698478759654684,18.766201622491977,19.01544062423017
28.6683,-17.9032,21.86,19.741120009036447,20.136389958639086,20.37754774128053
51.2297,3.67902,19.99,19.472699686653108,20.326584987991065,20.328250031293692
28.6683,-17.9032,20.82,19.741120009036447,19.763434166093017,20.160906262532706
28.6683,-17.9032,20.95,19.741120009036447,19.70217634799872,19.94881072905427
28.6683,-17.9032,19.75,19.741120009036447,19.52178985344201,19.980330188481393
28.6683,-17.9032,20.75,19.741120009036447,19.66451668099753,20.04209813569198
28.6556,-17.9189,19.4,18.80125925388144,17.558168401463536,19.40575321698612
28.6683,-17.9032,17.98,19.741120009036447,19.17157353354373,20.092673847042544
28.6683,-17.9032,18.08,19.741120009036447,19.14161684674401,19.849554814958022
28.6683,-17.9032,17.41,19.741120009036447,19.387902930827938,19.65470210440944
28.6683,-17.9032,16.05,19.741120009036447,19.482497142264723,20.126055097826306
28.6683,-17.9032,16.96,19.741120009036447,19.235938808035566,19.997005179166532
28.6683,-17.9032,19.68,19.741120009036447,20.31728884679443,20.56818605174371
28.6589,-17.9068,17.01,18.890689757335263,17.562474109055763,19.256955448479264
47.2612,8.91057,19.67,20.040813337804618,20.62332179801798,21.087826192071066
41.0864,16.7824,16.78,18.523026091357636,18.619914451095564,17.82589575078034
28.6683,-17.9032,21.15,19.741120009036447,20.371174994526417,20.66955311714664
28.6683,-17.9032,20.96,19.741120009036447,20.07490397998341,20.518200020185503
28.6683,-17.9032,21.56,19.741120009036447,19.93878205824628,20.363015441404553
47.6101,20.7278,20.8,19.96804126814868,21.057359496283897,21.186541406215
28.6683,-17.9032,21.46,19.741120009036447,19.663040491143114,20.340642834186713
28.6683,-17.9032,21.96,19.741120009036447,20.415212607432213,20.610020473386534
28.6683,-17.9032,21.93,19.741120009036447,20.223129885963665,20.47761705265813
50.7787,-1.74103,20.66,20.558708068566645,20.561654910334468,20.533892290633094
53.6244,-10.256,21.88,21.383136140833418,21.5484589862648,21.65391037437896
53.6215,-10.2398,21.86,21.217731901639578,21.579356935557694,21.60032397738905
31.3341,-110.826,21.1,20.524458483929465,20.66357524559921,20.668954440642782
28.6683,-17.9032,21.74,19.741120009036447,20.159620626265234,20.364654837513406
28.6683,-17.9032,20.81,19.741120009036447,19.858773580966243,20.056729296254037
37.0769,-111.664,21.48,20.425782507726993,20.872974090505014,21.394962552890938
47.2612,8.91057,20.98,20.040813337804618,20.7419954208289,21.09470892964528
28.6683,-17.9032,21.99,19.741120009036447,20.362858094634998,20.671888438517623
28.6683,-17.9032,21.96,19.741120009036447,19.923923118508398,20.570598793011907
39.2321,-84.0424,17.19,21.015935493747563,20.358998138024823,20.301379774810584
28.6683,-17.9032,21.97,19.741120009036447,20.364895595481553,20.646434354248285
28.6683,-17.9032,21.98,19.741120009036447,20.078448214634353,20.517329409122578
28.6683,-17.9032,21.9,19.741120009036447,19.863436404051292,20.554044440869642
28.6683,-17.9032,21.15,19.741120009036447,19.522267637077523,20.24135392702825
30.2388,-97.8808,18.87,18.596414816785657,18.700935174588977,18.388750237869477
30.2477,-97.8915,18.36,18.661679829654968,18.772736623589644,18.524849289475338
30.2332,-97.8767,16.79,18.540548234927716,18.460018826088113,18.355627950571993
28.6683,-17.9032,22.05,19.741120009036447,20.233106341929517,20.517243539070982
28.6683,-17.9032,21.15,19.741120009036447,19.69722701805634,20.373194690863038
41.5609,14.1163,20.23,19.168436472463572,19.792457866960838,19.923731283522173
42.1521,-71.2051,18.8,18.820913873167125,18.700747819597133,18.485950757840712
53.6267,-10.2555,21.89,21.43317968001213,21.6218445993846,21.60785904237342
53.6215,-10.2398,21.87,21.217731901639578,21.617310732850957,21.72398258948607
53.6998,17.5755,19.7,18.513185863976332,18.179505220498,19.132018367874434
53.6998,17.5755,19.71,18.513185863976332,18.184424702940063,19.1150896366177
28.6683,-17.9032,20.47,19.741120009036447,19.91279358029669,19.984986632369488
28.6683,-17.9032,21.67,19.741120009036447,20.026467349301196,20.40295717339707
47.2233,2.05271,19.98,18.77761838655835,19.509227459988068,19.343076162566067
28.6683,-17.9032,20.06,19.741120009036447,19.483212950345532,20.086452945903734
28.6683,-17.9032,21.27,19.741120009036447,19.519807965368862,20.03349206888654
29.6186,-95.5377,18.3,18.474716381221736,18.70662114393841,17.266318171935872
29.5326,-95.5607,17.58,18.68840665923309,18.398038717888983,18.347529414263967
28.6683,-17.9032,19.15,19.741120009036447,19.315594620625824,19.813405782471076
28.6683,-17.9032,19.84,19.741120009036447,19.314929740013028,19.322850844294436
28.6683,-17.9032,18.97,19.741120009036447,19.244567878839884,19.336020570133865
28.6683,-17.9032,17.65,19.741120009036447,18.643973638412934,19.616889961897055
28.6683,-17.9032,17.59,19.741120009036447,18.58562825209174,19.034333183032807
28.6683,-17.9032,18.92,19.741120009036447,19.423603989562434,19.932442983672274
47.61,20.728,20.92,19.96804126814868,21.09135294103362,21.081592662782306
47.6103,20.728,20.9,19.96804126814868,21.07617968550919,21.081592662782306
47.6105,20.7283,20.94,19.96804126814868,21.067692200373948,21.077302517532956
28.6683,-17.9032,18.6,19.741120009036447,19.520396748075573,19.877442071346728
28.6683,-17.9032,20.01,19.741120009036447,19.544433418349744,19.819718627691227
28.6683,-17.9032,16.43,19.741120009036447,19.174281720547896,19.62011846849847
28.6683,-17.9032,21.11,19.741120009036447,19.954699966691106,20.109563738998165
28.6683,-17.9032,19.61,19.741120009036447,19.286711988143537,19.46810743540119
28.6683,-17.9032,21.86,19.741120009036447,20.444788000342275,20.58578269000921
28.6683,-17.9032,21.48,19.741120009036447,20.198711714179993,20.437913482359395
28.6683,-17.9032,21.37,19.741120009036447,19.822664449578266,20.07779130597261
28.6683,-17.9032,22.07,19.741120009036447,20.278735623740683,20.54991363553543
28.6683,-17.9032,20.86,19.741120009036447,19.881228715871856,20.445510216464164
28.6683,-17.9032,21.97,19.741120009036447,20.368683497173425,20.59989807358526
28.6683,-17.9032,21.8,19.741120009036447,20.45451064493836,20.66168086570286
53.6268,-10.2559,21.92,21.43317968001213,21.555865482087956,21.558412565637234
28.6683,-17.9032,21.89,19.741120009036447,19.915562003103336,20.47309264070894
54.9824,-1.82634,20.59,20.607883001624852,19.93453019893652,20.24982567022587
28.6683,-17.9032,21.26,19.741120009036447,19.68119632695082,20.315858139320486
28.6683,-17.9032,21.99,19.741120009036447,20.22203677350416,20.40377149788433
32.8022,-96.8033,18.82,18.59887092050853,18.01904897207545,17.274344233643486
28.6683,-17.9032,21.8,19.741120009036447,20.317784947428343,20.436214518073996
28.6683,-17.9032,21.69,19.741120009036447,20.366207496910423,20.466790597441108
28.6683,-17.9032,21.82,19.741120009036447,20.284768992402547,20.468263461794216
57.1477,8.951,21.82,21.733482656087265,21.73294936557551,21.780581378086325
57.1507,8.95684,21.82,21.710469711772866,21.73294936557551,21.780581378086325
57.1461,9.038,22.15,21.314460254275858,21.547581914897915,21.768663129499142
57.1558,8.97454,21.89,21.660263823609938,21.75522459286301,21.80833235614847
57.1507,8.95711,21.82,21.710469711772866,21.73294936557551,21.780581378086325
57.1569,9.02773,21.91,21.357944427099447,21.754656970317257,21.682218829448964
28.6683,-17.9032,22.06,19.741120009036447,20.392070189645278,20.601503874845463
28.6683,-17.9032,22.01,19.741120009036447,20.09517313504948,20.503165728757143
54.9826,-1.82648,20.89,20.634092445818432,20.28393019041297,20.49602995208226
34.1313,-116.032,21.16,19.36755814044819,20.153278641666155,20.32296393003301
28.6683,-17.9032,21.69,19.741120009036447,20.197766383073116,20.503142282741987
28.6683,-17.9032,22.09,19.741120009036447,20.376159985895058,20.551101176942606
28.6683,-17.9032,22.08,19.741120009036447,20.09029260909953,20.460529166529774
28.6683,-17.9032,21.9,19.741120009036447,20.452331750848362,20.70089072832618
28.6683,-17.9032,21.88,19.741120009036447,20.085256500799936,20.6099210221179
28.6683,-17.9032,21.42,19.741120009036447,20.322299634891646,20.541972701899237
28.6683,-17.9032,21.45,19.741120009036447,19.956116494830177,20.500597624135867
54.9826,-1.82694,19.06,20.638591762156263,20.097793682083374,20.07810010565728
28.6683,-17.9032,22.02,19.741120009036447,20.355935110780642,20.514334804643156
28.6683,-17.9032,21.48,19.741120009036447,19.91865978088111,20.48891250450767
50.8259,3.38202,20.31,19.140777682583185,19.372990180664548,19.497160369790766
51.0257,3.9299,19.6,19.602184490034876,19.0334640034557,19.589938232213978
28.6683,-17.9032,20.95,19.741120009036447,19.827304590997848,20.034565985548753
54.9824,-1.82638,19.23,20.607883001624852,19.998522877802916,20.314404485037166
51.0316,5.46417,19.21,19.402521730781725,19.85126457474719,19.94571339422699
51.0404,5.81044,19.23,18.67880122806254,18.834605458101297,19.0829287349056
41.1515,-8.55509,18.4,18.519339556390555,17.52308760184532,17.636260348656656
28.6683,-17.9032,21.95,19.741120009036447,20.36427119510903,20.543575875438762
50.7896,4.82814,20.2,20.308469748758004,20.241251474832865,20.40473335305276
54.9824,-1.82646,20.76,20.607883001624852,20.036319181969553,20.606241621022534
28.6683,-17.9032,21.78,19.741120009036447,20.088137795376326,20.55214853329522
50.8268,5.17355,19.65,18.953573955122415,19.713425848208303,19.56580979705947
50.9291,3.4143,20.34,19.0937332168714,19.326576827903683,19.46883311998354
50.8854,4.01387,19.6,18.98440201062279,19.31554796300586,19.2543832593076
51.2297,3.67902,19.8,19.472699686653108,20.178781518887632,19.979421093926238
50.9136,2.92001,19.85,18.95293870176733,19.414648661947137,19.92349229018448
51.1123,2.67801,19.8,18.752098925917245,19.42806343946182,19.24572472442083
50.9179,2.96145,19.5,19.564887306437388,19.990734538605345,20.176832409877257
51.0316,5.46417,18.95,19.402521730781725,19.89481654069352,20.036717033707742
28.6683,-17.9032,21.65,19.741120009036447,20.000650052813675,20.10348143475306
50.7896,4.82823,20.23,20.308469748758004,20.266655871782792,20.33882628359898
28.6683,-17.9032,21.38,19.741120009036447,19.786448115173293,20.345441813801518
51.0529,3.65091,19.3,18.800962994303852,19.230944896145562,19.37146179837735
51.0611,3.64092,19.23,19.040177664859108,19.142906024149376,19.48360484059671
51.0559,3.63251,19.33,19.077107953337748,19.139802518287183,19.467293540437915
51.1147,3.99319,19.25,18.80477066778493,19.261514965498307,19.26245742601889
50.9602,4.4915,19.04,18.654430845946152,18.46908368319631,18.950263783372083
51.0769,2.67033,19.41,18.686092572090775,19.230605811503786,19.318994658904497
54.9824,-1.82635,19.13,20.607883001624852,19.98822964118667,20.040522721188644
28.6683,-17.9032,22.01,19.741120009036447,20.312338404397764,20.412538780165338
28.6683,-17.9032,20.63,19.741120009036447,19.47632755318776,20.02006230522652
28.6683,-17.9032,21.11,19.741120009036447,19.993713535537907,20.044640713860407
28.6683,-17.9032,21.22,19.741120009036447,20.001690971435345,20.08833898185664
28.6683,-17.9032,21.28,19.741120009036447,19.68356438523458,20.341728424268307
28.6683,-17.9032,20.81,19.741120009036447,19.700125499268655,20.253162365557376
50.8261,3.38147,20.09,19.140777682583185,18.88253511711146,19.208183010959292
28.6683,-17.9032,19.77,19.741120009036447,19.43458063701105,19.767560229812045
51.0404,5.81044,19.09,18.67880122806254,18.806712847071868,18.764337337513467
28.6683,-17.9032,21.11,19.741120009036447,19.91338289013458,20.494928337463516
28.6683,-17.9032,19.41,19.741120009036447,19.30771154268486,19.846937654582963
28.6683,-17.9032,20.36,19.741120009036447,19.557731612315216,20.102780238083966
48.1143,11.7635,19.63,19.192626278317988,19.46166905268855,19.101244720888218
51.1147,3.99317,18.4,18.80477066778493,18.786135973095398,18.534409102917234
53.9241,-9.56346,21.67,21.439530156172765,21.328157866634623,21.40297419885512
48.3176,-113.353,21.43,21.509330516886497,21.448369489826767,21.501710666936123
48.2505,-113.468,21.55,21.624658043279233,21.421016987706167,21.481587247488008
48.2345,-113.566,21.56,21.457500108517422,21.5335473086868,21.581250705935343
48.2578,-113.573,21.55,21.389998552442094,21.533048177621954,21.581956451154472
47.6101,20.7282,20.69,19.96804126814868,20.565792487485137,20.910336462005112
47.6104,20.7283,20.6,19.96804126814868,20.07837394542597,20.367325599220088
47.6101,20.7278,20.68,19.96804126814868,20.544251539728457,20.86839625269672
41.4478,-122.9,21.35,20.150069852665396,21.434761697454483,21.391576691413647
40.015,-105.271,19.8,18.414164006151502,18.42084009294479,18.497950199975058
33.2559,-116.375,21.05,19.694829479332956,20.87913450448294,20.696157191458564
39.7046,-105.017,18.75,18.47066306899538,18.32712462036034,18.014417179367232
51.0978,2.57191,19.45,18.803570156740026,19.529645642470193,19.494586830666307
51.0931,2.56576,19.68,19.216798105356375,19.87575932537477,19.474065540543876
35.9412,-80.4097,20.8,19.466595518927484,19.836743586388405,20.02299575851966
33.2673,-116.361,21.15,20.423492245274726,20.918833709583602,20.843130117822316
-33.8814,18.6794,18.8,18.547359684395087,18.158339813412134,18.315543615919655
53.6215,-10.2398,21.4,21.217731901639578,21.329163742777144,21.518124439704863
42.6154,2.42213,19.42,18.860262039962812,20.088989493687404,19.842123912727704
41.4479,-122.9,21.42,20.150069852665396,21.424430219759746,21.35674020274817
33.7002,-112.033,18.75,18.529680701223434,18.384540922489776,18.467816669928595
53.6205,-10.2359,21.58,21.17404020073507,21.617874339270017,21.689403991742285
33.337,-111.426,20.37,19.67702049627114,21.107991278556643,20.457120786505886
53.6274,-10.2518,21.44,21.35895544418447,21.206394091322633,21.40850777090889
53.6216,-10.2397,21.48,21.217731901639578,21.225227102064615,21.397767047166404
53.6215,-10.2398,21.88,21.217731901639578,21.18013334594445,20.81303713874567
35.7617,-106.031,20.98,20.700150541058218,20.832781584186364,20.56159721112577
29.2983,-103.845,21.79,20.541188547834302,21.236454158045582,21.215639662167405
33.7001,-112.033,18.71,18.529680701223434,18.473500579337916,18.427609137624874
47.6102,20.7281,20.7,19.96804126814868,20.60638313733913,20.95049284852483
54.6807,8.3319,21.38,20.946583552232756,21.608037443083848,20.88570091012179
33.7001,-112.033,18.85,18.529680701223434,18.476107561104598,18.40172456801336
51.0412,3.65997,19.32,18.85780819222702,19.156078267398545,19.251856751025343
51.0378,3.67779,19.11,18.874424113068223,19.104212530277813,19.234742347297402
51.0504,3.6637,18.54,18.770855812006612,19.021109532527007,19.111657269066725
51.0473,3.65627,18.96,18.756804162382,18.88224158991267,18.975252971236905
51.0472,3.65604,18.96,18.756804162382,18.88224158991267,18.975252971236905
51.0529,3.65084,19.48,18.800962994303852,19.326816411528387,19.222698832068154
36.2423,-114.516,20.79,20.63945851802626,20.99898791035446,20.962522027385685
36.2272,-114.621,20.96,20.561084834359995,20.934259233752417,20.98425571333092
33.337,-111.426,20.3,19.67702049627114,20.325541582596124,20.35295413400461
47.6102,20.728,20.62,19.96804126814868,20.437613113491842,20.90114078411706
51.9957,5.60252,19.97,19.665493777633063,19.850470539651102,19.894288476067107
36.0247,-115.016,17.96,18.631018430875372,18.357907983445365,18.434390472768623
41.3441,21.5669,17.24,18.59761864982251,18.721464898223488,19.07002122535231
41.3416,21.5555,16.56,18.54755949812133,18.557708090980647,18.614969677308725
41.3367,21.5405,17.34,18.609984073583963,18.717866847614633,18.98558505981895
41.3517,21.5428,16.89,18.628710291565643,18.65535320848538,18.755781312092413
41.3404,21.5531,16.68,18.548440985136434,18.53502487180923,18.839277839513013
41.3441,21.5528,17.79,18.54775940711992,18.621861949025167,18.806711566356586
41.3441,21.5528,17.72,18.54775940711992,18.61374113267584,18.907511562460346
41.3441,21.5528,17.69,18.54775940711992,18.571232760768577,18.74896421772934
41.3441,21.5528,17.81,18.54775940711992,18.516595963537096,18.733207694954896
41.3441,21.5528,17.64,18.54775940711992,18.463862869316156,18.523203480250015
32.2433,-106.827,19.54,20.086928695054645,20.042644405930865,19.873228358753874
47.6104,20.7281,21.03,19.96804126814868,20.583225752561415,20.896187785432154
47.6101,20.728,20.54,19.96804126814868,20.655907660437023,21.048587463170513
47.6103,20.7281,20.78,19.96804126814868,20.756024220196313,21.10298049239441
47.6101,20.728,20.82,19.96804126814868,20.930714490988116,21.033620104872778
47.6101,20.7278,20.64,19.96804126814868,20.84619136036839,21.030814482164395
47.6103,20.7283,20.9,19.96804126814868,20.6827582643363,20.856842824200637
47.6103,20.7281,20.93,19.96804126814868,20.97153903737576,21.137381755403396
47.6104,20.7281,21.07,19.96804126814868,20.862723249948118,21.046956961481495
47.6103,20.7283,20.86,19.96804126814868,20.89993050703491,20.881457056687847
47.6103,20.7283,20.05,19.96804126814868,21.030655222526903,21.222669532189872
47.6103,20.7283,21.11,19.96804126814868,20.871380992081935,21.014011354044708
43.218,-8.28976,20.19,19.022493459402366,19.469977434779466,19.614575959099067
-36.3348,141.646,21.24,19.33401377066602,20.18673989957555,20.88378497332164
37.9977,-105.699,21.62,20.770480470544896,21.311825623013842,21.455408874953076
37.1671,-3.59642,17.1,18.60155694253341,18.094029485529028,18.197862216520168
43.2179,-8.28979,19.02,19.022493459402366,17.8992303788698,18.51898042648273
37.9981,-105.699,21.66,20.770480470544896,21.303785005636772,21.52238831862247
45.7637,-108.595,18.88,18.405058474407554,18.05638027653431,18.896392713030068
45.7637,-108.595,19.02,18.405058474407554,17.956050488171282,18.679249192748546
37.9979,-105.699,21.59,20.770480470544896,20.923627319641987,21.34429695578484
37.9981,-105.699,21.68,20.770480470544896,20.414707225771345,20.447592200957967
37.9978,-105.699,21.77,20.770480470544896,20.387553088686207,20.416412298330798
37.9979,-105.699,21.68,20.770480470544896,20.48242745041598,20.563971788397467
45.4643,-69.3115,21.25,21.385532360234173,21.360540087052637,21.44063997748463
45.4712,-69.3057,21.24,21.368343918626156,21.37745116732759,21.435051664641612
32.8201,-117.165,20.02,18.550123554750563,18.00677879695762,17.496035223155282
37.9979,-105.699,21.61,20.770480470544896,20.459944166144695,20.511668133675332
37.9979,-105.699,21.62,20.770480470544896,20.431539483108985,20.486183689936293
37.9981,-105.699,20.68,20.770480470544896,20.331302948523636,20.3945054097731
37.9979,-105.699,19.76,20.770480470544896,19.596174495598504,20.156044113621828
31.3329,-109.134,21.46,20.66418736694646,21.233872483165854,21.37157311166389
31.3338,-109.222,21.45,20.585091055258616,21.12980467274917,21.34118688391241
31.3335,-109.203,21.48,20.623539807840533,21.183262981361025,21.39187932276948
31.3331,-109.16,21.47,20.608481992740025,21.216012046822613,21.391675968412503
31.3331,-109.16,21.45,20.608481992740025,21.22818350943281,21.392755592261192
31.3331,-109.16,21.45,20.608481992740025,21.233866018946692,21.392176040070783
31.3331,-109.16,21.46,20.608481992740025,21.237076920449052,21.381211626757942
35.4997,-79.1696,17.98,18.9081450801244,18.08135137502498,18.17273839527514
54.2881,12.6995,21.05,20.967536870036746,21.306733415433136,21.264968673496483
35.4884,-79.1862,19.17,18.609449317095965,18.990486633724228,18.871901515752718
33.3368,-111.425,20.12,19.68686000831641,20.347747198741676,20.280734390098754
49.5227,8.66376,19.85,19.33850501511805,19.961111292141467,19.976446782982766
29.1846,-110.884,19.25,18.77000990953108,18.40165269745747,18.936133069021857
51.4589,7.24328,19.34,18.698858775969136,18.993750704932037,19.232053141533683
41.7766,2.59659,20.62,20.815906599829546,20.49389196111381,20.45689736925357
41.7766,2.59659,20.62,20.815906599829546,20.48895089415993,20.459194336115903
41.7766,2.59659,20.53,20.815906599829546,20.461010204912824,20.446722103253567
41.7766,2.59659,20.43,20.815906599829546,20.40548072610842,20.43457640472347
29.5426,-104.327,17.23,20.15469147767066,20.594120392716864,20.707762352487734
-33.7642,151.3,19.8,18.910714150934833,19.41898621198219,19.018243190623885
33.4976,-86.803,17.1,18.59887092050853,18.185843943023983,18.128493122130788
34.9336,32.918,20.97,20.318702741286454,20.710100977680003,20.56040809011022
23.6473,58.1458,18.04,18.474025477846926,18.82668354898901,18.15184129009249
50.7684,6.10264,19.16,18.53791791768115,18.646367958506694,19.12098783549597
41.3454,21.5645,16.17,18.560197509161487,17.632911241667262,18.060202660404382
43.0506,-85.674,19.3,19.007775742915104,19.138850191208334,19.495846548321353
41.3439,21.547,16.53,18.555949807488897,18.61643087858688,19.01753589457414
28.487,-17.8479,21.45,19.663200804664857,20.527509961589686,21.187251314062305
28.487,-17.8479,21.4,19.663200804664857,20.527509961589686,21.183155064180216
51.9044,-8.45907,16.39,18.471597988838813,17.456710227154474,17.942469972715184
44.296,-69.3566,21.5,21.44898276813831,21.353105817370015,21.37051503663245
49.5221,8.66084,19.7,19.2342416909291,19.874400495900648,19.966992843820027
46.2478,7.0268,20.9,19.71838102174055,20.5063591101375,20.562136536841614
51.2609,3.6869,20.4,20.635870922600823,20.476832927401308,20.510597555045415
54.2825,10.2441,20.44,19.145060647730784,19.649677297587047,20.35442502646968
51.4946,14.1234,20.71,21.045818110149742,21.415757871556522,21.575086724322606
-24.9489,16.0395,21.74,20.370176409310254,21.261708988188044,21.528379470643607
-24.9489,16.0395,21.74,20.370176409310254,21.261708988188044,21.53909062285386
-33.3515,18.8662,21.74,19.1163286428227,20.33128628903076,20.44858447532706
46.6365,10.0218,19.29,21.430731272211286,20.324006113365904,21.206194993810463
46.6365,10.0219,19.68,21.430731272211286,20.317984208604,21.14539383463972
46.6365,10.0219,18.91,21.430731272211286,20.317984208604,21.10551448262679
47.3825,8.04108,20.14,18.82048663380481,19.524967043987832,19.742866889531008
47.3827,8.04078,19.99,18.826291431031848,19.49326563240901,19.62823420388785
47.3827,8.04081,18.98,18.826291431031848,19.46825482492037,19.49277615635482
47.3243,8.06542,20.54,19.65026839820715,20.400799439799297,20.301978140593143
47.3244,8.06527,20.23,19.65026839820715,20.350783846133165,20.39165658748473
47.3243,8.06557,18.37,19.7932688813068,20.34153438228775,20.35037404369526
47.3827,8.04075,19.51,18.826291431031848,19.411927908270957,19.1444503362272
47.3827,8.04075,19.49,18.826291431031848,19.284068465915915,19.197668359073116
47.3827,8.04073,17.86,18.826291431031848,19.19509640427045,19.062814421353007
47.3242,8.06605,19.13,19.7932688813068,19.696459869605764,19.358074616081165
47.3242,8.06627,19.32,19.7932688813068,19.566356482400675,19.262510543681497
47.3242,8.06576,18.77,19.7932688813068,19.574888351948612,19.129269635472394
46.6364,10.0218,21.52,21.430731272211286,21.325449400094158,21.420972104886907
46.6365,10.022,21.44,21.430731272211286,21.28941904139102,21.291632052457096
46.6365,10.0221,20.34,21.430731272211286,21.25775997119791,21.23766507229218
41.3556,21.5796,18.25,18.973252755386635,19.581857753397177,19.65657977409995
41.3418,21.5552,17.8,18.54775940711992,18.613054441964092,18.848819885640257
41.0794,20.8022,20.04,19.039666119412413,18.689403818916134,19.58440917895323
41.0794,20.8021,20.04,19.039666119412413,18.689403818916134,19.58440917895323
41.0788,20.8024,19.59,19.039666119412413,18.69853879366361,19.611033663261196
48.4835,-81.3302,19.08,18.63381815942535,18.464573547206065,18.745084980170827
41.7767,2.59649,20.54,20.815906599829546,20.55726340473659,20.476891687638858
41.7767,2.59649,20.68,20.815906599829546,20.286301166059577,20.36053080153837
41.7767,2.59649,20.44,20.815906599829546,20.25354511937498,20.298918571995454
42.2526,1.78679,21.21,21.218162434082352,21.08579914895704,21.104492144752
42.2526,1.78679,21.06,21.218162434082352,21.057879283679572,21.053994835552505
42.2526,1.78679,21.43,21.218162434082352,21.278008615568297,21.269283499989918
42.2526,1.78679,21.3,21.218162434082352,21.063761076403633,21.124377141937934
41.7767,2.59654,20.66,20.815906599829546,20.48947343471775,20.402512748361342
41.7767,2.59654,20.57,20.815906599829546,20.179350834317916,20.01996505307546
41.6301,2.69473,18.82,18.62829438312657,19.45837498316001,18.431828709219523
41.6301,2.69473,18.71,18.62829438312657,19.06437142817625,18.369662143310094
41.6562,2.65335,20.22,20.176759934869622,19.981066520231337,19.413866506243018
41.6562,2.65335,20.1,20.176759934869622,20.037401888319685,19.548859463662225
41.6561,2.65348,20.1,20.176759934869622,20.03298643377423,19.548859463662225
50.9282,11.5815,16.56,18.62071101819869,18.907775980801443,19.36748259654206
39.9677,-74.2538,19.05,18.67281301367588,19.09897259100629,18.651884441688267
29.8725,-98.6307,20.8,20.843617106868475,20.21535703732636,20.63874980157768
41.3447,21.5614,17.79,18.554716220792614,18.66666304059458,18.99228498546235
35.3266,-120.491,21.41,21.124448424357528,21.087075213947273,20.98701868970481
-46.9021,168.124,21.55,21.58031486871185,21.196192834229983,21.215567564280544
-46.9058,168.139,21.48,21.660965469818034,21.225392516033544,21.19630549046764
-46.9006,168.146,21.51,21.77338546118394,21.220844504983642,21.221177448867838
-46.8935,168.126,21.46,21.518602888372,21.10559449701382,21.0641507720476
-46.8918,168.131,21.46,21.61898046986466,21.06904772774495,20.99218675405426
-46.883,168.133,21.45,21.713376978489038,21.044579295068594,20.97818459778921
-46.8635,168.123,21.48,21.75476444296119,21.024450237974264,20.927242431266972
-46.9006,168.123,21.43,21.530140959822184,21.194470796298774,21.206132640108063
41.6562,2.65346,20.34,20.176759934869622,20.345221639895414,20.11977469633069
28.0921,-16.6601,16.99,18.76862701811483,18.380294319005323,18.48407116475498
28.0921,-16.6601,16.65,18.76862701811483,18.449398863659244,18.491950996464823
28.0921,-16.6601,16.87,18.76862701811483,18.419356898749136,18.391479744079653
35.4799,-79.1803,16.42,18.51723304389053,17.96450232648493,17.821847401351945
35.4797,-79.18,18.33,18.51723304389053,18.619934387078263,18.434814269837606
35.4593,-79.1875,18.16,18.76608064671944,18.961004910534463,18.884270584232898
28.388,-16.5645,18.89,18.654679938273354,18.28839051894835,18.65724284485539
28.388,-16.5645,16.64,18.654679938273354,17.980844436224434,18.186924081479326
35.4825,-79.1909,17.39,18.585552314489707,18.78300014179501,18.41331860225109
28.388,-16.5645,18.32,18.654679938273354,18.188739434623194,18.3384601446987
28.388,-16.5645,19.92,18.654679938273354,18.63545528347394,18.60567288518505
28.3657,-16.815,16.89,18.896211414219074,18.61722600877058,19.38787040890415
28.4226,-16.2984,18.35,18.611945325872412,18.26206821083884,18.09846564457776
28.4226,-16.2984,18.38,18.611945325872412,18.29919164006308,17.999828258551275
28.4226,-16.2984,18.51,18.611945325872412,18.3538445173396,18.130686492121633
28.4226,-16.2984,18.04,18.611945325872412,18.32970080801714,18.186836212559005
28.4235,-16.3341,16.65,18.677289584440363,17.864957370800497,18.525334551342507
28.4235,-16.3341,16.19,18.677289584440363,17.84548837186258,17.980614863519016
28.4235,-16.3341,16.11,18.677289584440363,17.915271920288365,17.881146102112602
28.4235,-16.3341,16.1,18.677289584440363,17.915277990250832,17.854294647064012
42.5671,2.19661,21.36,21.09968465343471,21.231130792641054,21.428278643535588
-24.9493,16.0397,21.66,20.370176409310254,21.208363644342842,21.273376142885322
-34.7928,-56.2262,17.5,18.497046395853804,17.53698973242138,17.368600737253644
-24.9588,16.0244,21.49,20.3892349668711,21.209916341689325,21.359100242107367
-24.9971,16.059,21.25,20.43492351863702,21.347421350853534,21.368854983082425
-25.0362,16.0948,21.55,20.518018023433804,21.406253486571526,21.412575380741192
-25.1026,16.0992,21.49,20.536622928653312,21.404792197136462,21.412575380741192
-25.2035,16.1583,21.44,20.40764970948196,21.203167595479545,21.391357110415388
-25.2327,16.0626,21.45,20.403740209819755,21.187207166428927,21.39506700581062
-24.9492,16.0395,21.65,20.370176409310254,21.200566692662015,21.362623788327753
28.4636,-16.2969,17.2,18.519339556390555,17.941404975946135,18.05513380226298
28.4636,-16.2969,17.31,18.519339556390555,18.090007980797406,18.06508577637662
28.4636,-16.2969,17.24,18.519339556390555,18.069523063097762,18.138219745493682
28.4636,-16.2969,17.85,18.519339556390555,18.075123062106616,18.134558755112803
28.4636,-16.2969,16.95,18.519339556390555,18.01666364791065,18.10096558306002
28.4636,-16.2969,17.37,18.519339556390555,17.921915587314203,17.994937035452804
28.4497,-16.3111,16.64,18.52046453719941,18.129606643322376,18.265179359043874
28.4497,-16.3111,16.53,18.52046453719941,17.88539081469078,17.98868683622576
28.4497,-16.3111,16.13,18.52046453719941,17.898316494646917,17.986105286789602
28.4497,-16.3111,16.44,18.52046453719941,18.007510785589425,18.051288001176776
28.4899,-16.3266,18.02,18.54203794814941,18.080696813684202,18.282635419565175
28.4899,-16.3266,16.79,18.54203794814941,17.835036847031407,17.03106889143327
28.4899,-16.3266,16.81,18.54203794814941,17.88097315850726,17.18008417998872
28.4899,-16.3266,17.19,18.54203794814941,18.029698084381664,17.573227947310997
28.454,-16.3022,18.47,18.519339556390555,18.0998138912655,17.29910380687274
28.454,-16.3022,18.27,18.519339556390555,17.974830368201225,18.24344517411919
28.454,-16.3022,18.48,18.519339556390555,17.992458111537054,18.32701436292493
28.454,-16.3022,17.54,18.519339556390555,17.216813687996005,17.672081877635783
28.454,-16.3022,18.35,18.519339556390555,17.91538537148904,18.023902051587314
28.454,-16.3022,18.41,18.519339556390555,18.044132895155528,18.379394320775656
28.0771,-16.6529,16.75,18.85353273149921,18.94325003856691,18.657804855566525
28.0771,-16.6529,18.84,18.85353273149921,19.127567239224643,18.999170638406145
28.0771,-16.6529,18.05,18.85353273149921,17.923930247474676,18.082775132034605
28.0771,-16.6529,17.8,18.85353273149921,17.93017831066149,18.241210109828987
28.0771,-16.6529,16.81,18.85353273149921,17.907192269757946,18.064924118009486
28.0771,-16.6529,18.06,18.85353273149921,19.19066713065167,18.86783983701374
28.0771,-16.6529,17.59,18.85353273149921,19.16755046292442,18.87198097885016
41.3447,21.5614,17.12,18.554716220792614,18.7322919116601,19.058295819011132
-24.9491,16.0395,21.56,20.370176409310254,21.245993054883343,21.407552016636316
-24.9492,16.0396,21.81,20.370176409310254,21.23547286509588,21.247415106628395
44.8678,-124.04,21.08,20.81286024599529,21.228437403675912,21.37841837592219
47.6102,20.7282,20.76,19.96804126814868,20.968595363086216,21.164346500721248
47.6103,20.7281,21.16,19.96804126814868,21.09846218995817,21.328441643274747
47.6101,20.7282,20.9,19.96804126814868,21.083549464826156,21.13642200269789
47.6103,20.728,21.18,19.96804126814868,21.093480675168404,21.256780322218862
47.61,20.728,20.91,19.96804126814868,21.0983144099613,21.1107866454391
47.6101,20.7278,20.99,19.96804126814868,21.10030218355696,21.097034378031196
47.6102,20.7279,20.72,19.96804126814868,21.085465506275806,21.120982274099354
47.6101,20.7279,20.71,19.96804126814868,21.052787998120426,21.110600319899127
47.6101,20.728,20.67,19.96804126814868,20.979609546575062,21.09759189525292
49.1951,16.6068,19.16,18.519339556390555,17.421461648176933,18.069155233748017
4.67527,-74.0954,18.8,18.38410780654917,18.45362786622678,17.907051895148967
53.4064,-6.28761,18.39,18.57000388515401,18.881876597548185,19.056735813374072
-24.9492,16.0396,22.2,20.370176409310254,21.242033960751797,21.428919213447468
19.0146,-98.1707,18.95,18.5069248828048,18.524045811530133,17.92893331159737
4.58567,-74.1259,18.95,18.38410780654917,18.3872982819368,18.288678635542837
19.0146,-98.1707,20.2,18.5069248828048,18.583278535679845,17.454744725947545
-24.9493,16.0397,21.5,20.370176409310254,21.206963435607413,21.327015322198918
-25.4987,16.1822,18.04,20.409012626241324,21.20772906963599,21.053602841055348
51.5511,-9.62572,21.51,21.0127132394499,21.29680840398018,21.325728275448892
-24.9491,16.0395,21.27,20.370176409310254,21.1931555165018,21.388045247912356
-24.9491,16.0395,21.3,20.370176409310254,21.229680315256566,21.322977705958216
41.3522,21.5732,17.78,18.705583617002794,18.491255052965606,19.38154980180845
41.3425,21.558,17.24,18.551355280653706,18.760897503218825,19.067374875700853
41.3517,21.5726,16.89,18.705583617002794,18.518159122810616,19.43063071164234
41.3448,21.5634,16.59,18.554716220792614,18.751887467005865,19.12388817232078
41.35,21.571,16.85,18.626519838778368,18.78354560527286,19.252721438311585
41.3432,21.5592,16.53,18.551355280653706,18.69635235788594,19.0669601848962
29.8725,-98.6307,20.66,20.843617106868475,20.356945664066135,20.87588008673537
-24.9491,16.0395,21.46,20.370176409310254,21.211945045775924,21.417233374269767
32.4658,-111.098,20.25,19.339714998251676,20.867128029052523,20.648088397814433
-25.1149,15.9954,21.79,20.5785467571482,20.953781037277736,21.467477428119533
-24.9491,16.0395,21.37,20.370176409310254,21.185511669691437,21.41669373598299
-24.9491,16.0395,21.47,20.370176409310254,20.648625929719124,20.866573011505157
29.8725,-98.6307,20.75,20.843617106868475,20.064375572002884,19.894811586757452
52.8909,-0.457221,20.02,20.930135022464043,20.734548068920795,20.974641273966498
34.9714,-108.294,21.72,20.687905149406532,18.856497716673587,19.65074151929105
52.891,-0.457265,18.91,20.930135022464043,18.413892212084974,18.93644445644898
51.0319,5.46311,18.55,19.402521730781725,19.874480033102156,19.868839706143167
51.0319,5.46368,18.9,19.402521730781725,19.978620526254456,20.254342904832615
41.3404,21.5458,18.8,18.557006285423277,18.636807372158522,19.0864919902405
41.3505,21.5722,17.66,18.72366211665354,18.593074900844137,19.131309381015406
41.323,21.5967,18.98,20.37579751326729,20.285501502187184,20.873908062010752
41.3366,21.5574,18.39,18.57163367796968,18.592068170335335,18.995760126410598
41.3447,21.5615,16.95,18.554716220792614,17.65747856668232,18.04818307034572
41.3438,21.57,18.56,18.637624623336794,18.764717438667496,19.017529796507116
41.3453,21.5515,16.89,18.54755949812133,18.275074434546138,18.430506397688315
53.6204,-10.2356,21.37,21.17404020073507,21.571952252041374,21.728717895048668
38.4488,-121.409,19.75,18.547618107027866,18.356404292357976,18.361890258491915
51.0645,3.66837,19.2,18.89236117487256,19.477815993851294,19.532058963537626
51.0804,3.61533,19.72,19.517217475427362,19.404621679018668,19.924163621887097
47.4922,8.21611,19.55,19.526604008058044,20.050554312800138,20.125970729522763
38.4488,-121.409,19.13,18.547618107027866,18.371601847779676,18.427508577475866
49.8216,7.89317,20.6,19.7625920979382,20.476771730240237,20.487450727845903
51.5516,-9.62574,21.35,21.0127132394499,21.378195419337043,21.491153830304587
37.92,-122.044,20.98,18.649565725442606,18.59913333500323,18.61738792314873
29.8725,-98.6307,20.73,20.843617106868475,20.411136149286406,20.589509853869206
47.6103,20.7282,20.58,19.96804126814868,21.1323992718536,21.114036831531642
47.6104,20.7281,20.75,19.96804126814868,21.087217910013898,21.13839924972256
47.6104,20.7283,20.62,19.96804126814868,21.06916977233206,21.144067698993737
48.4903,-2.73654,18.5,19.346736841675938,20.192727412104436,20.460521611829023
48.506,-2.75874,19.15,18.524021924026027,18.70575232391984,19.159145363297313
48.5152,-2.76768,19.3,18.61492045782061,19.513371036591884,19.552162567128022
48.5039,-2.70624,20.1,20.35879934975224,20.339818033312817,20.508568933893216
48.5023,-2.6946,18.5,20.58187405860726,21.13344101701987,21.009951887448608
48.4861,-2.67287,19.6,20.82375246299457,21.158118271162074,21.07675352410417
48.4807,-2.7111,20.15,20.356045005453733,20.81541943858565,21.05196476431545
48.4771,-2.74992,19.9,20.01199711773396,20.34825914454599,20.819566466946718
48.4727,-2.77992,20.1,19.989305951582836,20.43983916390614,20.797402014084284
48.4498,-2.81485,18.8,20.7331488042652,20.676255258776365,20.89441156891303
48.4933,-2.79923,18.5,18.986609347499623,19.734914822576684,20.14205580251747
48.493,-2.84661,20.5,21.037286086869923,20.971159767225128,21.0005649245685
48.5224,-2.85265,18.5,19.29129960745508,20.687965956605343,20.907108690423726
48.522,-2.87364,20.3,19.811789850361915,20.61581340820489,20.985213769285984
48.5414,-2.83589,20.44,20.828314788491237,20.864784546136303,20.853496245972664
48.548,-2.78887,18.8,19.629207942423214,20.24998952526776,20.87911920139735
48.5367,-2.76474,18.7,19.107234671261043,19.47043162683687,20.007443840211387
48.5536,-2.71868,20.35,20.89949017633716,20.674238013721894,20.816585932919246
51.0455,3.724,17.92,18.59887092050853,18.441869150074297,18.21124578260882
47.3577,-1.01922,20.78,20.32998085079231,20.998261123974867,21.23234578759778
52.8909,-0.457291,20.51,20.930135022464043,20.445242252222762,20.623256426436043
36.8501,-119.672,19.24,18.80740479650919,19.039185847489357,19.174976882216377
51.0526,3.65079,19.53,18.800962994303852,19.24103281768579,19.210969691310257
47.61,20.728,20.59,19.96804126814868,20.56595137095511,20.932596276621375
47.6101,20.7282,20.92,19.96804126814868,20.983277678066525,21.088624772423792
37.3133,-120.46,20.29,18.794239233744914,18.885480751197786,18.774062479286844
47.6101,20.7278,20.8,19.96804126814868,20.73494743139183,21.04221964203672
34.0427,-118.511,17.85,18.68457343756778,18.362469050405892,18.393057590743787
34.0427,-118.511,17.78,18.68457343756778,18.232454255497437,18.30335240301915
34.0427,-118.511,17.52,18.68457343756778,18.343415210545654,18.40628074271046
47.6103,20.728,20.9,19.96804126814868,20.41725095484814,20.888227205600572
47.6102,20.728,21.02,19.96804126814868,20.90868780273523,21.06642475329835
47.6102,20.7281,20.77,19.96804126814868,20.5610397787196,20.971244505206727
52.8909,-0.457716,20.03,20.931169698941286,19.965399431901837,20.524104759500315
39.9679,-74.2524,18.01,18.638894328403108,18.873511722995392,17.733056037634846
47.2494,9.34323,20.51,20.570423441059006,21.08372907043192,21.044075703846612
52.8909,-0.457375,18.5,20.930135022464043,17.966936015530212,18.29961515621984
47.4442,19.3755,19.7,19.22394524591173,19.82499669120666,19.864379259909843
34.2745,-118.394,16.76,18.46950080783222,18.60044851266895,17.727739958265
52.892,-0.47056,20.63,20.96820248724393,20.92056715457669,21.11869890633405
47.2494,9.34323,20.51,20.570423441059006,21.063315286116122,20.997928242416414
52.8912,-0.457359,20.68,20.930135022464043,20.16423313641644,20.567657410262377
41.6301,2.69472,18.82,18.62829438312657,19.45837498316001,18.431828709219523
41.6301,2.69472,18.82,18.62829438312657,18.776462841269982,18.18725813206913
41.6561,2.65346,20.22,20.176759934869622,20.01707658849442,19.52187519574025
41.7767,2.59656,20.66,20.815906599829546,20.492384273845413,20.50952507673435
41.7766,2.59673,20.57,20.815906599829546,20.179350834317916,20.01996505307546
42.2526,1.7871,21.21,21.218162434082352,21.08579914895704,21.104492144752
42.2526,1.7871,21.43,21.218162434082352,21.26503486712183,21.233597192632963
42.2526,1.7871,21.3,21.218162434082352,21.063761076403633,21.124377141937934
42.1442,-121.824,20.7,20.675371092396638,21.081278910159945,21.265183961191482
45.7261,9.00666,19.04,18.59515510543944,18.775206491117668,18.827748124875367
41.3522,21.5458,18.21,18.604723640853166,18.656003470949187,18.8375461013979
41.3444,21.5405,16.81,18.579281131066733,18.617974288772245,18.642735534309264
51.0288,3.71045,18.88,18.59887092050853,18.377429400301445,18.44115207484237
51.0328,3.70446,18.6,18.59887092050853,18.412416727182357,18.406964308551387
41.3442,21.5501,16.67,18.54775940711992,18.447576317540264,18.6054024404287
41.3341,21.5547,17.21,18.62498544713613,18.715574054921888,19.13625191986468
41.3515,21.567,16.87,18.593297934202823,17.62377311474557,17.97674420748547
34.5834,-112.484,20.15,19.00918669108803,19.894062826323882,19.760338769398654
37.7465,-120.882,19.53,19.07461481258828,19.748021459218613,19.766971114298094
45.5633,-122.68,17.97,18.51951129821738,18.570473336496335,18.270518796938866
42.4688,-117.891,21.5,20.685967862160236,21.272679452087004,21.276469545372297
41.9973,-117.719,19.73,19.747814398706158,21.424161012311494,21.290346303183483
41.3412,21.5461,16.54,18.55631065176113,17.5019827687517,17.800726692287757
42.5607,2.16044,21.21,21.028850246013825,20.918582045372904,20.942458577320227
42.2241,-121.79,19.78,18.90973030619472,19.067930518305626,19.664988506966353
41.3446,21.5614,17.79,18.554716220792614,18.622401744857235,18.833285242787266
41.3506,21.5388,18.37,18.640498858157166,18.745405237558327,18.965464394398513
43.4841,13.0671,20.15,19.11017981221746,19.25262034465903,19.520509259602164
34.2043,-118.529,18.76,18.550511106483317,17.941743337024832,18.28201021649648
34.2043,-118.529,17.58,18.550511106483317,17.941743337024832,18.28201021649648
34.2043,-118.529,17.48,18.550511106483317,17.950076699524832,18.28201021649648
34.2043,-118.529,17.3,18.550511106483317,17.985743884264263,18.26856197559095
34.2043,-118.529,17.49,18.550511106483317,17.992281696322447,18.284131690440894
34.2043,-118.529,17.71,18.550511106483317,18.252103324262535,18.64617579136681
51.3204,-0.573104,19.82,18.89970131859937,18.23206958242101,17.925911022943787
49.5585,11.4856,16.99,21.137022113839016,18.88795975175193,19.140575114680203
49.5585,11.4855,17.41,21.137022113839016,18.97672898287936,18.973217987977197
49.5585,11.4856,17.89,21.137022113839016,19.001530289988924,18.850618475030355
49.5585,11.4856,17.02,21.137022113839016,19.281958224999947,19.374437780649746
32.3129,-110.901,18.14,18.723129751560673,19.374943291982458,18.954050497859267
34.61,-112.316,19.74,18.827577998280816,19.711597601605217,19.356683057672168
47.6102,20.7281,20.74,19.96804126814868,20.594254649291667,20.927238966575054
45.8126,8.78138,18.96,18.904712692723212,19.115858498993166,19.347626936885778
39.48936926238246,-76.33315258238112,18.78,18.891262863284553,18.603209650945242,19.020574574744955
24.083934722929097,-110.1984083946944,20.52,20.705653114063203,20.675125175179815,20.59651426787154
40.44152752289544,-109.25226191359543,21.62,20.471245382797033,21.00643664034041,21.27569463829451
38.01913375890023,-122.69815213007172,20.3,21.368590943907222,20.547579050587093,20.412058004529065
24.084188982867765,-110.19806779102342,20.54,20.705653114063203,20.78954683633224,20.78998339477725
-26.634157483700346,152.86035567532298,21.42,20.79753010958241,20.704295167025688,21.085825987975017
-26.649462892454043,152.81172909946605,21.56,20.875268086705166,21.251422175506672,21.42642820178743
-26.586906803527235,152.7375953091489,21.58,20.842721427660432,21.356701342311588,21.441612589007867
-26.54814765401399,152.71270751953125,21.62,21.052157102166863,20.943571988058476,21.298820344497972
-26.5949499,152.7275682,21.04,20.772031527133795,21.242280146293947,21.422037627476037
-26.62453809128687,152.68927574157715,21.73,20.9618364936024,21.290513713945217,21.449028297001426
-26.66042580244393,152.6895516023434,21.68,20.953079533472422,21.19444124615553,21.352944558691988
-26.69251041872481,152.70760771285205,21.61,20.78079279870437,20.98842427743364,21.195698632562713
-26.69556169769064,152.71232441402736,21.61,20.8293964002724,21.19011876175689,21.297971508365954
-26.71179515052669,152.70222217411532,21.61,20.727047552201086,21.110129589437573,21.304202896991725
-26.727295563682528,152.76442428273458,21.64,20.920004320657196,20.94790146410529,21.276313289755798
-26.68389625193964,152.76001466665602,21.54,20.87327783089144,21.050375357681997,21.3192624315351
-26.7603083,152.8098306,21.37,20.8896066826156,20.807784242937878,20.880842066541714
47.61006937363717,20.727857336233143,20.71,19.96804126814868,20.333072089701595,20.746408848820998
47.61025797170567,20.72833639059424,20.78,19.96804126814868,20.421574727937863,20.763997701662497
47.61013470442692,20.72795561543276,20.88,19.96804126814868,20.41761065291233,20.770504661545353
47.61033799426152,20.72833201079892,21.02,19.96804126814868,20.515857099050244,20.86367870395616
47.61025337671945,20.728006055172862,20.9,19.96804126814868,20.506888409967818,20.8571624851405
47.61016497719179,20.72797244682656,20.9,19.96804126814868,20.39546351449745,20.698826269093153
47.61016673478544,20.727898696432728,20.74,19.96804126814868,20.398208554674223,20.689165752772062
47.6103086950264,20.72828694245214,20.49,19.96804126814868,20.03765416018323,20.49571665331557
47.61034205189935,20.72808208998879,20.86,19.96804126814868,20.524924552178085,20.76619576024472
47.61032531396906,20.72826324285501,20.92,19.96804126814868,20.4987877423773,20.67813057344007
47.61031828236759,20.72826906995334,20.92,19.96804126814868,20.4987877423773,20.67813057344007
47.610327578615525,20.728303533812905,20.85,19.96804126814868,20.637270397465745,20.985745561695918
47.61032272880807,20.728255509666567,20.79,19.96804126814868,20.5977047325433,21.004212945557807
47.61032650110413,20.72826014980428,20.72,19.96804126814868,20.610020207796275,20.946664343690134
47.61035258057271,20.72807127474837,20.9,19.96804126814868,20.49664950109465,20.85553638767781
47.61014536128107,20.728116905146702,20.88,19.96804126814868,20.53390026388052,20.7720184306841
42.5696442,-71.3675444,19.97,19.475996026558484,19.072000446387776,19.332184287947364
42.25250560687818,1.7868614736563204,21.11,21.218162434082352,21.076264629834228,21.110086945384648
42.252543585571686,1.786696920721842,21.04,21.218162434082352,20.913890673536528,20.808278587549953
41.65608042468552,2.653471633525628,20.17,20.176759934869622,20.057522204895108,19.62671856142869
41.656084814768846,2.6535329251743844,20.03,20.1488516304353,20.031696599169464,19.61617058225709
41.65608287120343,2.653532638095144,19.77,20.1488516304353,20.124994372049656,19.64737966383079
38.9503251,-78.9315673,21.06,21.179565705248805,21.1650431513484,21.289647383495378
45.1871198,-93.918383,20.43,20.4193655042175,20.341738042378466,20.612908634772147
33.3105578,-111.3680402,20.636,20.035428900167105,20.62302092564839,20.741821847962765
-26.708381198510125,153.13472468106437,19.62,18.835721810126156,19.564138277435575,19.383359223688416
38.888715,-119.818353,20.88,20.835893786743437,21.032432628506445,21.11123501967647
38.28782021412557,-85.93232787496011,19.37,19.173972948144687,19.50570175570052,19.632316441274995
37.7424192,-78.4015222,21.05,21.27809174729779,21.18963143758763,21.109849215961138
37.7424192,-78.4015222,21.22,21.27809174729779,21.166086394301548,21.033195913660133
54.1709838,-3.2333273,20.36,20.510474236450115,20.284885357661665,20.205659719578573
54.1700869,-3.2326997,20.31,20.454561372022134,20.279697399236156,20.205659719578573
54.1700389,-3.2308851,20.29,20.446971997716638,20.28345156590282,20.19786764119659
35.2828393,-106.718801,19.52,18.768509459233684,19.38830662889544,19.30171627307506
35.2828402,-106.7188065,18.49,18.768509459233684,19.33656525130626,19.292070430490384
35.2828426,-106.7188044,19.19,18.768509459233684,19.333172814412336,19.307058918536903
33.3105525,-111.36806,17.707,20.035428900167105,20.607356852427692,20.711309963092763
38.28784867538468,-85.93240105520356,19.28,19.173972948144687,19.357423447514524,19.627266631125558
41.2485329171567,-81.8368805578101,20.48,18.783941580823647,18.38855037712338,18.79141280311381
37.7424617,-78.4014991,21.12,21.27809174729779,21.165194870917194,21.05511980825294
41.4715983,-81.795478,17.07,18.59887092050853,17.69981353482612,17.251217400025762
38.88750793802348,-119.8202599213116,21.07,20.84034766826004,20.998026198882872,21.08989300183842
33.3105545,-111.3680351,20.444,20.035428900167105,20.63610780139687,20.761805860113853
32.60897712676687,-110.73336038711471,21.11,20.75582626104894,20.726018947744603,20.950156932623344
37.7424547,-78.4015061,21.62,21.27809174729779,21.083971788288906,20.573717644180253
0.2432219117145227,32.55655404208084,18.09,18.75914496301916,19.631377516107122,19.26799019000353
33.310554,-111.3680672,20.584,20.035428900167105,20.63620181353833,20.758766279114898
37.74236,-78.4015439,21.33,21.27809174729779,21.166779960158053,20.8801257284223
0.0,0.0,18.47,22.00064371900251,21.10587944741696,21.455326797280946
30.1686294,-97.8086292,18.51,18.530019202987802,18.323165645289006,18.045344489426608
30.1686294,-97.8086292,18.46,18.530019202987802,18.288656733201186,18.060917595849848
30.1700331,-97.8141915,18.46,18.533154519494854,18.346761103228502,18.073366883259492
0.0,0.0,18.43,22.00064371900251,21.06332821587841,21.637271685204404
30.1639663,-97.807562,18.43,18.591202830930058,18.53015956460247,18.166877020997163
30.267153,-97.7430608,18.47,18.47066306899538,17.92068583857748,17.380632820228428
30.163514444945825,-97.80739711450944,18.47,18.581880883477584,18.28107218409,18.169490103725103
40.95245644270602,-96.85144939275185,20.68,20.96254878868789,20.71751907181156,20.82463970281385
33.310556,-111.3680374,20.424,20.035428900167105,20.630646835915268,20.678279655567955
37.7424371,-78.4015199,21.06,21.27809174729779,21.15555524845918,20.903970602920158
37.7424371,-78.4015199,21.32,21.27809174729779,21.136771682245918,21.023271660881882
33.3601343,-110.7687753,20.5,19.56600678444374,20.18306400875069,19.99189376909361
32.6103821955832,-110.79759563096,20.87,19.61336955725666,20.34399210663474,20.243684682976912
44.91869181269387,-93.29176279235766,18.35,18.51595737728247,18.629315741198493,18.39922478803786
32.61024492161097,-110.79778922928692,20.81,19.61336955725666,20.313870223951398,20.138969096098265
0.243218320564914,32.556553741185645,18.07,18.75914496301916,19.376753698138145,19.10114252709305
51.84600792668376,4.146061345995067,19.05,18.742973561471644,19.572381850374615,19.487718844908976
33.3105483,-111.3680379,20.424,20.035428900167105,20.64316262903885,20.729867230236433
33.3105518,-111.3680364,20.368,20.035428900167105,20.594512468478747,20.602357132429084
30.68086590902641,-97.92947622355908,19.51,19.197640637384808,19.698856898225646,19.563605854336146
37.7423647,-78.4015441,21.13,21.27809174729779,20.99805937801957,20.54249926114769
39.998323915303935,-105.0168162758864,21.5,18.676154069611467,18.73478823741083,18.75458183556858
37.7423363,-78.4015416,20.91,21.27809174729779,21.1384344006126,20.961387009687822
43.09493472721007,144.5787379370384,21.02,21.274329656191718,21.24081300613653,21.398725838201933
0.2432181906822458,32.55655807739504,18.38,18.75914496301916,19.309818202458764,19.26910515788177
37.7423417,-78.4015396,20.74,21.27809174729779,21.104857524750006,20.413360787145667
33.7225429,-111.6756942,18.73,18.784892963964587,19.78627566567685,19.687040492478154
33.3105583,-111.3680257,20.368,20.035428900167105,20.572775196376753,20.628876561946864
34.77859059436872,-87.66678077504491,19.252,18.555213616011702,18.222815025337383,17.406129642133852
34.79425032151208,-87.62081445006866,18.542,18.7471764921436,18.633890522124407,18.562515315680535
39.999077302521,-105.01613688168176,20.5,18.654998770638763,18.435994754652526,18.50328475491281
34.7849469,-87.6769743,18.818,18.6131083494357,17.971088016540737,17.963304226382856
39.9848269,-4.2414236,19.75,19.249555363362134,19.806662967643433,19.810838109428
37.22084572282882,-2.5467681884765625,21.27,20.908642564137644,21.444462586786326,21.466127589016498
34.807836,-87.6804676,16.54,18.47992104550961,18.312553965982637,18.2551103693094
38.8876336,-119.8204676,21.15,20.84034766826004,20.866095793497056,21.062184969077315
0.0,0.0,19.21,22.00064371900251,20.914360160869027,21.135872646063177
0.0,0.0,18.75,22.00064371900251,20.52819474727721,20.616525794792473
0.2432145806466026,32.55655721651716,16.26,18.75914496301916,17.379586163907174,18.24794866756397
35.2828513,-106.7188142,19.44,18.768509459233684,19.394647935321576,19.29016217159483
-6.813653299999999,107.6205957,16.207211430439056,18.694506130469723,18.541389592385375,18.050349333210896
40.04524420000001,-75.63826569999999,17.6,18.73399383489642,18.750122978714124,18.49585128765648
0.2431774778744065,32.556563983159734,16.61,18.75914496301916,17.55501265495535,18.453987849051277
34.8095775983147,-87.68286168862873,16.554,18.502199030942844,17.335945100793104,17.953058713095952
34.80859134182141,-87.68171928340828,16.224,18.493469575820278,18.271304682663892,18.252388019855175
39.9799076,-74.2661,18.61,18.54289096581302,19.077846314629213,18.66544884705567
0.2431774778744065,32.556563983159734,16.64,18.75914496301916,17.80096366878221,18.681433964806466
39.9799479,-74.2661108,18.97,18.54289096581302,19.123721618928542,18.715059010745854
0.2431774778744065,32.556563983159734,18.42,18.75914496301916,18.905071105142895,18.880306297619242
28.20832578139544,85.62398109396592,20.2,20.573396686000812,21.066576190660893,21.217733630781243
27.677284820955823,85.31277281381304,18.1,18.547417446217338,18.30660164385604,18.545582582617296
0.2431774778744065,32.556563983159734,16.55,18.75914496301916,17.99395427976845,18.502968421789326
39.665701,-104.7906334,18.78,18.44659929866721,18.279567691548888,18.61581950046221
45.187244451723096,-93.91807381348283,20.6,20.4193655042175,20.42230048917627,20.594555124556436
45.18725203060514,-93.91808805025018,20.5,20.4193655042175,20.40091491010337,20.588786940567925
39.9799476,-74.266109,18.93,18.54289096581302,19.139442698678792,18.759478876328117
35.2007894,-97.4508542,18.63,18.626142550851164,18.288234213029984,18.253044133126167
38.88798879886107,-119.82019481273733,21.18,20.84034766826004,20.9535536617929,20.9316108354886
45.11594698913762,-93.48903575136904,18.73,18.72536746993937,18.94795854429822,19.20278478848182
39.9799388,-74.2661178,18.64,18.54289096581302,19.129470900585673,18.797538383870688
38.28774164074491,-85.93245291611184,19.37,19.173972948144687,19.290494593069123,19.509154698694125
35.88035573953353,-78.81147932687281,17.94,18.66538824685799,18.370470790726646,18.818334999111794
36.04561342026741,-79.10045255139079,20.12,18.718756566643123,18.89765044575411,18.900101345665256
36.05333195412779,-79.56869602203369,19.68,19.144320266349723,19.57249201266894,19.423606402431787
36.055715,-80.01650579999999,20.04,18.70312275117063,19.16343448544628,18.67514259365388
0.2431774778744065,32.556563983159734,18.46,18.75914496301916,19.33824655013966,19.40361736718308
45.115524130397205,-93.48900166419962,19.04,18.72536746993937,18.959465266881196,19.18204866149349
38.28776592055998,-85.93245731249556,19.42,19.173972948144687,19.28026168049273,19.483478857859417
38.27372246615868,-86.41457365622627,20.72,20.999293987391834,20.768812788970514,20.931080873303546
36.13749518062559,-79.8395037465541,18.86,18.631087157248206,18.255714694697357,18.395828015188783
37.2087105,-77.4356405,18.42,18.7718697511337,18.90710048911837,18.713025088819396
37.7426619,-78.4013437,21.24,21.28287227281443,21.130383817822793,20.983486950427586
39.64605420769103,-76.98591277687409,20.05,20.6522296204645,19.827355671231793,20.040787156517645
39.64523046141492,-76.9862843370802,20.05,20.625890894532645,19.80234910444703,20.040787156517645
39.64713817664186,-76.98746681213379,19.05,20.651907105662428,19.82562691880514,20.045434107676627
0.2431774778744065,32.556563983159734,16.68,18.75914496301916,18.00074205754623,18.382449365240817
32.60895108375187,-110.73324814929344,21.23,20.75582626104894,20.754090737185724,20.956811299804315
37.7423517,-78.4014548,21.01,21.27809174729779,21.151076732008296,21.015429937727873
33.5731104,-7.5898434,21.42,18.547359684395087,18.093988799065404,18.088564251713837
0.2430829,32.5565045,16.19,18.75914496301916,17.976669772470192,18.683388059037487
37.7422977,-78.4015382,20.99,21.27809174729779,21.129946653081475,20.95582263780224
0.2431774778744065,32.556563983159734,17.36,18.75914496301916,19.035120328246077,18.749861376015506
32.610307493163845,-110.7977591815907,20.77,19.61336955725666,20.361043237933288,20.120928563866634
37.7422981,-78.4015405,20.88,21.27809174729779,21.0826347595431,20.578925103115406
29.106241337282498,53.90995349543458,21.04,20.42297557165864,20.870180815558054,21.15309267002409
37.7423637,-78.4015635,20.94,21.27809174729779,21.159034880033072,21.063291588333744
36.12382915429442,-79.87423474126494,18.84,18.56463902281813,17.97083819588937,18.16932755009211
35.99990641030197,-79.91811706143544,16.51,18.694628194393875,18.463536331579732,18.652894134690737
35.999396172985335,-79.91894399070317,17.55,18.694628194393875,18.458554405742415,18.652894134690737
35.99812385139635,-79.91871260960478,16.04,18.687566893082977,18.45960094324036,18.6649533410109
35.998465507566856,-79.91783650897305,17.39,18.687566893082977,18.45178997498639,18.628228693012982
35.99853172801151,-79.91854054832382,17.2,18.694628194393875,18.455474341946562,18.625024680349522
35.99886698629367,-79.91756778746613,17.48,18.694628194393875,18.45718094908942,18.625024680349522
35.99861526797632,-79.91690681064404,17.92,18.693541588800404,18.45466963956561,18.618664342203818
35.99910063269773,-79.91587856086328,17.95,18.70179620514642,18.455328065533543,18.60289468882115
39.9799319,-74.2661059,18.57,18.54289096581302,19.02149571455483,18.588001790690647
0.2431825495672139,32.55658276094267,17.69,18.75914496301916,19.379028353738473,19.3327805318484
35.2145801,-97.3713237,18.63,19.10516980101609,19.52865304231429,19.400597945419975
37.7423653,-78.4015662,21.06,21.27809174729779,21.11092184900974,20.983997681822245
0.2431825495672139,32.55658276094267,18.48,18.75914496301916,19.653997565830725,19.196482396008964
0.2431825495672139,32.55658276094267,18.5,18.75914496301916,19.58170591617502,19.41599259276098
29.871914499999995,-98.631263,20.55,20.843617106868475,20.225260038292493,20.3940575466543
36.845989818964576,49.76318257135118,21.03,20.79010784849762,21.191558838982804,21.29647504415361
0.2431825495672139,32.55658276094267,18.05,18.75914496301916,19.587168998158084,19.42086147622456
33.517042705010866,59.74826736576981,21.07,19.4740742680712,21.022760270801488,20.95975713522072
33.3593407,-111.4500302,20.32,18.868231429904778,19.05727007766425,19.242238902768886
39.9799478,-74.2661098,18.5,18.54289096581302,19.11184790748835,18.700458717030294
40.21060947910724,-92.63036552596196,20.21,20.461460261850085,19.621280325681155,19.837052857870503
40.21159612454833,-92.62206625943313,19.1,20.299917523809007,19.559661455349506,19.832929408721412
40.21322476466045,-92.6070473661664,19.67,19.715097488989123,19.727376819092452,19.53251578937971
40.21371916427314,-92.60180909400162,19.54,19.36214190826133,19.57944074058804,18.91833750337309
40.21179354443049,-92.59948706284683,16.43,19.152195876674405,18.853024611080347,18.776883778296096
40.19917094553297,-92.59121294723175,19.32,18.67489353992736,18.11473667753206,18.250239491530543
40.187485096083,-92.58505584824876,18.94,18.612931430810402,17.058826834643927,17.892059629094284
37.742325,-78.4015857,20.91,21.27809174729779,21.072177569913347,20.988233985671727
39.37239714344827,-77.16985488530581,19.36,18.69333054350133,19.510472307073247,19.304969322414067
39.37287674726729,-77.16984281974942,20.36,18.75462928539947,19.531961009181174,19.361212822746097
0.2431815619818525,32.55658277949055,18.64,18.75914496301916,19.59390918290599,19.405182005830937
38.8876336,-119.8204676,20.94,20.84034766826004,20.949664246175484,21.114671778750164
37.7423207,-78.4015621,20.52,21.27809174729779,20.98354142846848,20.925463377532274
39.9797144,-74.2660744,18.92,18.54289096581302,18.946999707911065,18.579395154721674
32.61011150477957,-110.79774084100283,20.83,19.61336955725666,20.35541891739445,20.184666764539998
37.7432828496076,-78.40120055600165,21.02,21.28287227281443,21.084300693434226,21.001329491323677
39.3709403276188,-77.16698221811609,19.05,18.577010978642104,18.95432788474404,18.981730844946014
39.37093422903845,-77.1747551992413,19.05,18.899230008511925,19.549615689323165,19.28037152545621
29.75575001174492,-99.79235134861509,21.22,21.215818669118192,21.051322400577728,21.18652253246296
39.36830086679811,-77.1702357409522,18.05,18.71488107914497,19.513628929724447,19.29555753940064
39.35543504561853,-77.17050279464576,18.05,19.009144566872408,19.405762093932136,19.266412005829615
38.883333,-77.0,21.04,18.59887092050853,17.592657036982946,17.563495057761592
37.74336997357917,-78.40122464526938,21.01,21.28287227281443,21.056974113786886,20.96969445879988
33.3105891,-86.7983154,18.8,18.681749118437054,18.156255276182428,18.486280902432096
39.9799465,-74.2661092,18.9,18.54289096581302,18.720382710671696,18.551364190855367
27.67740977773586,85.31290888285321,18.1,18.547417446217338,18.234276172959813,18.433711169871824
54.97226404734544,12.412871335929507,21.64,20.800150183463817,21.040835185007143,21.03542745537422
38.2881235,-85.924967,19.33,19.004940563103222,19.027444138438238,19.437625697915877
0.2431815619818525,32.55658277949055,17.73,18.75914496301916,18.87507345586958,18.934688894039468
45.115312933828086,-93.4885798240018,19.78,18.770917836388584,19.449052142685048,19.56097515900969
45.11534321841605,-93.48870857003452,19.84,18.770917836388584,19.445572398124053,19.526289108364576
45.115428544787726,-93.48890748161084,19.87,18.770917836388584,19.418021554433587,19.46125689358419
45.11517861582119,-93.48860406314272,19.87,18.770917836388584,19.225355332497244,19.317270581678326
45.11546435660712,-93.48888023141149,19.83,18.770917836388584,19.030445427842707,19.282689202117226
45.11537350298792,-93.488794400723,19.83,18.770917836388584,18.991790940732507,19.226703229430978
45.11528264922407,-93.488794400723,19.79,18.770917836388584,18.9901751336836,19.230686463705016
45.11540378754372,-93.48875148537876,19.7,18.770917836388584,18.893998076488487,19.15134495928991
45.11540378754372,-93.48870857003452,19.6,18.770917836388584,18.814046613187735,19.099497019259466
45.11537015403778,-93.48885165519484,19.55,18.770917836388584,18.66835904312082,19.089158823196854
45.11540378754372,-93.48875148537876,19.31,18.770917836388584,19.359900605589573,19.479736327675965
45.11540378754372,-93.48883731606723,19.41,18.770917836388584,19.44908318594734,19.519331245804295
45.115312933828086,-93.48870857003452,19.79,18.770917836388584,19.229120292814702,19.29009852228147
45.11537350298792,-93.48875148537876,19.8,18.770917836388584,19.031954515710687,19.26403098181512
45.11534321841605,-93.48879719937092,19.74,18.770917836388584,18.995307012161078,19.210381495678167
45.11540378754372,-93.48867720376312,18.69,18.770917836388584,18.988650133683603,19.21390003470986
45.11543407208347,-93.48892314675572,19.62,18.770917836388584,18.889100429429664,19.13752608355773
45.11528681376564,-93.48877428951457,19.53,18.770917836388584,18.812868966128914,19.084745544262606
45.11550096502096,-93.48896878981829,19.44,18.72536746993937,18.851996079402685,19.102771164807734
45.115344875907226,-93.48875853171782,19.86,18.770917836388584,19.37949771334293,19.4857562544639
45.115252364603975,-93.48866565469028,19.93,18.770917836388584,19.390621375791593,19.466889737648078
45.1154946411147,-93.48853690865757,19.98,18.770917836388584,19.367459272965053,19.415818440661674
45.115312933828086,-93.488794400723,19.98,18.770917836388584,19.178050289659648,19.291003730367073
45.11543407208347,-93.48875148537876,19.98,18.770917836388584,18.999837110323153,19.195181084597706
45.0953216,-93.47072,19.91,18.876031935995826,18.978889964229076,19.328712249871504
0.2432620582642738,32.55658058107812,17.42,18.75914496301916,18.731245545920718,19.088683621224103
0.2431735714964665,32.55654253348249,18.04,18.75914496301916,19.443514874295047,19.337543239918976
43.68498799661397,-71.00740123530845,21.103,21.542175874276243,21.224887846137634,21.29976049457698
43.68497805872662,-71.00741694995742,21.238,21.542175874276243,21.21130220037307,21.289967168420617
0.2431863775873479,32.55657323696555,17.65,18.75914496301916,18.86230556849066,19.257163124751745
0.2431863775873479,32.55657323696555,17.28,18.75914496301916,18.984067635036535,19.130613951061566
43.68498854991756,-71.00740921472052,20.975,21.542175874276243,21.205388190708362,21.29825464573338
0.2431863775873479,32.55657323696555,17.95,18.75914496301916,18.934729934879982,18.511632692186414
0.2431850225871761,32.55657575158678,16.17,18.75914496301916,18.402858275201183,18.06861370467861
0.2431850225871761,32.55657575158678,16.74,18.75914496301916,17.309035385308302,17.864864006036807
0.2431850225871761,32.55657575158678,16.15,18.75914496301916,17.348948576839007,17.932853379429666
0.2431621090800892,32.55649676886047,16.95,18.777387054503322,18.085336590857835,18.571684447996795
39.9799227,-74.2660768,18.35,18.54289096581302,18.57283379938643,18.450875726372452
0.2431672120868685,32.556476468900065,16.95,18.777387054503322,18.183275232047823,17.943046516953093
0.2431847762563251,32.556577292955005,16.75,18.75914496301916,18.109539468698348,18.787468815836775
35.2828437,-106.7188006,18.91,18.768509459233684,19.365309281547876,19.475852903158867
39.979925,-74.2628657,18.7,18.53840838649413,18.7238655904982,18.538483496873674
0.2431847762563251,32.556577292955005,16.5,18.75914496301916,18.552275626949644,18.66817243050217
0.2431847762563251,32.556577292955005,17.34,18.75914496301916,18.09267707554983,18.7417776013251
39.6656951,-104.790679,18.69,18.44659929866721,18.23315071973758,18.56657075456254
39.9799443,-74.2661083,18.51,18.54289096581302,18.86703418822712,18.512178491335064
0.2431827984867525,32.55658258928842,17.94,18.75914496301916,18.61750064735717,18.950741625492554
0.2431827984867525,32.55658258928842,17.64,18.75914496301916,18.14444819453058,18.90341762872142
39.9799432,-74.2660925,19.02,18.54289096581302,19.008532873163293,18.70942249261035
0.2431827984867525,32.55658258928842,17.48,18.75914496301916,17.474828026041777,18.275945610202314
0.2431827984867525,32.55658258928842,16.68,18.75914496301916,17.472820405351996,18.228917609176506
38.8876336,-119.8204676,21.18,20.84034766826004,20.997710123257402,21.06670602380882
0.2431827984867525,32.55658258928842,16.84,18.75914496301916,17.588242460278288,18.42180719969442
30.459694449493544,-97.955905007131,19.52,20.027392517297148,19.779556758380128,19.629258273325107
0.2431827984867525,32.55658258928842,17.46,18.75914496301916,17.553205679938525,18.270571628031952
-35.18420384849927,149.15036668864738,18.345,18.750549284428377,18.31429392865031,18.53635226182086
39.9798762,-74.2660636,18.65,18.54289096581302,18.999602698171064,18.55785686471127
29.682948,-85.2228389,21.31,21.178745573139995,21.19606865029274,21.31464998975413
0.2431827984867525,32.55658258928842,16.56,18.75914496301916,17.789878754058044,18.62903173145495
29.871992052072702,-98.63124989279152,20.47,20.843617106868475,20.349231996950888,20.35708544466496
0.2431827984867525,32.55658258928842,16.27,18.75914496301916,17.66134977568347,18.586083110153723
29.871992052072702,-98.63124989279152,20.59,20.843617106868475,20.37316798415752,20.297301262270828
38.8876336,-119.8204676,21.2,20.84034766826004,20.994145923280747,21.06078898958932
29.66798637166575,-85.22981549527357,21.04,21.61750990614415,20.987602652741185,21.203410479363246
39.9799193,-74.2660772,18.95,18.54289096581302,18.87740012505674,18.380555775531313
47.64755378119086,-90.68921949386404,20.38,21.26750367624833,21.47777441131414,21.465357294000263
0.2431827984867525,32.55658258928842,18.71,18.75914496301916,19.454796222693037,19.145363753193614
38.9177,-119.7266,21.23,18.809792066612037,19.383707526467095,19.936700699303266
39.9799315,-74.2660831,18.59,18.54289096581302,19.01753887557986,18.611856143391364
0.2431844610386378,32.5565844632612,17.21,18.75914496301916,17.898019183073476,18.370533007766404
0.2431844610386378,32.5565844632612,18.6,18.75914496301916,19.5738483538472,19.405399967696184
42.0835354,-89.5789947,20.94,20.895289777909607,20.675282276427257,20.90780847221158
39.9799469,-74.2661099,19.2,18.54289096581302,19.151697077549734,18.838516336411594
0.2431844610386378,32.5565844632612,16.58,18.75914496301916,17.997617431283604,18.551868245148803
41.2991547,21.4946618,19.9,19.834106019235524,20.43206679947209,20.557394824484376
0.2431844610386378,32.5565844632612,16.53,18.75914496301916,18.061573832529415,18.557056212236816
39.9799049,-74.2660726,19.03,18.54289096581302,18.539222468340764,18.11491913073487
0.2431867419266057,32.55658875912193,18.28,18.75914496301916,19.332916639217252,19.315763670932817
39.0207,-119.7277,21.14,19.88851114608072,20.38964276763715,20.695284148944193
30.6714414,-104.0218355,19.1,21.05044215997772,21.222142842240846,21.311347397484134
36.08564,-80.124352,19.21,18.60756060844387,18.84251279388453,18.708522563628158
36.00798043343877,-80.09374927086263,18.75,19.109564877600608,18.93422835638741,18.9693633962575
36.085627728877135,-80.12438903622092,18.46,18.60756060844387,18.838370960712567,18.60542272975602
0.2431867419266057,32.55658875912193,16.85,18.75914496301916,17.997617431283604,18.288859351274077
41.2991547,21.4946618,19.89,19.834106019235524,20.797714941894156,21.00518995283351
0.2431867419266057,32.55658875912193,17.89,18.75914496301916,18.999823087937035,18.87702908692257
36.08562723726728,-80.12439069827414,19.48,18.60756060844387,18.760553822940594,18.58349899880011
39.9799438,-74.2661126,19.23,18.54289096581302,19.145595318990555,18.79585919870216
33.5074607,-86.8148642,18.1,18.59887092050853,17.65108689511285,17.87633358384191
37.2088959,-77.4355292,18.6,18.7718697511337,18.875097217111357,18.823212924164228
0.0,0.0,17.64,22.00064371900251,20.84487306373072,20.892776053454817
0.2431867419266057,32.55658875912193,16.22,18.75914496301916,17.993519552495727,18.350831253340633
0.2431867419266057,32.55658875912193,18.27,18.75914496301916,19.670000367322764,19.452183977807376
30.010428,-99.207796,22.03,20.833294283294865,20.148054059137667,20.436593815561064
39.9799389,-74.2661059,18.69,18.54289096581302,19.04695471320832,18.607918675861505
13.631469223620956,19.30892720206976,19.55,20.44855590200343,21.25440923290456,20.812059285848132
0.2431867419266057,32.55658875912193,17.34,18.75914496301916,19.031103449374946,18.88723532519929
45.8993055,15.8601184,21.2,19.028489828181034,19.390505459889813,19.544020462238024
0.2431867419266057,32.55658875912193,17.86,18.75914496301916,18.94962795336122,18.823446343387793
45.31148432773899,16.266331672668457,21.26,21.107780977660695,20.909895287408045,21.10418979447471
45.31173870878201,16.265991967810574,21.15,21.106918186760932,20.827610345258698,21.054973084325706
30.010428,-99.207796,20.6,20.833294283294865,20.15526609489813,19.907788800535528
39.9799448,-74.2661082,18.31,18.54289096581302,18.881548917043812,18.471144035430747
41.2991547,21.4946618,19.79,19.834106019235524,20.863854824028298,20.988534993989845
0.243154420620777,32.55654136322347,17.4,18.75914496301916,18.96391621471633,18.824253315398323
0.2431867419266057,32.55658875912193,17.6,18.75914496301916,18.966129953154702,18.71166924337161
35.5436610466308,-120.72216250291233,20.5,19.158427584466647,19.452596402890276,19.914009044163976
39.9799478,-74.2661093,18.81,18.54289096581302,19.112040377851887,18.74443185575427
0.2433175051721147,32.55603364432845,16.12,18.777387054503322,17.869322648913194,18.48784128402229
41.2991547,21.4946618,19.72,19.834106019235524,20.77456582220016,20.890487234268925
38.56751020422829,-105.98205868158398,20.64,20.575532779887318,20.557666528004997,21.030204023625217
35.2828584,-106.7187992,19.74,18.768509459233684,19.37070235730517,19.210049432484603
0.243117214633192,32.556510371513866,17.38,18.75914496301916,17.820265930215225,18.5670016859574
41.2991547,21.4946618,18.49,19.834106019235524,20.870263135555074,20.968194190161523
0.2431867419266057,32.55658875912193,18.26,18.75914496301916,19.550564759084388,19.438453849285004
45.11537414630975,-93.48900763698592,19.1,18.770917836388584,18.986278436829977,19.20424667628487
42.9009009009009,-100.5275128064609,20.97,20.786589674512804,20.661259898132403,20.87485867627315
39.6656951,-104.790679,18.7,18.44659929866721,18.332360608037906,18.392389875738594
35.54028270000001,-79.7480465,20.98,20.998832842899034,20.458393377359062,20.461007035756303
35.6358962,-80.2645611,22.12,19.767058535902258,20.04527231988426,19.988857483860695
0.2431897450904273,32.55659565400793,16.7,18.75914496301916,17.792009681741476,18.547411718644817
0.2431897450904273,32.55659565400793,16.74,18.75914496301916,17.758866153602945,18.349855241303867
41.2991547,21.4946618,18.48,19.834106019235524,20.771924329649053,20.90470486348697
41.2991547,21.4946618,19.64,19.834106019235524,20.753509661387067,20.9195501873073
39.6656951,-104.790679,18.71,18.44659929866721,18.315174740148485,18.399277577133716
33.24313198219363,-111.71363297860296,19.6,18.593456994770897,18.11855214907731,18.04815077753799
39.3808113,-77.1600088,19.41,18.782167788362255,19.397631086339942,19.26926285963294
39.9799348,-74.2660912,19.13,18.54289096581302,19.074439106293415,18.64279131067766
0.2431897450904273,32.55659565400793,17.19,18.75914496301916,18.93655166747986,18.714347055428806
0.2431897450904273,32.55659565400793,16.71,18.75914496301916,17.78721796408821,18.343586868776903
33.6484958,-112.0681371,21.5,18.38860827056909,17.827935111220146,18.09990596956158
30.09158960825509,-97.870892654007,17.7,18.82119530627976,17.536843666319307,18.359485545496458
39.6886016,-104.7134208,18.62,18.697824556865292,19.209729010329212,19.085408016360986
39.6656951,-104.790679,18.51,18.44659929866721,18.297152208017753,18.356894264341335
46.71425794653609,-92.48004826301616,19.8,19.287645362353988,20.071602583316363,20.42879998727114
46.69099141694733,-92.4874685717162,19.3,20.477899354416508,20.042317226897307,20.360298379284174
41.2991547,21.4946618,19.89,19.834106019235524,20.874900142086148,21.000880393182168
0.2431897450904273,32.55659565400793,17.32,18.75914496301916,19.63054960707909,19.371460057249518
39.6656951,-104.790679,18.45,18.44659929866721,18.277254570049685,18.242143234397993
39.9680825,-74.254029,18.78,18.67281301367588,19.194176070197127,18.771494819423395
33.83398376767277,-78.6352341233609,18.47,18.467466268267636,18.720444619109784,18.37052531559867
-41.305967638325306,174.7765488204239,17.03,18.61938279792304,18.632522575198408,18.71236604581472
41.2991547,21.4946618,19.74,19.834106019235524,20.50085018804641,20.578502603580958
0.2431846319430015,32.5565938991936,18.07,18.75914496301916,19.38093702846072,19.077915450260527
0.2431846319430015,32.5565938991936,18.28,18.75914496301916,19.586729625871257,19.383726517065046
32.61015861426395,-110.79772431205728,20.81,19.61336955725666,20.378868735083092,20.22834760172764
35.732339112850966,-79.6666139340719,19.48,18.971719805793477,19.126108625748987,19.581515645457163
36.12383196875412,-79.87424149558767,18.82,18.56463902281813,18.04629569067151,18.272487815368184
36.08559053988082,-80.12461754354908,19.48,18.60756060844387,18.713718528854933,18.709538715788128
35.99921367394117,-79.91551207503696,18.31,18.70179620514642,18.48008221939081,18.638033677556727
39.9799818,-74.2661722,19.11,18.54289096581302,19.045758962992622,18.628547512309822
0.2433225730981236,32.55600548502275,17.01,18.777387054503322,19.30597316000612,19.11860839977983
0.2431846319430015,32.5565938991936,18.26,18.75914496301916,19.65069064754617,19.323540780187834
39.9798766,-74.2660695,18.85,18.54289096581302,19.015068175195392,18.62255775174002
0.2431846319430015,32.5565938991936,18.35,18.75914496301916,19.627240932218882,19.072521263794822
0.2431846319430015,32.5565938991936,18.16,18.75914496301916,19.598004577169956,19.348479592922057
39.9680825,-74.254029,18.86,18.67281301367588,18.861442795016,18.595503167255764
39.9799388,-74.2661003,18.67,18.54289096581302,18.817799451963094,18.53059980457651
36.7358202,-76.02758589999999,17.01,18.884245316807892,18.504223339459724,18.931807340979194
39.9678059,-74.2538686,17.98,18.67281301367588,18.446792547557216,18.486918712574397
-34.404653785661324,150.90270363110207,19.46,18.90742034756847,19.285060240111186,19.21944071657394
35.2828593,-106.7187899,18.86,18.768509459233684,19.459036834164802,19.360617784911923
38.88774717346305,-119.82028525642748,21.17,20.84034766826004,20.978682583369892,21.03845591185075
39.9799137,-74.2660896,18.78,18.54289096581302,18.594974898569525,18.17450457727091
39.9799316,-74.2661108,18.95,18.54289096581302,19.07606896757601,18.639328048727478
40.18738072919023,-92.58182397699002,19.92,18.583510712011236,17.803932702563003,18.521045633609447
39.9511465,-74.2300929,19.4,18.88305868807273,19.12439867983527,18.97590352364145
54.97108370245878,12.412848584353924,21.37,20.847568120899705,21.275652138008706,21.448620759650566
38.8876336,-119.8204676,21.28,20.84034766826004,20.985664699616514,21.09181460144272
39.9799364,-74.2660841,19.09,18.54289096581302,19.083382168578837,18.60493817051504
39.6471031,-76.9874394,19.01,20.651907105662428,19.82704719347506,20.104418179512873
39.6471031,-76.9874394,20.12,20.651907105662428,19.811806054889942,20.100292128168842
38.8876336,-119.8204676,21.01,20.84034766826004,20.89046517131914,20.99141641781781
39.6656951,-104.790679,18.62,18.44659929866721,18.31721479239554,18.325316803586254
39.927107,-74.2119038,19.37,18.77957078388707,19.262674868278555,18.9670260585046
31.6182942,-111.0579035,20.93,19.78896647432923,20.288794451865257,20.50915431896372
0.0,0.0,20.91,22.00064371900251,19.13723671160421,19.998934352965076
31.6155197,-111.0518855,20.82,19.50873252223283,20.24932045860051,20.507618942843386
31.6344171,-111.045412,20.97,19.928255379813145,20.754675674939154,20.990891241633037
31.6117371,-111.0478358,20.88,19.557443929670995,20.405247652911438,20.518894157731097
31.5881339,-111.0811098,21.03,20.629094302752584,20.990584764779584,21.175008705328842
31.61259,-111.0459238,21.03,19.4605378639507,20.344051902591765,20.561896528469234
0.0,0.0,18.92,22.00064371900251,20.793658427157176,20.943449080894084
0.0,0.0,18.82,22.00064371900251,20.842355733870384,21.24650736020461
39.7292569,-75.83792799999999,19.89,20.636443233310864,19.668752221496646,19.706149458915235
40.0485429,-76.63166319999999,19.59,20.44085403389297,19.766630551298057,19.690491820720016
-26.7577357,152.8638669,21.15,20.16815686005516,21.08478247028187,21.241746710887366
45.1872283,-93.9181231,20.12,20.4193655042175,20.414770563478296,20.71274291109201
45.1872283,-93.9181231,20.1,20.4193655042175,20.435544507474095,20.618380856089917
36.07647931442253,-79.81089336973005,18.2,18.519339556390555,17.957209785421387,17.961037328153107
39.9799023,-74.266111,19.14,18.54289096581302,19.153349868483055,18.811957940484767
35.988002945523625,-79.92752246632358,19.51,18.739329780781297,18.987459910095733,18.825894074940006
36.0890257802832,-80.12292623519897,19.37,18.616149312386607,18.8523346173898,18.763699048792283
29.87136350270314,-98.63081665884548,20.48,20.843617106868475,20.32277254075888,20.363906127378435
39.9799383,-74.2661081,19.4,18.54289096581302,19.236886500354952,19.0332144164184
36.07779562078711,-79.80919279848662,18.45,18.519396977069803,18.008954398642373,17.985432213161
40.17774834483527,-92.60100677050949,19.944,19.362015693425093,19.515889987372113,19.72809300235592
36.12376444976427,-79.87424824394273,18.62,18.56463902281813,18.225358087086878,18.285968937709562
35.90519135049211,-79.97132839061825,19.82,18.66822397819935,18.518532508413244,18.61037126595662
36.088776054048246,-80.12288614835737,19.44,18.616149312386607,18.880404178391284,18.94912601244623
36.08860374684006,-80.12249074334,19.43,18.616149312386607,18.884907279694,18.943007544088733
39.9799069,-74.2660505,19.15,18.54289096581302,19.132858820072908,18.90200721378995
34.5328201,-82.5549197,19.4,19.94566106776567,19.67512702020563,19.117878131143044
40.17776078455709,-92.60098083639345,19.91,19.362015693425093,19.515889987372113,19.72809300235592
40.17775646829808,-92.60090582071984,19.62,19.362015693425093,19.520648081108444,19.621589237391106
40.17761953000063,-92.6009123963936,18.64,19.362015693425093,19.520648081108444,19.618344276785002
40.17778109509464,-92.6009971691942,19.95,19.362015693425093,19.520648081108444,19.78147393770876
40.17772063166824,-92.60097590144414,20.007,19.362015693425093,19.515889987372113,19.69646035974884
40.179758605661405,-92.59985446929932,19.64,19.25618691599341,19.5385119356649,19.5801477609416
40.17776408403611,-92.60099404450604,20.007,19.362015693425093,19.515889987372113,19.72809300235592
45.04663229660392,-95.8850979090872,19.99,21.067657749069014,21.252434703704413,21.22432330445156
40.17843062631979,-92.6003620583014,19.63,19.362015693425093,19.484373627026994,19.593511992055106
40.17617243179727,-92.60147754058332,19.75,19.39705548920048,19.47153217703601,19.550628636404447
-6.88270486721371,107.61157844282194,18.38,18.600267949096025,18.136376773094497,17.88260388434373
-6.882496186522217,107.61157191832116,18.36,18.600946377561847,18.1415933970593,17.877129771968228
-27.43480138599879,152.94009251898936,19.8,18.8658222868836,18.764349055378144,18.924396487484287
40.21080312484447,-92.63053306678148,20.49,20.49834857394991,19.714357964165607,20.261057829497194
40.21061395757598,-92.63037635309252,20.48,20.461460261850085,19.698326746724522,20.267363531945033
40.199178644944965,-92.59120384090906,19.37,18.67489353992736,18.90055205622049,19.11646738372831
40.18755320316545,-92.58508256499614,18.84,18.589783524463073,18.12702698780105,18.589550226266223
40.1834594757274,-92.58159358139616,17.41,18.633587020414026,17.96978819274519,18.57628590790335
40.17773967371309,-92.6007985145874,19.86,19.362015693425093,19.496991882368455,19.744067887859096
34.2904344,-118.463778,17.74,18.426928437449657,18.35082435666361,18.37364963872841
39.9799262,-74.2661016,18.81,18.54289096581302,19.02466285404587,18.647956170419633
-6.882623993510623,107.61159013619664,20.55,18.600267949096025,17.538922971363913,17.241546775900183
-7.1278178904684015,108.04280790167496,20.48,21.256646810452686,20.197468960738977,19.997735459925806
-6.88270084741831,107.61159832887522,20.44,18.600267949096025,17.55411916703491,17.274644899630417
39.9799291,-74.2661108,18.88,18.54289096581302,19.030570982200114,18.593766923738833
-6.88259891320072,107.61161400807244,21.17,18.600267949096025,18.142332334116485,18.199267392519772
-6.882495196624141,107.61161890653068,21.13,18.600946377561847,18.14812598343049,18.199267392519772
-6.882414636659962,107.6116264595858,20.56,18.600946377561847,18.015905714954616,17.90451162379169
46.45282635821981,11.462497120787804,21.02,21.224521232675237,20.876855705017924,21.020285256524158
39.9799429,-74.2661077,19.24,18.54289096581302,19.121584379366777,18.704822815107818
35.2828878,-106.7187841,19.84,18.768509459233684,19.31306845598563,19.29498793161661
49.87188032322194,-113.54672176497564,21.28,20.82416855297509,21.189372125105137,21.26055681406833
33.461612456151634,-111.9129267303382,17.55,18.519339556390555,17.348568561702574,17.367087781168742
39.9799276,-74.2660883,17.15,18.54289096581302,18.381062723827064,17.321498976502504
47.26680974042625,8.267833002210205,20.66,20.756640851940425,20.446170340810887,20.69063015134793
44.2975864439436,4.927360292190952,20.6,20.46478669719145,20.310204840988288,20.470936685053665
38.88755931021183,-119.82233785479252,21.13,20.84034766826004,20.970255727722712,21.111927770951368
39.979939,-74.2661063,18.8,18.54289096581302,18.998002498578018,18.57778063094817
36.123829002005344,-79.87424037208015,18.75,18.56463902281813,18.06012125766073,18.15593362413294
42.0179439056006,0.7441416073944085,21.45,20.560919619505643,20.91344950496079,21.000580168050014
29.87136350270314,-98.63081665884548,20.6,20.843617106868475,20.32481234964148,20.364233956589537
47.26672367572424,8.267458182425507,20.6,20.757576026279054,20.456600412937828,20.699736708490203
-37.58037849999999,143.8605381,20.26,18.91484377909068,18.714949912345265,18.968156853970505
39.97994,-74.2661052,17.9,18.54289096581302,18.297990219927385,17.31514529608119
32.61014567821106,-110.79774718413724,20.92,19.61336955725666,20.393123526853362,20.302510845740795
33.33686520718657,-111.42540724554244,20.32,19.68686000831641,19.923352104613354,20.104670760002506
39.9799483,-74.2661031,19.14,18.54289096581302,19.074026510572022,18.682485631277913
35.999112811638525,-79.91568213225186,18.5,18.70179620514642,18.44043116338257,18.639646531026088
32.61038534357793,-110.7978151284247,20.84,19.61336955725666,20.373757719273687,20.27267139181373
39.3808113,-77.1600088,20.46,18.782167788362255,19.303728520065086,19.25327120283673
-38.62947713789835,177.88418769836426,21.5,20.761924995813985,21.01777124349202,20.950166775443872
29.87142433040432,-98.63086086255828,20.51,20.843617106868475,20.063902921308795,20.31958244034551
46.366970609652405,11.4108710171694,21.18,21.399311210391602,20.80322848606106,20.94286211228159
49.17614875171444,18.340559005737305,20.956,20.91294939861338,21.26722336938536,21.066070839841732
38.88770211355542,-119.82012224434176,21.1,20.84034766826004,20.853100236453994,21.083961946107642
44.2735583,-69.3676576,21.41,21.435457169935844,21.277728470551107,21.134417935544743
44.2735583,-69.3676576,22.19,21.435457169935844,21.289444226136542,21.413731971370723
39.6689408,-104.7887872,18.45,18.425465660287994,18.233296370906345,18.27379138605189
29.8718355,-98.6312375,20.65,20.843617106868475,20.341106214421064,20.336271089780567
41.79784279792342,2.578822383392008,20.59,21.044490714437085,20.77385477185634,20.830255501925794
41.79786665455472,2.5786502764889985,18.59,21.044490714437085,20.77385477185634,20.830255501925794
41.79791783208535,2.578781686212661,20.6,21.044490714437085,20.768065424678362,20.81770907522173
41.79795203927745,2.578737434588736,20.56,21.044490714437085,20.693247659815025,20.790748541573134
41.79789945212899,2.5787158185006964,20.47,21.044490714437085,20.665060718270155,20.78352392412288
39.99989921954088,-89.84559728403966,20.6,20.14396752749705,20.342667621731177,20.475542663162415
47.179303,5.352253,21.18,20.826069652940102,20.57836441295592,20.651690777013297
48.147574017591474,11.51187442657542,19.32,18.39585420608415,18.16456526563861,18.69727563451221
44.2955819,-69.3606449,21.38,21.45671004920845,21.33277146110874,21.38511956096827
-38.273119910720666,145.04120524298588,19.2,19.460759233155784,20.009856560915814,19.869476171488586
45.06466615720918,-93.19482770703873,17.7,18.483302098689116,18.574719986264284,18.44051555362119
29.8718355,-98.6312375,18.57,20.843617106868475,20.362959596946553,20.3733883993002
-39.5012292,176.9088341,19.6,18.519937643088745,17.964181599252516,18.120612172353866
29.979509257174747,-98.10068822484148,20.31,20.225249706374782,20.288237125800944,20.551556809459594
30.09144625342895,-97.87053158547296,19.15,18.817610294012212,19.11078119149603,19.380153514944727
37.2088238,-77.4354503,18.93,18.7718697511337,18.731244627012977,18.742391157295707
44.999664236101125,6.870003084166645,21.21,20.673962080306516,20.97028334042638,21.164725714100204
40.62989231458085,-108.9424751822965,21.49,20.83468576609593,21.162536815280486,21.40766265264213
40.46490126826482,-108.8468047772349,21.81,20.6035813963136,21.19688198691971,21.46256297753563
30.091522112766413,-97.87057497170646,18.81,18.82119530627976,17.653042087831697,18.267861113829014
47.88374331158868,-91.7773541717678,21.42,21.750690557535616,21.232519442554562,21.418367484247536
48.1865701,-114.2704101,19.57,20.08832033870351,19.7101082154268,20.881888955424916
-26.728868,152.2107286,21.81,20.823940311590484,21.421730885334433,21.457098714031513
45.125045500000006,-93.51266850000002,19.25,19.01560845505398,19.356000123893768,19.47358731285921
41.802587215986094,2.4346140215062784,20.89,21.369509239952173,20.74259568439915,20.79447607553871
41.80284392253908,2.434458304522092,20.88,21.369509239952173,20.691153868372407,20.61535849491919
41.802814828563605,2.434625953556706,20.85,21.369509239952173,20.748864986070593,20.812898985029882
41.8026014865269,2.4346031453555383,19.89,21.369509239952173,20.74259568439915,20.79447607553871
41.80277708353677,2.4342431124077235,20.76,21.369509239952173,20.72285538021629,20.751308614453087
41.80276652760127,2.4345016479492188,20.88,21.369509239952173,20.69297266864892,20.61535849491919
41.80276652760127,2.4345016479492188,20.85,21.369509239952173,20.748864986070593,20.812898985029882
41.80276652760127,2.4345016479492188,20.89,21.369509239952173,20.74259568439915,20.79447607553871
41.80276652760127,2.4345016479492188,20.76,21.369509239952173,20.718558642031272,20.75145233806459
41.80276652760127,2.4345016479492188,20.55,21.369509239952173,20.6695724398647,20.66369935330451
30.09143773664228,-97.8706098897438,19.06,18.817610294012212,19.210689238668685,19.402534989386155
46.24762652759258,7.0267934836984525,20.96,19.71838102174055,20.30169286553939,20.17614981914701
45.06463985428685,-93.19498853766656,18.48,18.483302098689116,18.546935804662965,18.503704592119174
29.871875,-98.631244,20.75,20.843617106868475,20.305392046175218,20.393793929677148
39.372938894512615,-77.16973556098439,19.41,18.75462928539947,19.48063598999015,19.41719000946356
37.99801496958311,-105.69876551865993,21.95,20.770480470544896,21.07115673027421,21.07037455001899
38.538150724610645,-105.9834407911073,20.8,19.052894454787044,19.785656937799864,20.287807456965247
45.31397721396039,-91.64810851337042,20.05,18.949414746477235,20.220837403817587,20.301885881158913
41.29850722932458,-106.14206268462326,20.9,20.6754547387558,21.22965315008113,21.575648583013436
42.63749851332326,0.1826550800684234,21.67,21.483902539112982,21.137562536335665,21.221903479096504
30.091426275344965,-97.8705694121427,19.14,18.817610294012212,19.15569022894869,19.389262263032013
45.06466521482774,-93.19481636679888,17.17,18.483302098689116,18.538837360350282,18.24047917961219
29.871762978616864,-98.63116138035193,20.69,20.843617106868475,20.176134965356542,20.403199238107433
-35.010687183586604,-71.22216978054752,19.33,19.01161317065225,19.37435919065364,19.585696996975948
-41.0517,175.1162272,20.59,21.57021382407258,20.872845097453734,20.84079047986032
33.4855,-112.0067,16.08,18.59887092050853,18.015331476810434,18.293891758228607
33.4855,-112.0067,18.46,18.59887092050853,18.02085481014377,18.295754950349373
21.1809337,-86.9066605,17.81,18.641125806476094,18.271284806596164,18.342032544292305
41.644530503998816,2.512723046114811,20.14,19.4262769739035,19.811164671547598,19.797767811313005
-30.8939021,-55.5578645,17.92,18.51945211994652,18.475196996256006,18.182805791548155
31.3268218,-113.5311843,17.94,18.47698943817148,18.141183990967214,18.593766428642745
33.344717119685484,-111.78425520646644,17.65,18.521825992904077,18.13068338980814,17.94462008110848
-26.7578834,152.8643693,21.27,20.16815686005516,21.001067466358467,21.17781435000334
29.871728452462715,-98.63113357260175,20.72,20.843617106868475,20.21284582217926,20.46058259623029
41.667581322220094,2.628728296055733,20.59,20.606760013212646,20.234207384139953,20.181950914878243
0.0,0.0,18.99,22.00064371900251,21.023606208504248,21.441744735541413
41.7937124412558,2.4751853942871094,20.89,21.303602168585844,20.774322425773786,20.893541340210664
0.0,0.0,19.18,22.00064371900251,20.929597611046052,21.369464273937723
28.373956831195663,-16.463849544525146,20.79,20.20799110522614,19.89047164980216,20.40066981743082
0.0,0.0,19.46,22.00064371900251,20.98311123373654,21.42045372176687
34.00541315907786,-109.4559820077422,21.42,21.37315633497184,21.516070151033638,21.653543877089916
-32.539764945705215,152.3200131822122,21.39,21.5566484521209,21.24198728904209,21.397366034284072
-33.37088723009539,151.48968265771754,20.22,18.948080999895847,19.723715915079307,19.709073390711083
-30.784519149372628,152.9966402707073,20.42,21.271702669911605,21.43282044348398,20.89772691682007
37.997937997678406,-105.69881019150698,19.56,20.770480470544896,20.29843472212128,20.08799341020953
0.0,0.0,19.46,22.00064371900251,21.021680144335097,21.38978491107253
-26.7578834,152.8643693,20.99,20.16815686005516,21.028087231253384,21.18496983080165
48.96233629456876,9.257466292028202,19.41,19.226900430536734,19.709434390047207,19.91732570124497
41.3445873,21.5611753,17.71,18.554716220792614,18.516085256707413,18.690916813332215
-6.89148,107.6106591,19.48,18.59887092050853,17.720072197189857,17.006093642263544
53.60875524424135,6.773576679941007,21.3,20.96079437222723,21.5627237835704,21.61657272750964
41.3440827,21.5527922,17.57,18.54775940711992,18.244162936722056,18.43194856774669
47.61015284696607,20.727878334619213,21.08,19.96804126814868,20.73975525137719,21.052551366698637
47.610160951128734,20.72800810015561,20.64,19.96804126814868,20.38472709168496,20.707318595942738
41.3440827,21.5527922,17.57,18.54775940711992,18.246565257811913,18.386468718113168
41.3440827,21.5527922,17.55,18.54775940711992,17.700172831554926,17.92653264546659
35.2828686,-106.7187749,19.86,18.768509459233684,19.543705834146273,19.558295238279715
0.0,0.0,20.22,22.00064371900251,20.90072265878143,21.302616825427265
0.0,0.0,19.25,22.00064371900251,20.941255954486813,21.32400326517545
35.4826423,-79.1784521,21.5,18.527429205876413,17.86455134454998,17.89182751869745
48.96231870091837,9.257485717099671,20.21,19.226900430536734,19.64770730711388,19.969907547056216
41.34395243968899,21.5525514043012,18.99,18.54775940711992,18.569797298969892,18.65770575992789
41.3440827,21.5527922,18.24,18.54775940711992,18.64555242831707,18.88566934244024
48.96232161422195,9.257473358114876,19.34,19.226900430536734,19.67289220489768,19.98780125045318
54.160668429725725,-2.298407305899155,21.15,21.10859546362828,20.789333556107593,21.320910505093032
48.96232775523767,9.257479038444684,18.62,19.226900430536734,17.927742747824787,19.124170056125998
0.0,0.0,19.66,22.00064371900251,20.782283303519296,20.95267216119923
37.99779373414751,-105.69887415074636,21.94,20.770480470544896,20.22626984686092,19.465253914111607
50.2238827,12.1950127,16.24,18.681971175377875,19.166389357385402,19.718358775056302
50.52250054008402,6.880667892070318,20.95,21.365795357076642,20.434887931604052,20.756281712772246
40.0081577,-77.9211614,21.02,21.314859455523017,20.362574020892698,20.853674719155972
43.19860389999999,-8.1520342,19.545,20.961543396856428,20.22144282639417,20.471802740978237
43.2027443,-8.1396944,19.11,20.99749517249981,20.76361726223276,20.691449040767008
43.2056798,-8.1422838,18.82,20.93761932462236,20.78101148064728,20.683025447275714
48.9623321635158,9.257473866196374,17.7,19.226900430536734,17.979510237603456,17.948759880449906
38.8880242,-119.8194752,21.2,20.830741122209748,20.638569858690712,20.7471283954919
47.61021707535289,20.728028398988545,20.94,19.96804126814868,20.669159413055077,20.93220609564851
47.61017658928263,20.72824004275777,20.7,19.96804126814868,20.458084648614104,20.589597403302704
58.3879,26.7149,17.15,18.38457945341833,18.115295187754356,17.919192520054107
25.8109,-80.3373,20.08,18.59887092050853,18.15282417482351,17.66182131572815
25.8109,-80.3373,21.84,18.59887092050853,18.505421362656897,17.485051067919247
25.8109,-80.3373,20.6,18.59887092050853,18.68947480428368,17.634808246997988
25.8109,-80.3373,21.72,18.59887092050853,18.49714673681859,17.14466466232573
25.8109,-80.3373,19.37,18.59887092050853,18.171133335241286,16.54387456851845
25.8109,-80.3373,18.2,18.59887092050853,18.408686163096558,16.85947627896023
25.8109,-80.3373,21.59,18.59887092050853,18.428662702212332,17.604698287163014
25.8109,-80.3373,21.83,18.59887092050853,18.27428035927783,16.804969656211416
52.4004,13.0576,17.3,18.547359684395087,18.12581742234898,17.752090214816285
45.7838,4.75198,16.77,18.73277072022533,17.915483564729374,17.453432145874956
34.9508,33.4249,19.46,18.815845108729608,19.365726682964006,19.63492678083738
34.9902,33.3997,18.17,18.81842059926558,18.946829871679014,19.325124510387628
35.0229,33.3948,17.84,18.663791959569373,18.68891750841167,19.03155561277612
35.0745,33.3812,18.28,18.621885792569156,18.715453910535178,18.959406904222444
35.1097,33.377,17.13,18.54822038810749,18.034940375466373,18.49557640128364
35.125,33.3242,17.73,18.547359684395087,17.99557544486558,18.43334419020577
-34.1163,18.8334,18.5,18.58542283114311,18.827744108152245,18.77212809995567
43.2843,-8.37207,19.78,18.716110346049508,18.939897650593196,18.92598761127208
43.2843,-8.37207,18.3,18.716110346049508,18.787387907379205,18.808367547418936
43.1247,-8.4277,20.08,20.824148769338045,18.312678173981634,18.77490092912973
34.1256,-116.224,20.69,20.378605710025415,20.65414912595298,20.887117295976605
41.346,21.5497,19.29,18.550283306090943,18.750728925690037,18.973835108594283
41.346,21.5497,19.34,18.550283306090943,18.738347640967817,18.973474133523855
41.3463,21.5496,19.24,18.550283306090943,18.730034154190854,18.864278597097258
41.3463,21.5496,19.32,18.550283306090943,18.730034154190854,18.78123425416913
41.3464,21.5496,19.19,18.550283306090943,18.730034154190854,18.78123425416913
41.3441,21.5528,18.95,18.54775940711992,18.651288543545252,18.788914220663283
41.3441,21.5528,18.95,18.54775940711992,18.647054288406792,18.788914220663283
41.3441,21.5528,19.17,18.54775940711992,18.647054288406792,18.788914220663283
41.3441,21.5528,18.49,18.54775940711992,18.653368333545682,18.795731332208984
41.3441,21.5528,19.24,18.54775940711992,18.65410379823724,18.795852871414592
41.3441,21.5528,19.1,18.54775940711992,18.65410379823724,18.733671470956534
41.3356,21.5381,16.03,18.657886599805465,18.844236661193122,19.120249196206924
41.3356,21.5381,16.31,18.657886599805465,18.844236661193122,19.120249196206924
41.3356,21.5381,16.38,18.657886599805465,18.844236661193122,19.11777478821428
50.784,4.55829,19.02,19.822073412773783,19.21124019597886,19.060706291981372
41.3429,21.5545,16.37,18.54775940711992,18.643179670076176,18.756359825867644
41.3442,21.5604,18.39,18.549970031070377,18.718160561757212,18.991187499017908
41.3453,21.5627,19.37,18.554716220792614,18.689334770854554,18.967412948780233
41.3461,21.5619,18.77,18.558615822810506,18.694153544263536,18.984020869216092
41.3447,21.5614,19.03,18.554716220792614,18.70508368058268,18.944854599310023
-36.8936,174.894,19.29,18.727613947150267,18.696717460503372,18.91412845822422
50.8474,4.48631,18.57,18.475818771894556,18.176856782781343,18.059524860513786
41.7767,2.59669,20.49,20.815906599829546,20.44115224943545,20.502606337281705
41.7767,2.59669,20.43,20.815906599829546,20.49885094183073,20.567428237999767
41.7767,2.59669,20.32,20.815906599829546,20.17128441232251,20.112809110784028
-46.3794,168.358,19.23,18.874283633560538,19.02004766005881,19.787203906854128
-46.3792,168.358,20.15,18.874283633560538,19.02004766005881,19.78820273184867
37.998,-105.699,19.37,20.770480470544896,19.700524947915145,20.241186624879358
53.2858,-6.24811,17.61,18.5478183163669,17.90248424489614,17.712316688028768
47.6103,20.728,20.68,19.96804126814868,21.062790495793188,21.097940947821975
50.7841,4.55855,19.67,19.825860909051972,19.132610575187076,18.833859849761286
50.7708,4.53427,18.54,18.871667597393333,19.27264521424303,19.15274854708292
50.7708,4.53427,18.79,18.871667597393333,19.3530619940749,19.30976574664263
50.8476,4.48624,18.76,18.478748319845515,18.863496799420766,18.404022331570474
47.6103,20.7281,20.9,19.96804126814868,21.051642791313743,21.08353321902144
50.9807,12.4556,20.2,19.10609163402428,19.527820778509955,19.586942739323643
50.8475,4.48604,18.84,18.478748319845515,18.852030429830123,18.307085990135825
47.6101,20.7278,20.75,19.96804126814868,20.42764245817414,20.736478008234798
-1.27813,36.6581,20.05,19.191513487077152,19.76650899977946,19.14119085635589
33.9411,-112.111,20.51,20.5106714660878,20.11512903117103,20.596500743086803
53.6204,-10.2355,21.48,21.17404020073507,21.452303295903416,21.56852084722054
28.6683,-17.9032,21.22,19.741120009036447,19.873220503589195,20.44972820431487
28.6683,-17.9032,20.99,19.741120009036447,19.878156137330453,20.483211139462952
50.7841,4.55854,19.44,19.825860909051972,19.077714183692134,19.622004322621382
50.8475,4.48601,18.86,18.478748319845515,18.845361930622612,18.374122278073898
52.1975,8.06635,20.1,19.35466535911966,20.089595280129057,20.112835006033208
50.5754,9.70406,19.93,19.448031325286077,20.108666936014018,20.165980137166976
28.6427,-17.9332,18.2,19.01774409577528,19.22985039995225,19.643612611107862
50.8475,4.486,18.91,18.478748319845515,18.82540982687784,18.42768318238136
50.7841,4.55855,19.79,19.825860909051972,19.072297837538287,19.6578444680994
45.7688,1.05377,21.15,21.10368316341851,20.91535804727867,20.93765801545046
50.7708,4.53427,19.86,18.871667597393333,19.214102289892775,19.341508165202253
47.6102,20.7283,20.7,19.96804126814868,20.560783739641973,20.920236880812737
49.8553,8.74701,19.55,19.958394169134042,19.83403420200345,19.70334786475518
46.466,6.85029,19.59,18.66073397521058,18.71843612264926,19.22322097583698
41.3443,21.5629,17.78,18.55928968792629,18.519614941930907,18.74890040111202
52.5242,4.96846,19.3,18.96672282617694,18.80253728145086,18.894796602749956
47.6103,20.7284,20.6,19.96804126814868,20.5720387064302,20.90705040387408
35.1397,33.0369,18.69,18.717270314122707,18.94311578925556,20.329783827378638
35.1305,33.0798,18.65,18.83031630557877,19.659174462495468,20.390876528907416
35.1528,33.2,18.79,18.74389364879195,18.981367996108034,19.188579019271064
35.1144,33.2112,19.48,18.84027168951884,19.55087798320995,19.56284073379445
43.6703,-110.597,19.47,21.024907740848484,19.132246484482234,19.503340331120366
43.7187,-112.098,17.72,20.99235565813196,21.14513903655983,21.43505388453536
50.8997,6.95585,18.7,18.486624962445685,18.71588115862438,19.036187330245042
43.1822,-8.30759,20.37,20.617110243808543,20.35928623265362,20.288104996858873
41.7765,2.59691,20.59,20.815906599829546,20.63837106809478,20.707833257728957
41.7765,2.59691,20.5,20.815906599829546,20.633560974486496,20.705131918569837
41.7765,2.59691,20.4,20.815906599829546,20.317227026805618,20.191627984805425
41.9945,-120.291,21.42,20.69876099357036,21.370138700181514,21.40863362520636
-36.7411,175.724,21.54,21.4308196699642,21.340534815429706,21.355051152590892
28.6683,-17.9032,21.03,19.741120009036447,19.49262022897996,20.239103668422704
28.6683,-17.9032,20.25,19.741120009036447,19.52697956411734,20.328012060752908
28.6683,-17.9032,21.35,19.741120009036447,20.33918802409314,20.58461433761879
28.6683,-17.9032,20.9,19.741120009036447,20.020114981050895,20.384880377249043
28.6683,-17.9032,21.01,19.741120009036447,19.638975951550098,20.30109062248547
40.747,-74.2591,19.65,18.610530527179563,18.47983506727269,17.939438252197647
28.6683,-17.9032,21.16,19.741120009036447,19.870383877715614,20.468749519677456
37.9979,-105.699,21.83,20.770480470544896,20.305666459548185,20.130978941060395
37.9979,-105.699,21.54,20.770480470544896,20.454119277255806,20.599401646905076
37.9979,-105.699,21.67,20.770480470544896,20.345858955477095,20.340367687838395
37.9981,-105.699,21.39,20.770480470544896,20.319513270953284,20.317055704782092
37.9979,-105.699,21.31,20.770480470544896,20.34904632034903,20.383943125097158
37.9979,-105.699,20.03,20.770480470544896,19.568625828931836,20.12946264159284
40.4842211,-3.3399975,17.68,18.614549991268234,18.802137408667758,18.907339888960017
32.3897965,57.4773128,21.42,20.4987653483564,21.296433959069546,21.43607632689844
46.654789,20.2637492,18.41,18.43438975350384,18.59147040007957,19.20175680069648
46.654789,20.2637492,18.37,18.43438975350384,18.59147040007957,19.20175680069648
46.654789,20.2637492,18.57,18.43438975350384,18.59147040007957,19.20175680069648
46.6660858,20.2648953,20.34,18.66898114404422,19.48840111304228,19.59602131515829
46.6660858,20.2648953,20.73,18.66898114404422,19.48840111304228,19.59602131515829
46.675,20.2666667,21.21,19.217357741500255,20.225914888703013,20.149219392785163
46.675,20.2666667,21.17,19.217357741500255,20.225914888703013,20.149219392785163
46.7552639,20.2861,21.38,20.98437281830058,21.147841607191225,21.25765534675181
46.7552639,20.2861,21.45,20.98437281830058,21.147841607191225,21.25765534675181
-43.58321476852831,146.65358322656598,21.63,21.652104014477963,21.238414779534633,21.51235765543333
24.290819075935868,-110.33163818831102,20.22,21.359060034176238,20.83615205429882,20.52267247124462
27.25418450967782,-112.36033034649256,21.118,20.57768633358205,21.140851050833557,21.249130939167813
27.258723782332304,-112.3490776816139,21.082,20.5493831387778,21.43304286197766,21.41514234404237
27.39448332190645,-112.30558513265676,20.92,20.437252591729717,20.292315586419626,20.748554529761837
39.4639615,-106.0490438,20.68,19.830156158202175,20.056280922972462,20.701033371803717
51.77934289850749,6.676026688906975,20.46,20.92211752632488,20.411993609515104,20.641323250666492
51.77973617307136,6.691654131416422,20.47,21.02883645599585,20.254237436351453,20.621411954800077
51.76027598778694,6.639207169347405,20.29,20.77428883444379,20.107302127308174,20.448677852406437
51.77505598090452,6.686917623924522,20.49,21.014948573860806,20.296856913960106,20.63769401226612
51.77340077609742,6.6448261838823885,20.33,20.715420787115676,20.171672796719754,20.18395575820362
51.785404652465765,6.67895059413623,20.47,20.884291379176876,20.379255192394165,20.61772411601156
-42.03232268049342,147.49206457709252,20.82,20.997178520712513,21.300295242691337,21.309342192757697
-42.032368429506825,147.49211496673092,19.81,20.997178520712513,21.283914702157148,21.331600788359992
-42.032384418973386,147.49206858115724,21.37,20.997178520712513,21.39448270487737,21.434540829117967
40.5065056,-3.3170126,17.69,18.741252344058164,18.653194549008948,18.67557797963878
47.3428495,14.0345449,21.13,21.59538340464281,21.288101985826312,21.414929174623474
44.42543329609714,11.375851667807696,19.69,19.62526181529119,19.780555137665697,20.10379533414597
41.85086364367658,14.27873102575702,20.82,20.991769477707944,20.89787130905795,20.82162726106158
39.89090804632831,-4.450802263705085,19.3,18.97736902862256,17.752036233905443,18.928377922533244
41.4935611,-81.5499334,18.16,18.59887092050853,18.04327622868391,17.542833882204825
40.50794997188694,-79.80809119557166,19.04,18.96608411927668,19.045685095168782,19.15542626925201
40.4671516,-3.3661217,18.2,18.505965370374433,18.5057198966472,18.54217157420271
47.3428495,14.034542,20.93,21.59538340464281,21.255095144781457,21.286447446895423
-42.032406368261206,147.49181687603254,20.82,20.997178520712513,21.282606715144166,21.243245545904244
-42.032335384448096,147.49223521702447,21.37,20.997178520712513,21.39448270487737,21.434540829117967
47.3428487,14.0345419,20.93,21.59538340464281,21.287174653653647,21.341772764819616
47.34285,14.0345444,20.88,21.59538340464281,21.270823423822108,21.347620134072244
41.85754688631714,2.5634196643318896,20.73,21.222465568403017,20.710267819038364,20.815571501792814
41.85753635292399,2.563439019852436,20.64,21.222465568403017,20.68939763234995,20.728815436537214
47.61006837899709,20.728061259738144,20.96,19.96804126814868,20.32142326787731,20.66110642658535
-32.90869560707782,151.7301938224985,18.62,18.555968018476193,18.36431461544225,18.321917229968005
47.61019260101651,20.728172990278765,20.9,19.96804126814868,20.287792196691555,20.645654314266324
47.6101128819913,20.72807843073473,20.74,19.96804126814868,20.257402863605044,20.526774299434244
47.61017402775115,20.72808026097057,20.79,19.96804126814868,20.248852243427763,20.6626678766168
47.61017514060079,20.727953465853886,20.55,19.96804126814868,20.360708454971583,20.695259555395644
47.61024943031087,20.72801178477158,20.61,19.96804126814868,20.079631865138865,20.560358779716218
47.61032394562524,20.72826726401766,20.78,19.96804126814868,20.471224125055002,20.80695230915922
51.45881977122481,7.243245463446137,19.23,18.698858775969136,19.01147000640914,19.06001462886968
51.45884093052745,7.243273910450649,19.17,18.698858775969136,19.018536261820394,18.92904202584928
51.45884030154124,7.243267258969883,19.09,18.698858775969136,18.99701307283972,18.910501263818432
51.150778222202014,-2.7238980285288728,20.03,19.013741339284213,19.86820007315549,20.243731224359358
51.45883014038967,7.243260104598188,18.95,18.698858775969136,18.92506848483993,19.12385285054835
51.45883327865552,7.243261847324152,18.89,18.698858775969136,18.92358799146818,18.765424784661796
47.610330049642094,20.72831506482021,20.69,19.96804126814868,20.528414317095606,20.853754708560835
47.61034840180501,20.728341876141616,20.86,19.96804126814868,20.63142102851295,20.953853763386572
47.610346681414384,20.727910729029805,21.05,19.96804126814868,20.654603143978967,21.025453319564807
47.61031583657752,20.72828532644841,20.9,19.96804126814868,20.92033570182967,21.101613820680488
47.6102145859399,20.7280163359748,20.85,19.96804126814868,20.545564297585305,20.88639226413623
47.61031187739695,20.7282817263358,20.05,19.96804126814868,20.11311751293416,20.59416007814291
51.45883836629804,7.243262854682588,18.83,18.698858775969136,18.842285203626787,18.88585507913623
47.61035312772323,20.728358214674863,21.03,19.96804126814868,20.567433925024776,20.85273023583371
47.6100808970529,20.72803314338266,20.98,19.96804126814868,20.505974258132028,20.70269272744008
47.61022381481878,20.72802948897013,21.07,19.96804126814868,20.505824349193908,20.816629455752505
47.61018145546211,20.728249506220067,20.89,19.96804126814868,20.419380859425864,20.71528471627154
47.61028230239514,20.72837000296313,20.8,19.96804126814868,20.407256730508337,20.654132193800237
-32.9260866,151.389019,21.31,20.84954596308421,21.15628065602412,21.247635775742317
33.44233884596647,-111.4812896753575,19.92,19.912668920492976,20.077075209037687,19.893757336346805
33.45152920533556,-111.47718250956044,19.91,20.232001122836692,19.907039712400042,19.905259294721493
33.44783389120207,-111.4812201275184,20.01,20.090386685884855,20.134946773927055,19.99228261746784
37.62987577636895,-106.67532589912932,21.04,21.037604635892762,21.42605202329536,21.577276569633128
32.61019903985027,-110.79768194610102,20.83,19.61336955725666,20.455877403234357,20.22542259500613
51.45882852467023,7.243261722117666,19.27,18.698858775969136,19.003462347662772,18.912083958013206
47.3428492,14.0345416,20.83,21.59538340464281,21.2786924545836,21.323078256450586
51.45883789553264,7.243259188660782,19.24,18.698858775969136,18.98527968499789,18.925457789654363
51.45884287856648,7.243254673977835,19.13,18.698858775969136,18.90158506987643,19.015775341076818
47.3428512,14.0345414,20.98,21.59538340464281,21.272524162187537,21.250008677012225
51.4588366187402,7.243255787402787,19.02,18.698858775969136,18.903206354415783,19.028945327819837
51.45883923717541,7.24325797392567,18.95,18.698858775969136,18.887509386411494,18.86405051847276
51.45887423539334,7.243150754758445,18.9,18.698858775969136,18.807596940382176,18.842937950535944
47.3428498,14.034542,20.76,21.59538340464281,21.253744594036938,21.17387382907647
33.53688615743224,-111.31014079753616,20.61,20.649163230383405,20.940856797372536,20.89413181839753
33.538637103718656,-111.32599922202168,20.58,20.612762928817496,20.847398051427316,20.765980304907064
33.52600512843365,-111.39239561915988,20.51,20.62623781239119,20.720191929721413,20.77558633922923
33.53331819736514,-111.41675676064746,20.44,19.767782547495703,20.70672379077949,20.78039139183003
33.53482897595728,-111.42125199054212,20.31,19.55583664390688,20.699712749520014,20.78325764716692
33.54506681236609,-111.44901434211567,20.36,20.695796800159876,20.72530729959817,20.605797210985532
33.50849451049674,-111.4565403952336,20.17,20.621715685421805,20.557654315475105,20.61508016873329
33.46317225476108,-111.48110616254117,19.93,20.29746559700418,19.867969552799853,19.95638978517884
37.62987665403611,-106.6753094510573,20.76,21.037604635892762,21.41044446444822,21.48273223866791
-26.758032891631945,152.86495494222598,21.27,20.16853503706384,20.94447079752277,21.03512290539405
33.44597122664717,-111.4812368097658,19.75,20.04970253156995,19.864384527532827,19.929786153672197
33.444127376263246,-111.48123887932152,19.73,19.956426286222406,19.862363915848768,19.877000433823383
33.44233469088169,-111.48123106891389,19.73,19.912668920492976,19.85407265474875,19.850800985694285
33.44232989641769,-111.48981967249654,19.67,19.7759877268991,19.828570190607508,19.7947364943295
33.44406804673819,-111.48980122403566,19.71,19.79067475002617,19.84764984813748,19.79748907007147
33.445929163367474,-111.48985284272572,19.72,19.883929004500608,19.8457467927038,19.810569649149286
33.44607808470824,-111.48697827248796,19.72,19.913332907890442,19.862387603073984,19.895309905579666
32.61029681402195,-110.79757825876992,20.76,19.61336955725666,20.382160843118445,20.21944090147999
34.51395195686287,134.28056902905,20.6,21.271737529451634,20.786372157380175,20.806414547143664
-26.759191752900747,152.86390904298375,21.18,20.16735039005206,20.842533610536826,20.88380051815384
37.24385371121675,-80.0195462603573,19.03,18.804226055952995,18.86927941617975,18.649677399970745
38.29252010412253,-85.9339565533199,19.14,19.18038783108261,19.45376198364469,19.575292668370846
37.249994061319335,-79.99129075221931,18.91,18.65709510109068,18.906360594658334,18.71236044586021
21.3441857,-157.9106537,18.233,18.54868557524459,17.97369274431625,18.185117187157672
39.85575093025978,-75.70345223860099,18.96,18.719341747869652,18.130361289389626,18.184238751594602
39.982780021189576,-75.8228370771812,17.84,18.451799791613976,18.617507668412216,18.301353446220148
40.26230256547343,-94.19630553901212,20.12,20.40093542987076,20.90618840605346,21.07852657209908
34.07678508159183,-84.2992125044768,18.82,18.396275690582353,17.797839383151153,17.76436440880554
39.98252534858675,-75.82391856239889,17.9,18.451799791613976,18.576335259593165,18.260129409949087
40.03421354463808,-75.56361858277229,17.14,18.592268903980422,17.974889318059624,18.44544685234181
40.03480239704392,-75.5610084941183,16.59,18.6036118923835,17.97905762202519,18.553022864129503
40.034619842091466,-75.55987053589253,18.72,18.6036118923835,17.976641947422017,18.56126069029563
39.97521552164577,-75.55967670568891,17.8,18.54904207491993,18.550752871978137,18.546266031258213
39.90262955215778,-75.51041169266543,18.38,18.635232731912854,18.993289643903008,18.534455923195907
39.89603380288077,-75.93120354839375,19.93,19.392108685298698,18.422285409916483,18.938701849077354
40.09713213012485,-75.46603678203115,18.55,19.10907366266287,18.875696071483297,18.72959144640178
40.09718585516615,-75.46813972070477,17.72,19.098856805638178,18.831849361986656,18.73819888127436
40.098564367646496,-75.46908240684915,18.75,19.129362499566973,18.786696030446183,18.870590305540514
39.98289574793423,-75.82538016830713,16.75,18.461894913119433,18.546702536651267,18.26849790472192
40.1002405839544,-75.47313112023114,18.92,18.97661746735721,18.74754140763947,18.902123609241745
40.10148727113928,-75.4693663793284,18.98,19.064671519615768,18.804208993964018,18.93586879409622
40.09996321707104,-75.46727885917798,19.79,19.076099727626026,18.794261438849112,18.956348196032405
39.84303399515164,-75.69742569128388,17.41,18.572749782785657,18.89179769838569,18.658068960580202
39.84361886421128,-75.69979341129178,16.11,18.54465493067863,18.929992310555914,18.658068960580202
39.84290219298556,-75.70141476473177,17.91,18.530411879001107,18.7720637079561,18.544381619586538
39.83709440887415,-75.70683676643634,16.62,18.57223240107484,18.9170568825943,18.658068960580202
39.84012605108017,-75.70808147905731,16.84,18.485488129644402,18.458270553843402,18.20832580090368
39.84776491379738,-75.71243122103624,16.18,18.556559984082707,18.883450276551223,18.658068960580202
34.6405742,-116.0089528,16.546,20.493279533950208,17.517145831525106,18.24234110847531
34.62403949999999,-115.8293799,16.542,20.498713714731355,17.448181806978234,19.087234326343346
34.5561567,-115.7808749,17.442,20.49790637491305,18.118272167015654,19.180790110156913
21.13536,79.0986752,21.79,18.59887092050853,18.530999049776437,18.04891168803866
39.958074941016186,-75.60258655432435,16.34,18.419949946335606,18.318642139207917,18.206497077575936
39.4726811,-104.9220661,21.5,19.439508987487642,19.391929126104415,19.64330395764688
41.3474805,21.5709276,16.93,18.621885956322227,17.44308521107215,18.156592707321302
38.887423,-119.818307,21.06,20.830741122209748,20.883065144794482,20.861364241237254
41.3474805,21.5709343,17.34,18.621885956322227,17.434809087231525,18.08471368999989
38.8875657456407,-119.81833784332052,21.02,20.830741122209748,20.990900335815027,20.8775911540825
-27.43858373348773,152.93352289597502,20.13,18.922297087485507,17.9298172871382,18.24508167637648
-27.43855316554368,152.93351823655388,20.14,18.922297087485507,18.331779160975074,18.726404856389944
32.04231072391098,-115.92210555827124,21.32,20.70816396358989,21.199922511306156,21.32340797153217
32.042273757034884,-115.91881703401891,21.2,20.707662517439115,21.082842982964017,21.217766876150378
32.050499636864735,-115.9015775431542,21.32,20.815884387865466,21.15551692775158,21.265606289436214
31.96236646705266,-115.99593475522812,21.05,20.73581597563829,21.154281565334067,21.225057047733785
31.895813041528303,-116.59079743026028,18.23,18.679580907371907,18.844865510360837,18.655612609885775
31.86253872909121,-116.63414324979382,18.06,18.601541318738157,18.466583565529227,18.473395671156055
32.05065089574248,-115.9016002632687,21.05,20.822332844872662,21.17474502085523,21.380717634240916
32.046057877525875,-115.91249023532744,21.21,20.74360088426941,21.198249542208245,21.287621774127118
32.04226933755469,-115.92193727370628,21.28,20.70816396358989,21.074073483164046,21.21045537362085
31.96236977282558,-115.99583176745584,21.06,20.73581597563829,21.157932307003144,21.2289041043747
31.867104411318675,-116.11585072764736,21.18,20.698224989807365,20.939472546111155,21.03751126793548
41.3474751,21.5709402,16.24,18.621885956322227,17.567329811673748,18.130766502547235
-27.130198311986256,-109.2860418407521,21.46,20.746138149577572,20.61549483260988,20.638450740573774
-33.446742541045104,-70.64284350488946,16.4,18.547359684395087,18.694825347276065,18.201883764999653
-22.95573809170516,-68.34811412467126,21.44,20.415821679851458,21.146177946452163,21.338713567306524
-22.979135697587964,-68.19356575096236,21.38,20.422500227163848,21.049089328860905,21.37879680166963
38.426252874559125,-78.84950155420759,17.5,18.47173888711672,17.943239605907063,18.091766754971434
34.13863825938468,-84.34338860496487,18.69,18.78964469144146,18.856869756438115,18.802486675998274
42.25252628008413,1.7867936750239322,21.36,21.218162434082352,21.240177685801818,20.97090724054923
42.252496376708656,1.7867238432689936,21.35,21.13626544371396,21.141516576323216,21.218429785334727
42.25245233650298,1.7866096987192617,21.41,21.13626544371396,21.11349108897623,21.100319451095356
42.25252297694349,1.786802036364512,21.33,21.218162434082352,21.12525836095951,21.2291983466512
42.25260777321783,1.78677696402199,21.27,21.218162434082352,21.03005809145751,21.064949404975327
-28.769053700517954,153.37329355470115,20.85,20.67809490606456,21.047401717497955,21.023444726061747
38.8876336,-119.8204676,21.07,20.84034766826004,21.027795932340215,21.05778392540521
34.138635105639864,-84.34336200292776,18.82,18.78964469144146,18.820966112029822,18.543487231781597
34.1386278472891,-84.34336879559983,18.82,18.78964469144146,18.81612559056518,18.426032778775784
-27.438453396071534,152.93351887530844,20.39,18.91719727284691,18.448780632430143,18.704943328490206
38.8876336,-119.8204676,21.12,20.84034766826004,21.043380784812506,21.11899152558766
38.899372,-119.779091,21.05,20.29692427528959,20.473737395920764,20.798342407161183
0.0,0.0,19.05,22.00064371900251,21.11696807332848,21.54336276866534
49.97452662539571,14.39382964645487,19.45,18.8259659582416,17.442714906714485,17.31559765913456
41.3474784,21.5709342,18.49,18.621885956322227,17.630371092233673,18.142136082013923
-29.882744780645133,-71.25169243995798,18.267,18.60731364729532,18.47442162229757,18.163155575192896
-29.882730377967697,-71.25169302445839,18.457,18.60731364729532,18.47442162229757,18.163155575192896
-29.88231460186957,-71.25068452473104,17.727,18.5889633405887,18.393306353033964,18.154670088189057
-29.88273036114313,-71.25169281605815,18.603,18.60731364729532,18.47442162229757,18.163155575192896
-29.882278611541427,-71.25067340241787,18.01,18.5889633405887,18.393306353033964,18.154670088189057
-29.88220154396131,-71.25101019609362,17.767,18.5889633405887,18.393306353033964,18.154670088189057
-29.882265041489443,-71.25072976536276,18.073,18.5889633405887,18.393306353033964,18.154670088189057
-29.88222995503388,-71.25100652185809,18.373,18.5889633405887,18.393306353033964,18.154670088189057
-29.882195251307536,-71.25112812829137,18.137,18.5889633405887,18.393306353033964,18.154670088189057
-29.882144127159293,-71.25138432963173,18.33,18.5889633405887,18.393306353033964,18.154670088189057
-29.88219806688148,-71.25137712674612,17.2,18.5889633405887,18.393306353033964,18.154670088189057
-29.88216072985134,-71.25135453094785,18.057,18.5889633405887,18.393306353033964,18.154670088189057
-29.882966464831625,-71.25100533454103,17.723,18.5889633405887,18.426666412310702,18.12680699049387
-29.882982179532576,-71.25099772423951,17.59,18.5889633405887,18.426666412310702,18.12680699049387
-29.88290055684012,-71.25177560943642,16.1,18.60731364729532,18.47442162229757,18.163155575192896
-29.88289509115502,-71.25180613562482,16.58,18.60731364729532,18.47442162229757,18.163155575192896
-29.88281157978308,-71.25152460164836,17.427,18.60731364729532,18.47442162229757,18.163155575192896
-29.8828281597975,-71.25152722711809,17.26,18.60731364729532,18.484869349703978,18.45410913488284
-29.88281321887776,-71.25154406330176,18.397,18.60731364729532,18.47442162229757,18.163155575192896
-29.88274218680625,-71.25075380402713,17.7,18.5889633405887,18.426666412310702,18.12680699049387
-29.88275233962042,-71.25076560417119,17.973,18.5889633405887,18.426666412310702,18.12680699049387
-29.882763077147352,-71.2507602714242,17.013,18.5889633405887,18.426666412310702,18.12680699049387
-29.882679442432924,-71.25114020495224,17.897,18.5889633405887,18.426666412310702,18.12680699049387
-29.882679466257567,-71.25114535264372,17.813,18.5889633405887,18.426666412310702,18.12680699049387
-29.88269670484892,-71.25114349208324,17.47,18.5889633405887,18.426666412310702,18.12680699049387
-29.882152204118626,-71.25111402076502,18.317,18.5889633405887,18.320188285980993,18.10913044678673
-29.882521918277224,-71.25163120057867,17.797,18.60731364729532,18.47442162229757,18.163155575192896
-29.88250310407879,-71.25163666513694,18.41,18.60731364729532,18.47442162229757,18.163155575192896
-29.88217468323604,-71.25141767005292,18.207,18.5889633405887,18.320188285980993,18.10913044678673
-29.88250738058044,-71.25163274009032,18.203,18.60731364729532,18.47442162229757,18.163155575192896
-29.88261012304496,-71.25163226471048,17.883,18.60731364729532,18.47442162229757,18.163155575192896
-29.88285548194077,-71.25179374065917,16.78,18.60731364729532,18.404900567456203,18.11761593379056
-29.88260452879637,-71.25159085002122,18.35,18.60731364729532,18.47442162229757,18.163155575192896
-29.88260413381797,-71.25158441091853,18.223,18.60731364729532,18.47442162229757,18.163155575192896
-29.882817348688327,-71.25150853891323,17.57,18.60731364729532,18.404900567456203,18.11761593379056
-29.88274260321431,-71.25078296007369,17.993,18.5889633405887,18.426666412310702,18.12680699049387
-29.882604727055973,-71.25188480783447,17.323,18.60731364729532,18.47442162229757,18.163155575192896
-29.88258414972089,-71.251889547939,18.663,18.60731364729532,18.47442162229757,18.163155575192896
-29.88267771363479,-71.25114950984411,17.975,18.5889633405887,18.35289940604727,18.081267349091533
-29.882598681809217,-71.2518912019739,18.3,18.60731364729532,18.47442162229757,18.163155575192896
-29.882497754434045,-71.2516321955742,18.18,18.60731364729532,18.467004724350844,18.191018672888084
-29.882478420757003,-71.25208516636509,19.977,18.60731364729532,18.467004724350844,18.191018672888084
-29.88260952688109,-71.2515909320049,18.3,18.60731364729532,18.47442162229757,18.163155575192896
-29.88260174257395,-71.25188800489973,17.48,18.60731364729532,18.47442162229757,18.163155575192896
-29.88246308038701,-71.25207294871349,18.41,18.60731364729532,18.467004724350844,18.191018672888084
-29.88247140648049,-71.25207428729108,18.197,18.60731364729532,18.467004724350844,18.191018672888084
38.887814,-119.81838,21.05,20.830741122209748,21.03177025968411,21.043858252159907
38.225850517362346,-76.40073182753804,20.29,20.137713283143967,20.04612741303641,20.209953856679796
39.371283725785176,-77.16944241642237,19.12,18.69333054350133,19.492102036441512,19.26052824402278
37.3210974,-89.5241717,17.86375,18.651158515575144,17.122094266166286,17.68141813854652
37.3204062,-89.52379270000002,17.5275,18.641203842693535,17.111411147118666,17.541778261422756
37.31713282392717,-89.52789175537664,16.285,18.613368033087404,17.199080074476914,17.465730816009653
37.3149853,-89.5285306,16.72,18.60702994339754,17.20500497422953,17.435782392787818
37.3134104,-89.53107609999999,16.57875,18.601647558583867,17.160260305611992,17.281659130051153
37.3163231,-89.5297604,16.48375,18.613368033087404,17.1959441295531,17.497529486586444
41.3474748,21.5709309,17.59,18.621885956322227,17.622580393174978,18.144350591908218
37.923966541202354,-78.8780685107408,21.07,21.319645486199217,20.314424554953497,20.903128952490547
35.364473,-106.7470536,19.64,20.44961713866866,20.316170482063015,20.748192061154917
44.94339297211675,-68.69233777537448,21.86,20.65847605121609,19.941785065774926,20.67096041487558
35.257172972297305,133.62223273932125,21.01,21.51291648909444,21.075963726913077,21.126273182110296
35.25739036311976,133.62219133347554,21.02,21.51291648909444,21.07461429738227,21.099451822982218
39.3769817,-77.1742229,19.25,19.068401074122015,19.487704893496534,19.474628508054437
39.25299154801206,-94.56443777278822,17.71,18.562873380578278,18.202946687739903,18.262097886539884
39.25302194531653,-94.56441492781754,18.46,18.562873380578278,18.182355886897792,17.96139965544371
41.3474802,21.5709331,16.87,18.621885956322227,17.628104493102832,18.124565723800462
32.60943220984384,-110.73355090297848,21.08,20.757317631712773,20.696777530305113,20.76395953564051
39.3769817,-77.1742229,19.13,19.068401074122015,19.47661842818841,19.286902177243952
51.7853993,6.6489666,20.4,20.651834675432184,20.29586239524914,20.308770184686388
51.7733878,6.6448431,20.33,20.715420787115676,20.17622196338642,20.214962955227502
51.7676113,6.6370846,20.3,20.437089788972344,20.102808331627074,20.351533808703326
51.7603531,6.6393039,20.27,20.77428883444379,20.11470822274977,20.448677852406437
51.69600618,6.64580723,20.23,20.267277863393026,19.90468785283033,20.13402253400388
39.3769817,-77.1742229,19.19,19.068401074122015,19.50524084127894,19.326889762709747
51.2298376,3.6791335,19.94,19.472699686653108,20.085022025560406,19.91452052263795
39.37150136772326,-77.16919438482107,19.26,18.69333054350133,19.528392157994404,19.397457292378874
39.1857207,-77.2107435,18.77,18.637989534179493,18.602062906466323,18.497010320625826
41.3474723,21.5709484,17.13,18.621885956322227,17.62305060540106,18.046333856849724
38.887814,-119.81838,20.86,20.830741122209748,21.000939695490057,20.98637941525798
34.5885679,-112.3203864,18.12,18.70522100817698,18.761043096558772,19.206129248315293
39.3762145,-77.154704,19.29,18.525986700423285,18.463267919493223,18.803395452303576
37.32218879544906,-89.52492166380223,16.89125,18.628051204689882,17.135285795803924,17.42345372334967
37.3210974,-89.5241717,16.20125,18.651158515575144,17.13343385409878,17.724626466734087
61.92419,5.6411385,20.87,21.358169921359757,21.376552683429296,21.302748525623727
41.3474774,21.5709329,19.52,18.621885956322227,18.73559722662562,19.020275261085338
-26.63524198519332,152.85651170699012,21.53,21.02986899590578,21.022477690722553,21.25171952348632
-26.64561094638639,152.80846880954266,21.59,20.862486957517955,21.237881662494654,21.342319660630437
-26.70428628053241,152.7051976371094,21.59,20.753744984151517,21.174317814477874,21.32665954400504
-26.68421188322104,152.7576612928467,21.61,20.89664432691742,21.232115662557522,21.199839093825375
-26.75811880657775,152.86392781091357,21.18,20.16815686005516,20.743512490518896,20.888020660841924
39.6501135,-76.9926861,19.92,20.677151142226577,19.77128834021638,20.118195798866246
39.6501135,-76.9926861,19.87,20.677151142226577,19.42602859759887,19.07509247885245
39.6501135,-76.9926861,19.72,20.677151142226577,19.754290455589196,20.189125351370993
39.6501135,-76.9926861,19.94,20.677151142226577,19.74010571138914,20.074499742961503
39.3762145,-77.154704,19.29,18.525986700423285,18.546179593226235,18.73535009715045
39.37150824850208,-77.16932938949961,16.83,18.69333054350133,18.27107392775323,18.250596865756776
37.3210974,-89.5241717,16.18625,18.651158515575144,17.13235988584481,17.720422577373142
37.3204062,-89.52379270000002,16.2475,18.641203842693535,17.12582955705693,17.59599444550028
37.3134104,-89.53107609999999,16.085,18.601647558583867,17.1652092895253,17.314892742176166
37.3210974,-89.5241717,18.96125,18.651158515575144,18.43805248977002,18.569957652837534
37.3204062,-89.52379270000002,18.54875,18.641203842693535,18.38383277934798,18.521071327554655
37.31761023446897,-89.52816665335997,16.6475,18.63459429973786,18.480294734599582,18.436767877314075
37.3149853,-89.5285306,18.435,18.60702994339754,18.51966791629115,18.396901717983837
37.3134104,-89.53107609999999,18.46625,18.601647558583867,17.9747242405676,18.132995059132945
37.31500637434326,-89.5302740851621,16.46,18.60702994339754,18.50733950685783,18.32801181080864
37.3129216,-89.5320064,18.17875,18.601647558583867,17.985715142948553,18.0625819016197
35.2327544,-106.6630437,19.69,18.447380987591067,18.343609487447623,18.494755791117917
-27.82358056408709,153.28898221097887,18.77,18.860265239377707,19.329579069882257,19.204830175879415
39.37269922072541,-77.16979215521002,19.32,18.75462928539947,19.55113716119126,19.391837520927346
41.22489992429119,-73.2083113246283,19.9,18.760393274791667,19.10327057569159,18.694700037322868
41.22171888597424,-73.2188611385163,17.48,18.644561708361987,17.884652246142338,16.97184964854796
41.22130093081223,-73.22695913105791,19.7,18.652551904199534,18.421609251251923,17.879762109193543
41.221017907412,-73.22729484184946,19.7,18.652551904199534,18.416862090292383,17.90963627292591
36.33541356141002,-80.5134815815777,20.6,20.151500218979262,20.162894814014194,20.384284192964238
32.61010004939357,-110.79764412721568,20.83,19.61336955725666,20.359891181283338,20.2405071519785
-2.623134427076514,-42.6882735166602,20.57,21.037384533930172,20.85496959987394,20.742682530657362
33.33714357485509,-111.42557049779994,20.06,19.67702049627114,19.899434335820455,20.087016906056306
54.79442593481184,-2.3215088023211727,21.1,21.232425052261473,21.263933546297338,21.296220216883654
54.777889448773394,-2.359796546601956,21.15,21.286687799406423,21.188781010391367,21.193349268984978
31.7618778,-106.4850217,17.4,18.47066306899538,17.879709144621707,17.817331742657707
31.7618778,-106.4850217,17.85,18.47066306899538,18.32197954689688,17.33893229978157
31.7618778,-106.4850217,17.56,18.47066306899538,18.40244490229426,17.07335668331372
35.83378170398965,-78.91236173988501,18.62,18.86834761694481,18.299571964219417,18.65768186797181
31.7618778,-106.4850217,18.32,18.47066306899538,17.869589711304823,17.42080957908934
31.7618778,-106.4850217,17.96,18.47066306899538,18.298421034218308,17.09037444140185
31.7618778,-106.4850217,17.3,18.47066306899538,18.34903880479884,16.739832301705615
29.54695766036674,-98.53247770072925,17.29,18.630519582331196,17.945936625498693,17.322885212242884
30.3495438,-97.6177409,17.61,18.664962321441156,18.421329940197634,17.26999959959604
30.35022182858587,-97.6182349306509,17.61,18.664962321441156,18.444979768781266,17.303858743647066
30.35013422751716,-97.61814798231896,17.61,18.664962321441156,18.468480324399412,17.34417051620221
30.3499598,-97.6195465,17.61,18.729788622719802,18.301857583494733,17.43452109264372
30.350145277976697,-97.6181440023,17.61,18.664962321441156,18.490229478662847,17.403593675809972
30.3495776,-97.6173412,17.1,18.647923518303873,18.415538489550162,17.394262341012343
29.579982259125487,-98.43861709169882,17.48,18.631104598794938,17.507813989057738,17.32742298718193
31.7618778,-106.4850217,18.01,18.47066306899538,17.9011982157437,17.37141605446912
31.7618778,-106.4850217,17.87,18.47066306899538,17.69203242576198,17.24253403640351
31.7618778,-106.4850217,18.69,18.47066306899538,17.64088590642049,16.76927507990088
31.7618778,-106.4850217,18.69,18.47066306899538,17.880705541632178,17.501342254782845
31.7618778,-106.4850217,17.63,18.47066306899538,17.703914092428647,17.41056422842175
31.7618778,-106.4850217,18.55,18.47066306899538,17.646377037372872,16.848811837656633
36.1503602,-86.7979906,20.19,18.38410780654917,18.115004419790896,17.208017977233954
36.1626638,-86.7816016,20.65,18.38410780654917,17.831006585666348,17.39389123527878
31.7618778,-106.4850217,18.3,18.47066306899538,17.860872043428948,17.746586748236616
31.7618778,-106.4850217,17.49,18.47066306899538,18.285609644227048,17.31509368765963
31.7618778,-106.4850217,17.21,18.47066306899538,18.270414882483518,17.086139009573014
31.7618778,-106.4850217,18.99,18.47066306899538,17.85893213084786,17.77278930977689
31.7618778,-106.4850217,19.01,18.47066306899538,17.691041874000753,17.16129344701022
31.7618778,-106.4850217,18.88,18.47066306899538,17.65422822747795,16.960583654818326
0.0,0.0,19.5,22.00064371900251,21.036848657772538,21.363349822662663
20.0670804,-98.418666,17.2,18.746462406433334,18.430134658878853,18.359655930310893
20.063503501024154,-98.43455703006912,17.2,18.885037304659335,17.721172535127387,18.932814245338946
-33.2130164,-54.3538067,18.37,19.044899689276257,18.492033689272333,19.42406233224586
-33.2065704,-54.3296134,17.81,20.150569954341513,18.60855479370507,18.97115559392427
-33.1801689,-54.3837862,17.89,20.455876603099334,18.56719902711055,18.944387132446646
-33.2659606,-54.42706320000001,17.06,19.480222592076778,18.49933625011794,18.85829468641356
-33.2233871,-54.3938003,16.75,18.608327384804593,18.56103973737754,19.142372996917356
31.82421051804919,-106.42504146143676,17.43,18.488520262472782,18.35554454813222,17.750531473562155
47.77603999999999,-90.314662,20.91,21.109763220111404,21.29242030331477,21.230621454768638
43.13519626194695,-5.634871281849527,21.01,21.209614060449656,20.781324925207585,21.056786348206273
38.887814,-119.81838,20.93,20.830741122209748,21.000932513162493,20.962617743151796
43.44216753262494,-5.190795798224325,21.02,21.200072096606863,21.161359874909312,21.129945959439866
61.9243683,5.6417518,20.92,21.372583495319944,21.388667919987633,21.35393096621665
38.8591169,-79.2606295,21.3,21.302671035871494,20.99976797762648,21.090967768216547
34.07917217138136,-85.97978908956708,20.72,19.680284452516723,19.89802884326455,19.738403850866028
39.3799824,-77.16998869999999,19.25,18.923487072209564,19.507050096850634,19.474308737961195
51.4588378770626,7.243246682115823,19.37,18.698858775969136,19.006820682421218,19.074208696638877
51.45885294193844,7.243283475349362,19.1,18.698858775969136,18.93385478481182,19.138731422259074
43.1348299041,-5.635198605958305,20.99,21.209614060449656,20.78912229261,21.02881675718924
37.923963858447486,-78.87806456621004,20.7,21.319645486199217,21.018657606554473,21.06957706179491
39.3153564,-79.3502115,21.01,21.258335661325525,21.194494976255605,21.205820745804157
39.2178489,-79.2089568,20.78,20.951049460431904,21.2001960750314,21.18003496056897
39.1932161,-79.1714324,20.96,21.187557661948087,21.18414355037429,21.146791666587543
38.999002,-79.1331564,20.8,18.99734121203879,20.201691398304966,20.07870416004565
38.8510157,-79.16553449999999,21.08,21.26066046968883,21.09460482785261,21.122934684820454
39.6511039,-76.989262,19.91,20.767895604883854,19.748673417145213,20.05349442474258
39.6511039,-76.989262,19.84,20.767895604883854,19.81866611629035,20.070603568826513
43.0742086,11.9759472,20.48,20.559334187139775,20.78963946202362,20.754261823252268
32.538569537675144,-110.88359550352531,20.24,19.673072572238127,20.222272021050784,20.106846699075064
36.27652185735377,-75.89007964698533,20.5,21.1038036730878,21.05695212211151,21.071470625778254
39.733951706636574,-75.69627611817224,18.7,18.605560730099057,19.05048540126066,18.82190977711987
41.70880101879742,-87.87708977855695,18.11,18.87803630048267,18.79836221101532,18.824648855721627
43.0742086,11.9759472,20.35,20.559334187139775,20.70639337467172,20.64352139403979
59.48254234020993,13.128967627212749,20.83,21.47783088030544,20.925905010092592,20.935563123284453
43.48420892987548,-5.602442044940541,20.08,20.009012051987447,19.979069269785256,20.092166381584974
35.90548443201465,-79.98136094741591,18.8,18.731889945005403,19.049330194635015,18.77553912920605
35.90396208174667,-79.97875299457134,18.68,18.71538559378169,18.79623159085766,18.65676834584858
35.903276836563364,-79.97588481993786,18.95,18.718318569833457,18.895264246786166,18.732515915082192
35.90430801474285,-79.97508891796872,18.94,18.718318569833457,18.89095241173588,18.728564538154483
35.905387169097835,-79.97601512310484,18.96,18.71085677006544,18.60748610901868,18.654001229977634
35.906513991862674,-79.9796629273651,18.87,18.6607205121863,18.487386664630854,18.557239321633975
35.908046329416095,-79.97867587444762,18.83,18.6607205121863,18.476929594525036,18.54894567204841
35.907937901290694,-79.98035186543397,18.86,18.6607205121863,18.474592094525033,18.54894567204841
32.61038441482668,-110.79759099416331,20.72,19.61336955725666,20.373753395807526,20.234453680370876
35.99851248496614,-79.9182914282183,18.07,18.694628194393875,18.487018713455235,18.667110162626912
35.99768903874363,-79.91877116917733,18.51,18.687566893082977,18.50063047297743,18.665541390507588
35.99780687579359,-79.9172160533395,17.52,18.686499475325245,18.500050614758223,18.688813814217298
39.3799824,-77.16998869999999,18.22,18.923487072209564,18.57939748799759,19.06487981996122
38.2631936,-90.5510912,19.59,19.161048735130695,19.233974590896466,19.677285057248817
32.610133390410816,-110.79772864256992,20.73,19.61336955725666,20.406506331786805,20.265340346985482
0.0,0.0,18.46,22.00064371900251,21.107397107812815,21.554074579621435
39.3762145,-77.154704,19.22,18.525986700423285,18.411348613218472,18.82927302977216
37.31506848631084,-89.53032551517755,16.35625,18.60702994339754,18.449692326924772,18.415190857570906
37.3134104,-89.53107609999999,18.58625,18.601647558583867,18.045539313336167,18.119582516785258
37.3149853,-89.5285306,18.57125,18.60702994339754,18.473278602499807,18.41175335555851
37.3204062,-89.52379270000002,18.77125,18.641203842693535,18.397572589044096,18.527019600810306
37.3210974,-89.5241717,18.97,18.651158515575144,18.461145389590484,18.541963192419466
29.87180575486754,-98.63150380497925,20.42,20.839823525975177,20.346422777640804,20.365676181573352
37.3170275,-89.52738749999999,16.58625,18.604090094389576,18.271362631872112,18.24522709240074
37.3163231,-89.5297604,18.27,18.613368033087404,18.50545055570481,18.447453427168547
37.31720668373373,-89.5278762570011,16.64625,18.613368033087404,18.457781059971836,18.41847885685436
37.3204062,-89.52379270000002,18.56875,18.641203842693535,18.38182860599602,18.506692298372784
37.3210974,-89.5241717,18.82625,18.651158515575144,18.446470837316703,18.541234494195105
37.3149853,-89.5285306,18.25875,18.60702994339754,18.518515290749022,18.44364036599813
37.3134104,-89.53107609999999,18.18625,18.601647558583867,18.039889417785524,18.155679370795216
37.315143859238674,-89.53018425219672,16.85,18.60702994339754,18.513526312778517,18.41843291334494
37.3163231,-89.5297604,17.9525,18.613368033087404,18.50879400509423,18.415433796386647
37.31712846872276,-89.52790606051867,16.315,18.613368033087404,17.136766727387485,17.455637387697696
37.31515665839197,-89.53016279477016,16.105,18.60702994339754,17.20635368365303,17.467041736347902
37.3204062,-89.52379270000002,17.015,18.641203842693535,17.174332356130076,17.572369239757915
37.3210974,-89.5241717,17.07,18.651158515575144,17.17888459855432,17.484329629303613
37.3210974,-89.5241717,18.36625,18.651158515575144,18.387860444793056,18.51594525696895
37.3204062,-89.52379270000002,18.28125,18.641203842693535,18.354514029649142,18.522708961966995
37.31722659304003,-89.52793824702685,16.24,18.613368033087404,18.472184453907204,18.44497753139145
37.31496467907627,-89.5284322523634,18.07,18.60702994339754,18.497015271109714,18.47394257898663
37.3134104,-89.53107609999999,18.08,18.601647558583867,18.03624818911044,18.245184042016422
37.31501648951796,-89.53036239573568,16.46,18.60702994339754,18.51751117428756,18.44769246040646
37.3163231,-89.5297604,17.735,18.613368033087404,18.486941864403477,18.444613574695804
36.95358932270517,-90.99212236461308,20.99,21.301005339926316,21.1755242924031,21.14777220815315
35.7794197,-78.6781545,17.5,18.547359684395087,18.20990084078719,18.497613085061264
36.3130009,-79.9679379,20.33,20.906469666254907,19.499211941064747,20.287585186970006
61.9096766,5.9891798,19.64,19.053512331424933,20.245688309423038,20.022102924931236
-34.987060848202496,116.72003669594078,21.41,21.695636587468876,21.287169605284184,21.323210451242158
39.5190428,-119.8867445,19.79,18.63916016087239,18.303417223495362,18.209841032667114
39.5190429,-119.8867645,19.79,18.63916016087239,18.39536970806387,18.3982239241246
0.0,0.0,17.57,22.00064371900251,21.043945612288574,21.432193839778975
39.676618,-79.771795,19.26,21.30783682092989,20.23640038055398,20.362625930764196
39.6794833,-79.7756261,20.31,21.259516104966075,20.143899470182074,20.296938357551724
39.6360543,-79.8117519,20.39,20.974118793567165,20.16599057769563,20.171611621938645
39.6768747,-79.8444935,19.45,18.79035446425605,19.433328815359456,19.280080377684328
35.76935779024793,-78.67644309997559,17.38,18.547388632338446,19.512440658986876,18.423945278052717
35.768358848698355,-78.67795049635768,16.32,18.548186887103252,19.61510779320253,18.39501024602667
29.87180575486754,-98.63150380497925,20.54,20.839823525975177,20.259019172165097,20.250836502350506
38.888028,-119.81838,20.9,20.830741122209748,20.814276952689806,20.63802793990029
34.74873419303631,-112.02766623667536,17.93,18.89738486936573,19.5782844360138,19.464817098045565
34.75470068855349,-112.01992436831156,20.4,19.20231137344388,19.611963292337933,19.528381355102525
33.337005275775546,-111.42597768046696,19.95,19.67702049627114,19.8234426897268,19.714436143345914
38.9488172,-80.4921302,20.6,19.549343192120656,20.63812040472168,20.456866749394994
8.599922168962422,-96.74011843722528,19.14,21.810486816323525,19.99673671718827,20.996034413495757
36.097462846766405,-79.85247615450827,18.4,18.626433841439272,18.134810757383804,18.15081195739878
47.09739107250092,5.527263741870496,20.54,20.039613979076563,20.17550689190137,19.92693725105785
-33.95070491347783,115.06084293872212,20.82,19.786522202465072,20.480045418769784,21.11325319040922
42.55639703847026,-71.35237656643758,19.8,19.77567134264651,19.133471196432744,19.48609477151795
42.33060363281719,-71.21318780827745,18.68,18.745243569915864,19.025819348986662,18.24331285030032
0.0,0.0,19.98,22.00064371900251,18.82995234173464,18.921113320167812
39.6455202,-79.8762004,19.6,18.852861417006775,19.522308383666573,19.284471252560078
47.7413189967928,2.748257428412887,21.45,20.20533328854321,20.178410703571387,20.64558489425417
40.17565923357745,-92.60086863817313,19.53,19.39705548920048,19.53249510417543,19.737051003517344
0.0,0.0,19.41,22.00064371900251,18.410398932603343,18.85171653365915
49.8139136,73.105408,17.82,18.47066306899538,18.32060000614771,17.45557051110142
49.8139136,73.105408,16.31,18.47066306899538,19.045181233185772,17.7869809628588
49.8139136,73.105408,18.31,18.47066306899538,18.31790625614771,17.42057659134566
43.63416202015968,51.22616973688085,17.81,18.69903069832812,17.96589596123636,17.29520213341056
0.0,0.0,20.79,22.00064371900251,21.036027378532772,21.385204822567374
31.7618778,-106.4850217,18.19,18.47066306899538,17.626359642876242,17.03027835707912
34.1887494,-118.5132053,16.86,18.58194535795809,17.777157949903586,17.787764387958834
41.4769713,-81.921274,17.03,18.62017886725481,17.990122570029186,18.110074620567683
0.0,0.0,17.03,22.00064371900251,20.44175299348214,19.713004796646818
41.4769713,-81.921274,18.4,18.62017886725481,17.97552471133484,18.065574349432588
31.7618778,-106.4850217,17.84,18.47066306899538,18.096901586899836,16.949669304910728
64.14270856017374,-21.907786296463133,18.18,18.675709265573165,18.99009636758116,19.082458230919062
34.1311488,-116.1592832,21.16,20.333083741631913,20.692218151113778,20.797513129215293
34.6495456,-116.1481367,21.07,20.55892747100992,21.156214324948095,21.485995269391836
34.648508,-116.0124212,21.26,20.502337710543184,21.10598029649987,21.416748240453785
34.5561567,-115.7808749,21.74,20.49790637491305,20.89601155598168,21.092148731437643
34.5561567,-115.7808749,21.23,20.49790637491305,20.864945370516292,21.03435018261189
34.06974206668806,-115.654813328479,21.01,20.496334753504552,20.837334912265636,20.976341028301736
29.8723,-98.631543,20.57,20.839823525975177,20.345986960194097,20.356859007873137
0.0,0.0,17.87,22.00064371900251,20.857309689122385,21.04520563984578
35.76884288898375,-87.07773039965468,20.23,21.43622835562053,20.129726855848336,20.29206272791334
35.795648492740696,-87.05195560639584,20.8,21.416636263766925,20.03714319458162,20.18197556891746
0.0,0.0,21.2,22.00064371900251,21.03053612711918,21.456715437869065
38.2650474,-90.556221,19.92,19.245602382672907,20.214119518805305,20.072400722197507
39.7339623573537,-75.69608116742897,18.51,18.605560730099057,18.682374897002706,18.368980258618848
39.73395652763895,-75.69577488065421,18.23,18.605560730099057,18.416545775078013,17.57193004231653
0.0,0.0,17.21,22.00064371900251,20.932629111247188,20.933622714533485
42.4952539,-72.3301529,20.54,21.232861037326664,20.639272936653555,20.658020522637845
38.88746977145331,-119.81831569286334,21.18,20.830741122209748,20.991465345128503,20.998936788553547
40.8601341199953,-105.65184020000376,21.17,21.11038925557821,21.159439572198256,21.411547476890156
29.87331583856909,-98.63028104660512,20.5,20.858442376749412,20.382148161341263,20.34936267555456
29.87331583856909,-98.63028104660512,20.49,20.858442376749412,20.387708926708733,20.414294370275357
38.88746977145331,-119.81831569286334,21.17,20.830741122209748,20.98405782064457,21.028659707541067
47.09738970273599,5.527281968162228,20.7,20.039613979076563,20.216254592276105,20.13084630096979
38.406886099909855,-96.1587395219162,19.37,18.726722327988522,18.87502538189692,19.154239426031225
38.40548174032545,-96.1593199939684,19.15,18.687620722932316,18.843380684668883,19.140943085856975
38.405983404977455,-96.15939397842054,19.29,18.687620722932316,18.850435683917443,19.28612976850569
38.406471985688114,-96.15937761544288,19.35,18.687620722932316,18.8457441660603,19.27425736788159
38.40652550294691,-96.15872436885022,19.33,18.726722327988522,18.873637230603766,19.124152927378205
38.40606884431048,-96.15872856473202,19.21,18.687620722932316,18.84359419256664,19.246597939596363
38.40561504307804,-96.15873963887258,18.45,18.687620722932316,18.84359419256664,19.252115119512112
38.405043211290575,-96.15821032109788,18.96,18.698657683925944,18.84844460634868,19.2289496215352
38.40502591974393,-96.15874144872473,18.9,18.687620722932316,18.850068541817446,19.101111904358177
38.405120585210426,-96.15978098486003,19.18,18.687620722932316,18.849956199841834,19.105312810124694
38.40569189241081,-96.15990471593295,19.26,18.687620722932316,18.87387166995111,19.24738651707699
38.40621922698715,-96.15988882801815,19.23,18.687620722932316,18.87650262233206,19.250648850884716
38.40676652634123,-96.15987208980032,18.76,18.726722327988522,18.903756496333113,19.118297146631548
38.40727217028731,-96.15976136205502,18.54,18.726722327988522,18.896356068982687,19.114926147556197
38.40727269426649,-96.15927973076327,19.35,18.726722327988522,18.87112185145022,19.11991691656867
38.40718557969405,-96.15873522852928,19.09,18.726722327988522,18.84276744953871,19.11991691656867
38.407656085576384,-96.15873174488286,19.42,18.726722327988522,18.807677974590938,19.119164752042337
38.407367109927165,-96.15873665721448,18.68,18.726722327988522,18.84135361413498,19.119164752042337
38.40727534041995,-96.1584804822831,19.27,18.75002390989202,18.93908139404008,19.120482969733132
38.40729459156047,-96.1579789237304,19.39,18.75002390989202,18.93908139404008,19.10977576196965
38.410962091876286,-96.15915373648755,19.5,18.850647717549304,19.295197773682972,19.50546708580849
38.4114018444907,-96.15874387161612,19.5,18.850647717549304,19.25597906336551,19.506257639007394
38.41196336064593,-96.15837919146696,19.55,18.886565474764833,19.240426599170355,19.596406079693992
38.41227305256653,-96.15972163738806,18.97,18.850647717549304,19.25910075776445,19.341541127020413
38.41227041718224,-96.1587945591841,19.06,18.850647717549304,19.268032792650917,19.33242060388679
38.412277243007175,-96.15820959733126,19.59,18.886565474764833,19.277030890515043,19.562753164196415
38.412164369165744,-96.15748827448544,19.59,18.9421580535418,19.348318840087998,19.62735573084928
38.41180606650138,-96.1574734242424,19.63,18.9421580535418,19.35383491151657,19.62735573084928
38.411279753211474,-96.1574695522925,19.46,18.9421580535418,19.354994831947995,19.61254189847609
38.41075400306215,-96.15750497481729,19.64,18.886565474764833,19.29851500289852,19.5587358565502
38.41030991637292,-96.15748374703428,19.63,18.816629032195834,19.3806033525782,19.180325294171972
38.40988118396928,-96.15671471863226,19.61,18.816629032195834,19.383115504351867,19.172773764728944
38.41014256753561,-96.1563852699784,19.63,18.816629032195834,19.380372386072295,19.18055411354907
38.41048112085392,-96.15639744492871,19.57,18.816629032195834,19.380372386072295,19.181882858675444
38.410994962100176,-96.15640960703648,19.65,18.9421580535418,19.35357265506882,19.608313169823923
38.41121385960369,-96.15639698723524,19.63,18.9421580535418,19.33947125947956,19.604942170748572
38.411464094027615,-96.15640193473192,19.35,18.9421580535418,19.33790911481866,19.618824703791624
38.41173505727684,-96.15607725095978,18.65,18.9421580535418,19.344965323968992,19.471374703791618
38.41167881200919,-96.15557801780416,19.24,18.9421580535418,19.34845921285788,19.470622539265285
38.41152986328062,-96.15527285858462,18.19,18.95096717063268,19.351491942046497,19.613534648579986
38.41117299264099,-96.15526596038065,19.66,18.95096717063268,19.35370325157031,19.613534648579986
38.41045405469515,-96.15529661581137,19.24,18.832310904490992,19.352640112596546,19.32845195125271
38.4101784364607,-96.15528156178004,19.69,18.832310904490992,19.352640112596546,19.334335726826545
38.40814403452504,-96.15749204536677,19.63,18.798503627166433,19.425109603331233,19.19408023021583
38.4077046560417,-96.15751690602998,19.67,18.75002390989202,18.98752452973465,19.336681816343017
38.407275792786194,-96.1575101463038,18.78,18.75002390989202,18.995926862323934,19.18923181634301
38.406943823880354,-96.15751949181004,19.56,18.75002390989202,18.989011998398134,19.1941471270406
38.4065567293795,-96.15751338586334,19.23,18.75002390989202,18.98827992094087,19.1941471270406
38.40585807565345,-96.15752206594148,19.35,18.698657683925944,18.918935497636852,19.30391972718236
38.4049671911247,-96.15752366953102,18.44,18.698657683925944,18.903565113890593,19.30518344907283
38.40529878229906,-96.15517893470576,17.77,18.75798032670631,19.027561942729914,19.318894563612815
38.40542662319197,-96.15459241033702,19.46,18.75798032670631,19.02235569272991,19.318575674274562
38.40577438516188,-96.15359698808238,19.56,18.774557807286048,19.49947892858945,19.317427079342927
38.40632433521906,-96.15337370205042,19.56,18.774557807286048,19.47801143058259,19.326334587465475
38.40595996240763,-96.15309850573053,19.5,18.774557807286048,19.483559724057276,19.31571393924913
38.40607574206562,-96.15254513796114,18.26,18.774557807286048,19.49469781613187,19.29390702556092
38.406445194851,-96.15254982407752,19.21,18.774557807286048,19.489004514364193,19.29390702556092
38.406795135175486,-96.15254695486357,19.55,18.806791245929812,19.39268783951039,19.33125536195824
38.40709225020465,-96.15254140681296,19.5,18.806791245929812,19.394770577605627,19.338267635073073
38.407738432824985,-96.15253242852744,19.69,18.806791245929812,19.485103081742306,19.3848555880634
38.40821105432779,-96.15253282218976,19.74,18.806791245929812,19.39884125068255,19.32919843187888
38.40880411326004,-96.1525228511604,19.59,18.825286597514975,19.287488647704713,19.35741990031037
38.40919572923432,-96.15251395758204,19.81,18.825286597514975,19.303783553571172,19.381235552449027
38.41136179225736,-96.15251822733704,19.8,18.94836711728814,19.246974780047438,19.671331153001546
38.41094384842688,-96.15250247142995,19.82,18.94836711728814,19.259428438723237,19.6743408630806
38.41052148490793,-96.15249902942604,19.86,19.039923111776197,19.289778188602376,19.660814489617707
37.3210974,-89.5241717,16.63875,18.651158515575144,18.426316168280106,18.572965417530007
37.3204062,-89.52379270000002,16.35375,18.641203842693535,18.328094699178916,18.554953258045146
37.3163231,-89.5297604,16.14375,18.613368033087404,18.522478454520773,18.48577430164714
37.31535175498618,-89.53019561365677,16.6225,18.60702994339754,18.539424050626245,18.492291782678386
37.3134104,-89.53107609999999,18.4375,18.601647558583867,18.132797792708406,18.2016525078346
37.3149853,-89.5285306,17.0925,18.60702994339754,18.537978051381323,18.492129889247874
37.3134104,-89.53107609999999,18.41,18.601647558583867,18.111955252173583,18.13658705116245
37.3149853,-89.5285306,18.4525,18.60702994339754,18.510812214645888,18.464515642523047
37.3163231,-89.5297604,18.0875,18.613368033087404,18.493929393788054,18.46836374543956
37.3204062,-89.52379270000002,18.6575,18.641203842693535,18.380368881066648,18.557114029041877
37.3210974,-89.5241717,18.6675,18.651158515575144,18.465512306451643,18.54326709479078
-41.29868045530055,174.77445534788316,19.37,18.622867911397783,18.821348479843422,18.87665845774597
38.887426420298,-119.8183059943442,20.9,20.830741122209748,20.9915733109748,20.9551763797719
33.5585001,-86.87199199999999,18.93,18.7480864035956,18.866860995226922,18.67574022494621
33.49960773353687,-86.80511882701076,17.3,18.59887092050853,17.7877579611925,17.476845700155547
33.499786423512504,-86.80493454792631,17.3,18.59887092050853,17.847468479694054,17.89825627565234
33.5007322,-86.80296539999999,17.3,18.59887092050853,17.82390265375364,17.881449949111015
33.60090809914664,-86.95658615697808,19.79,18.84467315922078,18.94201914078029,19.03480929320587
37.20892710487886,-77.4355979656061,18.36,18.7718697511337,18.88496861862651,18.78971865536203
33.4917,-86.795537,17.4,18.59887092050853,17.731356394428342,17.903844596435874
0.0,0.0,17.3,22.00064371900251,21.002570185066325,21.43391397985934
33.4973765,-86.8055792,17.63,18.59887092050853,17.85517652591819,18.12286412937461
33.438550812524575,-86.83821676372331,18.68,18.61894915121887,18.368936287670547,18.190554865443822
33.5185892,-86.8103567,17.96,18.59887092050853,17.89933648571747,18.105145813659902
0.0,0.0,20.21,22.00064371900251,21.10436821347253,21.657425718858974
32.61016528778436,-110.79775108245488,20.65,19.61336955725666,20.364481057904417,20.269558591560937
38.8604068,-77.0737532,17.5,18.386361945687696,18.43933936491025,17.175601440284964
37.3134104,-89.53107609999999,16.4975,18.601647558583867,18.115296918939354,18.207599650110968
37.3149853,-89.5285306,17.22,18.60702994339754,18.48526771094805,18.465242958971242
37.3210974,-89.5241717,18.905,18.651158515575144,18.403636408935284,18.55267380969079
37.3204062,-89.52379270000002,17.69875,18.641203842693535,18.32097946251689,18.563558334326117
37.31703182739287,-89.52737900633981,16.90625,18.604090094389576,18.235669021304176,18.24932911623683
37.3163231,-89.5297604,17.14625,18.613368033087404,18.505713000334353,18.48652398544046
37.3155321,-89.5303881,16.80125,18.613368033087404,18.50873187896793,18.475567825370852
37.3134104,-89.53107609999999,17.02875,18.601647558583867,17.07015919159097,17.377845763363908
37.3149853,-89.5285306,16.71875,18.60702994339754,17.064199309068307,17.575852202536247
37.3210974,-89.5241717,16.76,18.651158515575144,17.051269765207497,17.68291762592454
37.3204062,-89.52379270000002,16.64375,18.641203842693535,17.13082693992031,17.689443914600695
37.3163231,-89.5297604,16.31125,18.613368033087404,17.174836112033535,17.583673399231277
37.3155321,-89.5303881,16.0725,18.613368033087404,17.171900782684233,17.60671925605224
37.3163231,-89.5297604,16.31125,18.613368033087404,17.174836112033535,17.54768408001885
38.88743846400635,-119.81830870689112,21.21,20.830741122209748,20.973187645586417,21.012751432778682
34.8075855,-86.51910400000001,19.72,18.708600456710194,18.89724073357771,18.851462038844623
33.336989790748646,-111.42559956662409,19.99,19.67702049627114,19.994175874569628,20.127896332664996
36.89833757528678,-102.95136952666752,22.14,20.819095564714026,21.080497126775683,21.337893590221114
36.0699107,-101.3431058,21.41,20.77655580741767,21.226394486100517,21.365758830593357
61.9188673,5.9771106,20.49,19.822822590614486,20.491212358254632,20.819062655800455
38.88744533535351,-119.81831027478904,21.18,20.830741122209748,20.986938398057656,21.006590868420943
30.2437029,-97.7387701,18.4,18.476589082758817,17.92051537904201,17.41076314774873
30.2437029,-97.7387701,18.24,18.476589082758817,18.669686629365415,18.066310893476984
36.20821887854815,6.800777845163704,18.75,19.22227775545504,20.14528016973876,20.41814638191704
36.20821898163249,6.800767411694735,18.75,19.22227775545504,20.109558424774658,20.40064144002265
29.87331583856909,-98.63028104660512,20.47,20.858442376749412,20.380106033885387,20.340708457559977
29.87331583856909,-98.63028104660512,20.47,20.858442376749412,20.366001620533122,20.401822510225106
29.87331583856909,-98.63028104660512,20.44,20.858442376749412,20.329256553742077,20.370077051422697
26.08357071662131,-80.35144230618657,21.5,18.646692108381067,18.390753866470455,18.20271218149516
39.6754944,-104.7887872,18.51,18.410033583312607,18.28538928500209,18.30604686435646
39.6754944,-104.7887872,18.53,18.410033583312607,18.21913943362649,18.2518145554871
32.61043451975476,-110.79753044987582,20.67,19.61336955725666,20.42725245682353,20.226434977095934
33.2988416,-112.1026048,17.33,19.017457242402305,19.173455716004877,19.146393968436918
38.40998120366935,-96.1524964400518,19.13,18.913884834185247,19.258079355418335,19.598794995514616
38.40987624468724,-96.15329845160824,19.65,18.825286597514975,19.30656535750548,19.314883938383673
38.41145699840202,-96.15394146751152,19.45,18.94836711728814,19.28860281731647,19.630326922202734
38.411160057096026,-96.15393896627276,18.94,18.94836711728814,19.28326817842758,19.617988812885883
38.41048419128472,-96.15395397553034,19.6,18.825286597514975,19.311817331364473,19.30562117309492
38.40839669076824,-96.15393598215049,19.36,18.806791245929812,19.36241154051922,19.28167361982471
38.40609668878358,-96.154548928964,19.55,18.75798032670631,19.05316192487361,19.289713090519037
38.406083702060485,-96.15517444395697,19.21,18.75798032670631,19.046011566105236,19.29475460920488
38.40571859585096,-96.15589031134289,19.02,18.742639282165953,18.97251105467607,19.279737645415494
38.40514593077784,-96.1569620163344,18.69,18.742639282165953,18.975963398085177,19.279003075703194
38.406144545225615,-96.15666773548055,17.76,18.742639282165953,19.0068531835788,19.280797698027847
38.40576401127949,-96.15664565132184,19.42,18.742639282165953,19.009217350245468,19.282107392875773
38.40552752240758,-96.15637448792008,19.32,18.742639282165953,18.99581251694694,19.26637545484232
38.40522044719485,-96.1564241508984,19.01,18.742639282165953,18.98072397113212,19.270397668061733
38.40522107677212,-96.15589204665378,18.1,18.742639282165953,18.97967709613212,19.290915658798106
38.40528180312308,-96.15556936903634,19.25,18.742639282165953,18.976230846132122,19.275867204772588
38.40545002350018,-96.15561171351813,19.21,18.742639282165953,18.976230846132122,19.282707779929233
38.405681617449474,-96.15557283419326,16.66,18.742639282165953,18.99131939194694,19.283855511722727
38.40618072859166,-96.15555244778352,16.6,18.742639282165953,18.973306567613285,19.28803205732963
38.40634328214779,-96.1554705154444,19.23,18.75798032670631,19.042928838749777,19.288153080504223
38.406674361077336,-96.15552422766235,19.27,18.798503627166433,19.407036154044988,19.136946954576274
38.40672275736202,-96.1565541632287,17.73,18.798503627166433,19.40828145977973,19.13702239441436
38.40672831108256,-96.15619171548704,16.94,18.798503627166433,19.417227586702126,19.13702239441436
30.64105444711634,-97.87793792931056,16.62,19.002777116988497,19.362508253101506,19.443794323301383
30.64105444711634,-97.87793792931056,16.62,19.002777116988497,19.360135347500783,19.447868099549986
30.23748812319463,-97.89156115817866,18.86,18.771828062288066,18.669501473596117,18.643525973299532
30.239088198648943,-97.88256271838218,18.66,18.598914898622233,18.749953796651567,18.456824289299625
30.239088198648943,-97.88256271838218,18.68,18.598914898622233,18.75169709501002,18.378231034668524
-45.8589166,170.4807645,19.59,19.19170436657853,20.227106550184928,20.120247911798725
46.23072728435968,21.538315973078795,20.75,20.78276924602223,20.79438555166058,20.983868125505108
30.23908820248491,-97.88256269109144,18.83,18.598914898622233,18.73355701406321,18.466662596666833
40.210798197404856,-92.63047994118064,20.6,20.461460261850085,19.672699982006563,20.226319580620597
40.21052347170033,-92.63034113737665,20.55,20.461460261850085,19.628660137153698,20.22818513534174
40.19915955982218,-92.59121708513398,19.5,18.67489353992736,18.747934986443905,18.98500738966232
40.19470089756963,-92.58676147743208,18.96,18.641347490016976,18.252725696536157,18.679798926971753
40.18756067564749,-92.58515882071968,19.02,18.589783524463073,18.075655836043442,18.41480349826774
40.190210494450135,-92.57892304056251,19.02,18.53038703300685,17.289609225057458,18.191800301563667
40.17774528658345,-92.60098818536542,20.01,19.362015693425093,19.49268930394811,19.585173441529207
42.4176941,-83.82874070000001,20.37,20.96872724022499,19.97398681801844,20.062303740919607
32.60900507349289,-110.73293203534756,20.99,20.75582626104894,20.7829142242637,20.954466709176316
39.6853248,-104.77568,18.58,18.43910124008578,18.28126232238241,18.311979554779477
30.23908871258373,-97.8825636101281,18.67,18.598914898622233,18.730169723025966,18.491265053919435
42.4178147,-83.829019,19.52,20.96872724022499,19.624306077354507,19.31131144407645
61.1127138,-149.9242874,19.07,18.672331442010858,18.75136350086413,19.246737452062664
38.40892371361886,-96.15749564975968,19.18,18.816629032195834,19.45778412905625,19.234430715788445
38.409574706156825,-96.15751016977671,19.5,18.763629311228616,19.227203166017222,19.338199836561554
38.4098845882154,-96.15737659675229,19.11,18.816629032195834,19.445760233854227,19.229631488334558
38.40987680049633,-96.15699053801568,19.46,18.816629032195834,19.4321452275411,19.229631488334558
38.409863408578985,-96.15586728238122,19.52,18.816629032195834,19.432291030858156,19.229631488334558
38.409875342074656,-96.15638222115123,16.88,18.816629032195834,19.432291030858156,19.235098978950102
38.40958370066208,-96.15636065805654,19.39,18.816629032195834,19.427636712676335,19.23287838386189
38.409323245346336,-96.15635962777014,19.46,18.816629032195834,19.43233501425626,19.236155687757428
38.40894921002777,-96.15636214354129,19.45,18.816629032195834,19.43233501425626,19.23812763218047
38.40865895455203,-96.156356915195,19.24,18.816629032195834,19.43233501425626,19.224285071834824
38.40866465729879,-96.1559237676935,19.46,18.816629032195834,19.436682157113406,19.226303505788497
38.40866342941171,-96.1555941631213,19.43,18.816629032195834,19.43321111544674,19.226540714298817
38.40703189254855,-96.15526982337047,19.33,18.813509979069703,19.43652818115331,19.226540714298817
38.40755123424138,-96.15525644024862,19.35,18.813509979069703,19.43182987957338,19.226540714298817
38.407852150555,-96.15524620197088,19.42,18.813509979069703,19.43182987957338,19.248188183156582
38.40833958267785,-96.15524879652796,19.42,18.813509979069703,19.431300658794164,19.214183452943534
38.40864209390461,-96.15524985716746,17.66,18.832310904490992,19.39022497740933,19.358928615877264
38.40884506859952,-96.15525206911012,19.41,18.832310904490992,19.39453435240933,19.377043864284058
38.4091995239463,-96.15527218427128,19.51,18.832310904490992,19.403077894076,19.38673255905184
38.40952387645128,-96.1552814471612,19.48,18.832310904490992,19.396643562688308,19.41256607040499
38.40987588578399,-96.15464685078628,19.49,18.832310904490992,19.398358663619987,19.369210469863603
38.409871814201566,-96.15395347865808,16.96,18.825286597514975,19.417159919879715,19.347353166181286
38.40931895850763,-96.15395034575556,19.52,18.825286597514975,19.41147358997449,19.342019395149443
38.40888644686956,-96.15395158531798,19.49,18.825286597514975,19.41147358997449,19.339756077798157
38.40861422701908,-96.1539639595287,19.3,18.825286597514975,19.39551022230621,19.339756077798157
38.40777056745664,-96.15394332315896,19.43,18.806791245929812,19.457905026300367,19.31501797132904
38.406078497856974,-96.1539676466686,19.4,18.774557807286048,19.5225021374161,19.301187854933573
38.40648760826058,-96.15395243470452,19.44,18.774557807286048,19.523560887416103,19.29699228539142
38.40683778617291,-96.1539581419466,19.41,18.806791245929812,19.415272004436066,19.309710635211296
38.4069600270498,-96.1543496035393,19.45,18.806791245929812,19.428808691884942,19.32019944936637
38.40695429571629,-96.15473384846482,19.44,18.813509979069703,19.375054571697866,19.223559997825568
38.40693308565877,-96.15512564453913,18.87,18.813509979069703,19.38019957169787,19.229219899066806
38.40693270982597,-96.15532378528503,18.31,18.813509979069703,19.37453132169787,19.225421798878024
38.40694342863188,-96.15574925525468,18.75,18.798503627166433,19.46347043062865,19.181942951075925
38.40702736352417,-96.15606621801366,18.22,18.798503627166433,19.45844332638317,19.19773023783096
38.4074975598805,-96.15630041678637,19.14,18.798503627166433,19.44955304660219,19.2009562992162
38.40791150980517,-96.15634495607516,18.33,18.798503627166433,19.449103672027274,19.20291815072894
38.40811940183417,-96.15634566337756,19.35,18.798503627166433,19.449103672027274,19.190262439630892
38.408353844366765,-96.1563611634332,19.24,18.798503627166433,19.449103672027274,19.160303962662567
38.40866842215312,-96.15662762330408,19.21,18.816629032195834,19.363274507563286,19.203610597802403
38.40864901923264,-96.15711124722812,19.17,18.816629032195834,19.366558882563282,19.22154811928644
-38.46167153236417,144.10104390179035,19.85,21.148846213152954,20.50421425587587,20.199397262066167
-25.1914699,149.9729294,21.32,20.881551278313832,21.370904050529518,21.500117867208193
59.48256592052128,13.129015966215109,20.59,21.47783088030544,21.058661369018424,21.14309202881633
38.88716805016459,-119.81825506877058,21.18,20.830741122209748,20.97701955007609,20.958263745747423
38.8876336,-119.8204676,21.19,20.84034766826004,20.966924545687416,21.11937364453571
43.6192269,-103.4064272,21.21,20.830735589673736,21.313690182609413,21.397018709267385
43.5675549,-103.4960142,21.29,20.871745197016754,21.12329505917488,21.326130237128076
43.6255487,-103.4822708,21.3,20.963237353549147,21.061425068592527,21.361183043202054
43.5358956,-103.4975934,21.24,20.832244126627405,21.152143815145113,21.320380766813432
43.5832918,-103.3864448,21.28,20.762129400112407,21.349886821825315,21.314902513987764
43.556338,-103.478475,21.21,20.79207281485236,21.113015377273253,21.321357091195164
0.0,0.0,21.3,22.00064371900251,21.122684201824782,21.509112947375904
43.556317,-103.478488,21.29,20.79207281485236,21.106213645992234,21.27843981699479
43.5565422,-103.4782287,21.24,20.802622917456144,21.060099456255237,21.236445716445342
39.3352666,-106.1075201,20.97,20.680210953267643,20.971118770066894,21.245109156319344
57.69642730096166,11.969059512704638,17.77,18.38410780654917,18.22583858954226,18.009200565494044
38.88718989375296,-119.81826041347624,21.21,20.830741122209748,20.971657950885955,20.970948869182415
38.29238874425111,-85.93386040760322,19.4,19.169650227553916,19.21890538418757,19.546933762967736
40.8961538,-74.0817778,17.66,18.59949028383076,17.56957411001409,17.435838801399537
47.3428453,14.0345919,21.24,21.59538340464281,21.329681755003534,21.38684966076776
-22.3527928,141.5497754,21.32,20.562744285644772,21.459530812561173,21.296493187591548
61.9188913,5.9770771,20.23,19.822822590614486,20.47662963293613,20.912342152544735
-26.75992297388564,152.86463770791534,20.96,20.167943928969912,20.897910892977116,21.069075437037178
-26.760007802494627,152.86464788718982,20.7,20.167943928969912,20.725791574858476,20.90669631327122
38.88714268910516,-119.8182492844012,21.18,20.830741122209748,20.97284532325783,20.966979812292422
30.28807521334876,-97.83252105125956,18.9,18.684708387631538,18.88273123473092,18.365638728264525
52.2449835,21.6495594,20.4,20.76005684602218,20.624758999359354,21.07337864763998
61.918904,5.9770636,20.1,19.822822590614486,20.634638488534748,20.99073111373234
61.918904,5.9770636,20.1,19.822822590614486,20.634638488534748,20.97400806821614
-22.4296121603371,137.43797821097706,21.49,20.65654372447534,21.330292933635388,21.480642593116727
51.45883554760598,7.243261591141077,18.96,18.698858775969136,19.023241283758075,19.1531219160834
61.9188922,5.976891,20.33,19.822822590614486,20.651081738432893,20.960505484597476
51.4588373914732,7.243262585181407,18.82,18.698858775969136,18.88041649098228,19.13409332823512
38.88718989375296,-119.81826041347624,21.18,20.830741122209748,20.977692676448065,21.005053190851996
45.8830889909248,-120.651269371311,20.8,20.792648197408965,21.25805837115001,21.323170404744214
32.610303505143264,-110.7969895715202,20.75,19.52539402508491,20.391300857391705,20.19477533831254
-27.3794463,-70.3307752,18.97,18.519851606359804,18.314055069593557,18.625390631025525
33.336970646009526,-111.42578307330125,20.04,19.67702049627114,20.0045517315662,20.187507493636964
-27.308647588658268,-70.04262697612592,21.73,20.59312822875096,21.319553043560955,21.30823038147949
30.23909850253332,-97.88256885030422,18.53,18.598914898622233,18.793309626171244,18.37910242176003
61.9186341,5.9771415,20.61,19.822822590614486,20.64104096598755,20.931766176155016
35.3369606472882,133.55650534865777,20.82,21.52022236451147,21.230436043008417,21.31058145219845
44.2954792,-69.3603226,21.57,21.448147044355913,21.306053865952137,21.339797445071596
32.61012509476544,-110.79773176677946,20.67,19.61336955725666,20.413949933117088,20.2257821775714
42.3695431,-71.0200613,21.57,18.56229638383773,18.69265013570235,18.36897559988571
60.16635653796835,24.943214785234733,17.42,18.519339556390555,18.40916257756963,18.02843485412917
37.8852783,-78.8948741,20.9,21.119968290282227,20.64815723412532,20.985360549055578
38.88714268910516,-119.8182492844012,21.06,20.830741122209748,20.947164465200864,21.019203376331134
32.61039126500474,-110.79781034094056,20.63,19.61336955725666,20.396647896017654,20.203440516857366
-26.76529959726508,152.76084344118925,21.61,21.14016201144566,21.303045162799933,21.44512594140754
-23.593379,134.4933558,21.27,20.652143026332375,21.30826540953619,21.115004404318114
39.6754944,-104.7855104,18.61,18.413331202640943,18.264123660007186,18.312462837627173
40.21080523120734,-92.6304829466285,20.77,20.461460261850085,19.74971671162855,20.267093488745072
40.17948554701045,-92.64653090613804,20.75,20.234374408858674,20.469715890163176,20.932896407625517
40.210520308694704,-92.63033990179132,20.33,20.461460261850085,19.776037112741548,20.10832555564557
40.21370709280131,-92.6018438165857,19.66,19.36214190826133,19.683779616621095,19.55563704853525
40.19914715656635,-92.59122581368976,19.3,18.67489353992736,18.62518104629136,18.96600455884377
40.19024443986567,-92.57889289185218,18.9,18.53038703300685,17.409261407807428,18.31359435215829
40.183836692686135,-92.58142362813597,17.6,18.570985466086565,18.09847264401381,18.325715376674278
40.187573979372544,-92.58511162173907,18.85,18.589783524463073,18.086913791457615,18.434741963677634
40.177783689549656,-92.60073684504918,19.9,19.362015693425093,19.47826642267293,19.665169897068075
61.9186946,5.9768606,20.42,19.822822590614486,20.708549284650676,21.011515341005065
60.47202399999999,8.468945999999999,20.42,21.62841220620755,21.41178505502718,21.315905834506328
41.51196970820046,15.865977495256276,20.2,20.630611221526124,20.733000025047307,20.667430134482828
61.9188842,5.9771049,20.31,19.822822590614486,21.005308976070488,21.09839815219688
-25.3806589,135.4414323,21.47,20.544712551793054,21.410563319748636,21.574621201741543
40.19475389999999,-92.5832496,18.975,18.535241189849962,17.51649574424974,18.296020707676114
40.19475389999999,-92.5832496,19.985,18.535241189849962,17.527245744249743,18.359059221421624
42.92754859587214,-5.757355700607034,21.59,21.057341799694484,21.29807169331822,21.34786143954387
38.8871675,-119.818255,21.16,20.830741122209748,20.885725768302876,20.888810857372135
30.0068595,-95.949361,19.45,20.344133895979716,19.775271510649517,19.799291644502905
-26.598782683105046,152.7273715048905,21.07,20.776628885390057,21.28647467427666,21.345307294421133
-26.69382261992637,152.7099457964648,21.26,20.813785650238653,21.219073653212703,21.298410966887943
-26.6534875808886,152.70342775843957,21.25,21.23490103960882,21.258135331258778,21.344360842795837
-26.71248109334744,152.70169286812953,21.25,20.727047552201086,21.167962602328334,21.307183623534186
-26.76748916976637,152.7148216530966,21.36,20.799061682673063,21.3786504768829,21.362556845902887
-26.76675733542328,152.7153114539911,21.25,20.799061682673063,21.242953317285988,21.287234931611913
-26.777365909000736,152.72108390566493,21.27,20.821657467400343,21.221594395166004,21.30577063145305
42.56954992081916,-71.36729508339766,19.86,19.456783834789675,19.24303033330885,19.198464660601356
29.87347240727737,-98.63013016214492,20.77,20.858442376749412,20.43944866180792,20.620249579092434
40.17786261430596,-92.60097170509567,20.05,19.362015693425093,19.503578380045624,19.698878425096026
-26.68452725367721,153.13092729195276,18.9,18.739363121324757,19.34443437578341,19.130810109632343
-26.6809437,153.121665,18.97,18.627758672941358,18.76497109356364,18.9057703876324
-26.68515672855976,153.12958276625488,17.8,18.739363121324757,19.340634375783413,19.131164467820618
-26.68468129590921,153.12933709930044,16.61,18.739363121324757,19.30077334364072,19.200781368887014
-26.6818215,153.11903,18.83,18.465262396750738,18.64059287352644,18.407518514150787
-26.6818215,153.11903,18.96,18.465262396750738,18.62894510236242,18.521359212910543
-26.6844385,153.1289764,18.83,18.739363121324757,19.30074493094231,19.200781368887014
-26.6818215,153.11903,19.66,18.465262396750738,18.64059287352644,18.414544304469622
38.8871675,-119.818255,21.05,20.830741122209748,20.911423169669938,20.889385762185285
61.9189,5.9770733,19.97,19.822822590614486,20.109502742608115,20.664644338618555
40.17627756827755,-92.6008146074562,18.33,19.39705548920048,19.491565419637976,19.504834693238088
40.17791102697679,-92.6009385360295,20.05,19.362015693425093,19.503578380045624,19.698878425096026
40.17696034730496,-92.60077529496247,19.99,19.362015693425093,19.483775932128957,19.702439450945484
40.17626566566942,-92.60087933386087,19.97,19.39705548920048,19.48523495088797,19.698878425096026
40.17844744630254,-92.60067014913882,19.972,19.362015693425093,19.496941297388695,19.702186222684198
40.17775418028828,-92.5997978865382,19.91,19.362015693425093,19.488971297388694,19.702186222684198
40.18772115892931,-92.58518863451036,18.84,18.589783524463073,18.086913791457615,18.434741963677634
40.17832241111509,-92.60067759844593,19.95,19.362015693425093,19.491745932128957,19.698878425096026
40.177838341515695,-92.60109885747758,20.017,19.362015693425093,19.491745932128957,19.702439450945484
40.17774879852354,-92.60092704587542,19.93,19.362015693425093,19.491745932128957,19.70385979622074
40.19475389999999,-92.5832496,19.9025,18.535241189849962,17.527245744249743,18.355498195572167
40.17778068462032,-92.60074741306772,19.9,19.362015693425093,19.47826642267293,19.665169897068075
40.1797479,-92.5998468,19.98,19.25618691599341,19.509609786685406,19.660681909252624
-24.5724375,133.1463125,21.32,20.715300137762064,21.388507798316553,21.485056651691288
37.25002198971969,-79.99112316079461,18.73,18.65709510109068,18.927533394159568,18.754218528743433
-27.42226063923728,153.02634810098542,17.82,18.63848283093853,18.55385423666979,18.157668537874855
-27.425269963152093,153.03420160898102,17.78,18.61397617754564,18.71810310500364,18.129655822724672
38.887122,-119.818245,21.18,20.830741122209748,20.91383284511182,20.899748028361245
39.6787712,-104.7822336,18.5,18.416502293003486,18.199127662619052,18.227673972285494
37.25256416806563,-79.98500789950954,19.03,18.602756480937636,18.32178986856561,18.49494289714784
-24.3299007,133.6303271,21.32,20.687195352405872,21.3278243264334,21.33728766487276
29.87347240727737,-98.63013016214492,20.5,20.858442376749412,20.214698351061166,20.376023337232827
37.25534268044627,-79.98611008905571,18.6,18.598272230307174,18.299103175429277,18.507649280766405
37.26450273651562,-79.97745728917009,17.95,18.529053139778288,18.119443926658587,18.30641493552223
37.250411809588,-79.99108454543686,18.7,18.65709510109068,18.888255843867217,18.869618943447367
37.250088457054986,-79.99120985933963,18.8,18.65709510109068,18.883739130949646,18.78819981930275
30.641058883586684,-97.877959721868,18.31,19.002777116988497,19.368872088441623,19.37654692780965
61.9188908,5.9768979,20.31,19.822822590614486,20.486509071243482,20.969018521138448
37.281777570465664,-80.46837314569213,20.61,20.806045138862054,20.384219689326496,20.462043770029492
37.44279464102593,-79.8102087716203,20.61,21.138027481607942,20.51334483433557,20.64846495894747
51.480027314695896,7.527219694169087,19.1,18.84207715415835,18.942749623739186,19.280775993772544
29.871855,-98.631569,20.57,20.839823525975177,20.061886311322873,20.356887130577785
-38.46332731552691,144.10066212601208,18.24,21.205309912189804,19.130026803226443,19.657087849524743
37.25450494541171,-79.87064870807583,19.48,19.409235613834536,19.787636333973236,19.64987981407082
-23.7220649,133.4697823,21.07,20.648169762923022,21.082131401965885,21.10841532666873
61.390848,-149.4679552,18.32,18.999348009047953,19.271202366176283,19.3684598703361
41.8025605,16.1959284,20.74,21.432201163194943,21.250619646571046,21.33032204212992
40.0017909,-75.5786943,17.31,18.561645545325057,17.719120400091892,17.032422327225905
38.8876336,-119.8204676,21.3,20.84034766826004,20.529888953918416,21.077993699120757
39.6722176,-104.7887872,18.72,18.420684563904068,18.183405317823915,18.262944801221362
40.0017909,-75.5786943,18.09,18.561645545325057,17.970634596074706,18.363489054287474
52.49803126725445,13.239811858178724,19.55,19.121528672802345,19.190483072729666,19.66478137757149
36.99529412068798,-111.5563293222848,21.45,20.361860943966526,21.053664452472702,21.267739443897344
40.00217568503446,-75.57792522902145,18.11,18.561645545325057,17.730803820031728,17.703547568529117
39.665701,-104.7906334,18.77,18.44659929866721,18.24444251567453,18.522749238338616
-36.8837072,174.9923313,16.085,19.817079239951408,18.98862194167253,19.231685968477755
38.8876336,-119.8204676,21.24,20.84034766826004,20.975826407179902,21.0510258941378
-36.8837072,174.9923313,18.69,19.817079239951408,19.095195541036897,19.716385654912777
37.903206110667874,-79.80310565481935,21.48,21.493403163728168,21.272690397665873,21.318179048923408
37.249975656140215,-79.99130311205462,19.03,18.65709510109068,18.682195002491383,18.25575521606733
37.23415583110677,-80.43304683546414,18.13,18.62307712910574,18.40024696077742,18.542558075315654
37.227764408832,-80.4222649370196,18.65,18.601197772953196,18.075445290623673,18.27397547754496
-36.8837072,174.9923313,18.16,19.817079239951408,19.138758768462242,19.205563283569756
40.0017909,-75.5786943,18.51,18.561645545325057,18.01611767647132,18.36907903867752
37.8852783,-78.8948741,20.82,21.119968290282227,20.542588802880317,20.725974582303024
37.50445742844743,-80.4530580743717,21.03,21.354250726811006,21.281567479476557,21.34735399160233
46.9583065426589,12.956938676622256,21.06,21.17382477275333,21.296516174988838,21.40062035328388
41.92399600599866,-83.39725929952769,18.9,18.54254088769092,18.65605741351784,18.843751875398734
38.8876336,-119.8204676,21.29,20.84034766826004,20.9981223118308,21.15683896450405
-36.8837072,174.9923313,19.58,19.817079239951408,19.85420555714385,19.804238690835472
-25.0429843,128.303254,21.38,20.739119354514035,21.440412407221014,21.54940384419277
-36.8837072,174.9923313,19.61,19.817079239951408,19.911027880840546,19.804390418438118
29.87190925086156,-98.6312235173117,20.68,20.843617106868475,20.35446382190252,20.390464201547942
-26.8366304,125.6568608,21.59,20.770364603528595,21.462591208518074,21.592032628507326
-36.8837072,174.9923313,19.52,19.817079239951408,19.918735700872706,19.863728817196762
38.8876336,-119.8204676,21.3,20.84034766826004,20.974443947186472,21.103108909501138
29.0914304,-81.9986432,17.15,18.748548789877372,19.232881130343824,19.218738419119415
30.5946787,-103.9314502,21.6,21.035353683647745,21.33945468865638,21.516585902138768
38.8876336,-119.8204676,21.17,20.84034766826004,20.990312976072733,21.207233825999257
51.840228539849406,4.146533876985163,19.07,18.519583397076932,19.206549128133183,19.110683881927223
42.58613212336351,-4.528525826217815,21.19,21.2052110093359,21.285291411876372,21.297975805984333
38.8876336,-119.8204676,21.14,20.84034766826004,20.84287871307863,20.970290159642126
0.0,0.0,20.35,22.00064371900251,20.977563043375277,21.397346019123603
-41.25692059473943,173.10084900281748,19.8,21.093523074961716,20.402752990519247,20.44299259208308
-41.24744626031007,173.08907885204977,20.6,20.966211276857706,21.01130577858055,20.51395511066074
-41.28624102146954,173.231851827353,19.8,19.604763261534117,19.971333908801626,19.980682022990933
-41.284629660457725,173.24379980564115,19.8,19.232595700246378,18.331912194101697,19.06906094834565
26.8466937,80.946166,21.623,18.547359684395087,18.180615276609508,17.840252009664358
-27.939431,119.63213,21.47,20.691377123747877,21.392826779466706,21.445028356138188
41.31838328048983,-106.34716534996116,20.76,20.52184760042265,21.28134864284748,21.603895286553918
30.5947035,-103.9314471,21.5375,21.035353683647745,21.327833331870526,21.379770402551653
43.617554891964325,-92.31190492138896,20.33,21.18566684569254,20.900420736605568,20.732783966169904
43.64224724345506,-92.21487553024316,20.91,21.30988867568972,20.5477329084321,20.663433937505527
-26.6242261044929,153.0582557526911,20.1,19.136129230484016,20.05588542223532,19.847274213113188
-26.613187599020648,153.01055802977925,20.83,19.912933358965514,20.221420059791782,20.52467919128849
-26.61924352406209,152.94570137760877,20.45,19.068112591464498,19.656913416773147,20.381879723060138
-26.62228389179951,152.90769631988638,21.25,20.56785656938159,20.887894170365048,21.191011612331174
-26.62007605659461,152.88336725919774,21.27,20.844294037752846,20.95973355984725,21.167764726863574
-26.633766623221664,152.8616849520736,21.31,20.79753010958241,21.058806621631216,21.305894454168417
-26.651560740271893,152.87851765766075,21.17,20.85577816741996,21.06115835942345,21.238410886558192
-26.69319072740776,152.89249666049415,21.32,20.982914991507272,21.01451376446208,21.132108054623806
-26.69190087005143,152.88548352438943,21.32,21.03850449400558,21.030822812688758,21.2415625502366
-26.75944711849553,152.86543918953987,21.23,20.167727796918243,20.93857468759429,21.049716710845622
-26.75816818400656,152.86564724534085,21.09,20.547065067944807,20.933738740992986,21.01772208510544
30.5947099,-103.9314094,21.2,21.035353683647745,21.314796418631953,21.335358288546182
38.8878448,-119.8184498,21.21,20.830741122209748,20.928757654544466,20.987309710956776
30.5947119,-103.9314225,21.57,21.035353683647745,21.30181009058974,21.3323804657405
28.9800192,-81.9658752,19.18,18.90896008145941,18.832324748859325,18.749040128715592
-41.28465346175077,173.24397308888547,19.5,19.232595700246378,20.109152114765216,20.103400227782156
29.87188844373475,-98.63120051077384,20.68,20.843617106868475,20.3573451867429,20.431213555986353
-26.64389033991379,153.08527548946807,19.39,18.706316564896614,19.387346678625892,19.136858277299773
-26.68972905930778,153.0467396044666,19.84,18.871858205991263,19.336761894033124,19.443908908761088
-26.67763394069679,153.0950077682892,19.53,18.585187414561045,18.61698247827335,18.911657790094964
-26.744105737318137,153.13524831100656,19.93,18.90795704818105,19.629564701469196,19.33094986555161
-26.73426158069244,153.13493248089506,19.98,18.866929796561234,19.65216387425633,19.31521711597557
-26.707511208976342,153.1349774078961,19.85,18.835721810126156,19.579090996813285,19.266342971240555
-26.696304604435987,153.1358093956049,19.96,18.88934511787375,19.552201335207,19.301739485486266
-26.688337354014337,153.13628816991405,19.94,18.98501008079756,19.632580294813092,19.309543883440988
-26.66429361330966,153.09372620671343,18.71,18.400587598985016,18.55080194848628,18.24851037244062
-26.713570492492977,153.04439252888358,19.95,18.917971127313145,19.36189023185765,19.320162686385572
38.8876336,-119.8204676,21.26,20.84034766826004,20.968974109908388,21.08489814153726
45.86206989988997,11.52222799062756,20.3,20.078526150872957,19.99197180546075,19.967752546679815
45.8755119,11.5107135,20.3,18.832368448529493,19.616157372404,20.129323091593694
29.87190925086156,-98.6312235173117,20.6,20.843617106868475,20.30440370372041,20.405519165803664
43.1446264,-77.6276333,16.82,18.47066306899538,18.05873513898277,17.784474176760952
39.6591104,-104.7953408,18.63,18.449161331544204,18.272728331554546,18.498240927858266
-37.82991491324038,144.9752628405404,17.04,18.47066306899538,17.961755363592204,17.56691344570581
-24.662673573596333,115.1765381856639,21.42,20.648059217855472,21.35503104809267,21.331841488640904
29.4193743,-100.9161817,19.25,18.76152820306005,19.292196701986526,19.25809636988622
0.0,0.0,20.05,22.00064371900251,19.38601789350606,19.833966094762154
38.8876336,-119.8204676,21.22,20.84034766826004,20.866316077896368,21.021835919449053
40.09987145148841,-105.1483184426181,19.3,18.88121351882438,19.39671007815832,19.334255640720077
17.40321756523573,78.38891299418736,16.5,18.519339556390555,17.807314879078408,17.30669727536653
42.985492892940606,-5.765495409751719,21.12,20.624326814486416,21.240580351174973,21.314961554853323
39.8606586,-75.8856079,20.24,19.687250076797287,19.945610452450055,20.232361015445594
35.282866,-106.718786,19.89,18.768509459233684,19.440994886557387,19.337575625907277
35.2828633,-106.7187939,19.93,18.768509459233684,19.43792760834598,19.301374964505897
37.00822136368324,-76.37134487747808,18.19,18.421871878844996,19.048102816618883,18.112522954892018
33.65817723894282,-112.10324428006696,17.6,18.385428023445794,17.680588144437145,17.920470570238734
28.9686714,-81.9603752,18.21,18.615415280128484,18.728602570262698,18.27289859006134
30.0068617,-95.9493006,19.12,20.344133895979716,19.793643056158636,19.848140964601992
0.0,0.0,20.93,22.00064371900251,21.108350622625995,21.52941878601419
41.60275752859908,2.240022433510416,18.7,18.56534848694324,18.970273140949157,18.670633146702155
38.887846875,-119.81845,21.26,20.830741122209748,21.019123078183487,21.079303416364393
38.8878365,-119.818449,21.26,20.830741122209748,21.019123078183487,21.086494317978147
38.8878448,-119.8184498,21.26,20.830741122209748,21.019123078183487,21.079303416364393
0.0,0.0,20.74,22.00064371900251,21.123076391310782,21.477594651540727
0.0,0.0,20.2,22.00064371900251,21.061209299880506,21.220555282171624
0.0,0.0,19.71,22.00064371900251,21.075791342046838,21.372649558714592
38.8878365,-119.818449,21.19,20.830741122209748,20.97244181790217,21.059433609025653
44.35706106875168,11.152727150045251,19.69,20.989426785476066,20.444154611353124,20.598292979352347
46.34591765523259,20.622137155944447,21.35,20.8555211768932,21.115355126641344,21.195961117886277
44.63619196145417,11.183568184820832,17.57,18.516215571753833,18.792954652831526,18.95884002591591
42.74644694414548,-5.737352659077075,21.18,21.12170437351189,20.873504806481655,21.218282580143264
30.0067776,-95.9492989,19.52,20.344133895979716,19.818832240337375,19.886547905133114
42.93543882908822,-5.758492904875308,21.4,21.005132488408,21.26592924706975,21.459407294920002
43.04703973555151,-115.66007771458224,21.17,20.57316218358853,21.078257682293238,21.284886379546016
33.336976918113486,-111.42575993505577,20.33,19.67702049627114,20.0164747725476,20.20439191893749
35.7420607,-80.7121149,20.67,20.583996146817498,20.143028754438806,20.328703332494182
29.1080163,-81.9752995,19.2,19.98858807102238,19.944169998054214,19.63903370164162
26.252430531472683,-111.971414347116,21.85,20.866769909822445,21.26737979234742,21.521781018768642
26.19586580145969,-112.06106549208134,21.74,20.72163032677406,21.17782969611384,21.403831043240295
-30.311206098747,139.33576064471129,21.57,20.789172382758075,21.373100136235088,21.34551542081861
37.0049692,49.6088014,19.85,20.392899701935804,20.80498401407561,20.978642844384463
26.688869,55.93438579999999,19.58,19.118776787899996,19.9737166288119,20.163385653816793
0.0,0.0,21.36,22.00064371900251,21.113215706846148,21.544540442898267
29.1080163,-81.9752995,17.25,19.98858807102238,19.87356785742614,19.500017505818484
46.34560957449607,20.62857662615156,21.25,20.89823959072352,21.043034359750663,21.19582770264333
29.871969,-98.631372,20.82,20.843617106868475,20.285429038684967,20.450352554587475
-30.31169589702127,139.33737072593385,21.52,20.759951865896483,21.369124838494503,21.360236834831586
-30.3116218,139.3363193,21.51,20.759951865896483,21.36755190464532,21.34566723194987
30.64111787363015,-97.87786488430376,19.57,19.002777116988497,19.384830560441472,19.472657512084023
28.9686695,-81.9603886,18.35,18.615415280128484,18.000465891148977,17.335487610825837
0.0,0.0,20.46,22.00064371900251,21.106803139572026,21.500028773192504
0.0,0.0,17.98,22.00064371900251,21.09431462528927,21.441440186859552
0.0,0.0,17.14,22.00064371900251,21.085530502320342,21.624490639216187
-29.63880519455558,138.09309258976745,21.33,20.44278714197877,21.026983712515875,21.110121932298497
38.887918,-119.818438,21.35,20.830741122209748,20.900375986715698,20.915598123885225
44.8546856,-93.470786,19.11,18.590715875877024,18.97253659377582,19.164339379700948
43.53219568514483,-5.639724791706724,18.6,18.547359684395087,18.214154223161042,18.03485524717939
38.88746699954582,-119.82030710136527,21.23,20.84034766826004,21.012901244963928,21.116475362853727
-29.01414054594464,134.75558131230466,20.77,18.9066797156461,20.315622298270256,20.215503956580623
38.7230345,-90.8147971,20.02,19.924495499797665,19.51426503747988,19.55203178811333
38.7230345,-90.8147971,20.02,19.924495499797665,19.524353104829196,19.549910228239536
30.0067577,-95.9493891,19.4475,20.344133895979716,19.790231270544496,19.81145969562871
35.7454071,-81.6848188,20.92,18.55447154181422,18.11705567825471,18.39608526732386
35.7454071,-81.6848188,20.91,18.55447154181422,18.14129101857624,18.35743178869593
0.0,0.0,20.51,22.00064371900251,19.533704978749242,19.850570998330166
0.0,0.0,20.92,22.00064371900251,19.530984284304797,19.86670677920637
0.0,0.0,20.45,22.00064371900251,19.511013678497203,19.864997991263593
29.872105,-98.631546,20.74,20.839823525975177,20.166593839144394,20.446045432585592
38.887918,-119.818438,21.18,20.830741122209748,20.82011267716163,21.050038801643108
29.872105,-98.631546,20.81,20.839823525975177,20.173163349819372,20.438637691046942
29.9898627,-100.8517595,21.84,20.815964263651296,21.109330602636156,21.27273874289294
48.171020008944616,14.001355428470523,19.8,18.9317720594962,18.978943180029983,19.29520233542606
29.872105,-98.631546,20.67,20.839823525975177,20.13573887777224,20.272393572105766
33.1917508,-96.7684725,18.31,18.61311156089385,18.225893228258222,18.176574376928468
41.3543444,-82.43354389999999,19.45,21.094337022786174,20.308118096200143,19.61120566931889
30.0068041,-95.9493251,18.06,20.344133895979716,19.213192220253646,19.20576632310733
48.17103464919637,14.001356422351336,18.51,18.9317720594962,18.707906130449405,18.778505521957182
38.8694016,-77.185024,18.37,18.406140712329627,18.27017788657661,17.970092384428206
48.65392342401454,3.245175583653972,20.8,20.785894777477846,20.794195189054843,20.940033879547403
30.0069419,-95.9494627,18.85,20.344133895979716,19.28285813359591,19.45838149406291
29.872105,-98.631546,20.72,20.839823525975177,20.327076900202417,20.609525530242994
38.88793139270465,-119.81843947221692,21.09,20.830741122209748,21.005768887498885,21.00677490917619
44.8546856,-93.470786,18.96,18.590715875877024,18.994523905637873,18.90135804220118
48.37138415175381,10.864066594209817,20.57,18.444702715097883,18.071428003485906,18.848289585509004
44.7024726,-76.29542719999999,21.08,21.573036983500316,21.253906555748184,21.36105605892134
44.5785831,-76.3193699,19.91,21.56974644204199,21.253094204003997,21.398453773454005
44.5993579,-76.2843616,21.29,21.3746837039051,21.228595968989012,21.393756366017254
44.6705213,-76.3922317,21.14,19.938795181354315,21.134183996614784,21.206860750386266
44.6657062,-76.4025502,21.24,20.269971861255765,21.181902188748854,21.207718886360983
44.6623903,-76.4075678,19.71,21.18793878950472,21.247913979788617,21.377006793973596
44.4727296,-76.7000576,21.36,20.132402651593015,21.114090166537594,21.12795882985915
44.6636022,-76.4313287,21.55,21.105451284919848,21.338095883003557,21.398682672790923
44.68658749999999,-76.39756249999999,20.89,20.92530583845662,21.298114734397153,21.39531167371557
44.6488575,-76.3269251,20.58,21.357058950610575,21.244658400980157,21.36860076842956
44.6759422,-76.2796135,21.04,21.185704856284318,21.297207221378535,21.37268258593457
44.70184216721074,-76.29544740423412,21.05,21.573036983500316,21.198877567540485,21.398491296553622
38.887923,-119.818438,21.14,20.830741122209748,21.02742203587958,21.020139481051107
24.10757804568545,-109.99776657065968,21.24,20.434989703439143,21.11281645619304,21.128592349023993
30.5757226,-97.8013107,18.32,19.028866384014695,19.21529825786827,19.231662076257418
30.575502,-97.801314,18.32,19.028866384014695,19.21790233057775,19.240290059823412
48.7914574,-3.0837689,21.33,21.031685711082016,20.89369396746723,21.212519723538716
-26.750169893697453,152.8890310042263,21.05,20.930135080069054,20.863734433791546,21.131114806815575
-26.69975205318261,152.86305516113282,21.12,21.433567829136745,20.855795761683172,21.23864922839853
-26.6931594925998,152.89076610902922,21.03,21.006484889317193,20.82712752864705,20.926365488193802
-26.633711839842245,152.859825987833,21.26,20.79753010958241,20.905911363596733,21.206382186735354
-26.640612830265223,152.79623546525232,21.26,20.874868665817893,21.262730791669746,21.339376170189652
-26.65399526200129,152.6892837026975,21.39,20.96264104307616,21.155373159330935,21.22124553160687
-26.688041306738896,152.7967269928621,21.3,20.999850335783115,21.195608837256717,21.24618454569977
-26.688212845353966,152.8048317144602,21.25,20.94682146992474,21.066883633660378,21.221018803131003
-26.761036359102384,152.81045108446128,21.29,20.89450143734447,20.944536822949978,21.131276267944905
-26.759712976113523,152.86343876447438,21.11,19.810600518986522,20.84183950870709,20.97660515013545
29.872467,-98.630716,20.69,20.843617106868475,20.35351943372312,20.369661106278567
-26.759704587241224,152.8646737783619,21.11,20.167943928969912,20.79813973383217,20.98173305219987
29.872467,-98.630716,20.77,20.843617106868475,20.337572973006164,20.433061122411306
-26.6312399766481,152.8622658002777,21.16,20.41257572048551,20.813784080386355,21.24295792200045
38.29220180500016,-85.93409276256165,19.53,19.169650227553916,19.40825067164714,19.638982566008963
40.21080900893477,-92.63048723157227,20.8,20.461460261850085,19.811779616639004,20.286894073305877
39.665701,-104.7906334,18.76,18.44659929866721,18.258281075296903,18.665771789079407
32.610393014362586,-110.79721454733306,21.01,19.52539402508491,20.400671832928783,20.35811416917092
43.970296380309215,-0.7386474613164595,21.43,19.88157283893128,21.113813105074456,21.39597044179912
38.887896,-119.818437,21.17,20.830741122209748,21.025144029655948,21.085521161046227
38.29223236799532,-85.93451621352092,19.34,19.151651750397157,19.335205773496842,19.287492241325197
41.171948490968056,-71.55723323851342,21.08,19.930705799637597,20.676137125689735,20.91226955673013
0.0,0.0,17.052,22.00064371900251,21.033040114739723,21.292783155133414
32.9315834,-96.9200439,16.796,18.606491972732194,18.18433660263223,18.166099357800515
33.0017707,-96.9342281,17.296,18.587052854498353,18.589848466838085,18.21845292392369
33.0198471,-96.918001,17.066,18.471808464206852,17.545353221513906,17.410382286199802
33.0266488,-96.8826224,17.134,18.470719342971783,17.647310965841264,17.410657812128054
32.9757203,-96.8708025,17.138,18.608240440155072,18.01959173453667,17.683668760038042
32.9515351,-96.907648,16.604,18.598952521418685,17.845357284285555,17.870986218723537
33.0067534,-96.8844359,17.282,18.47163343876462,17.71596662633272,17.43556227192299
32.9690118,-96.8941714,17.016,18.598979985887812,17.969215339359472,17.788744021643648
32.9546891,-96.9368422,17.028,18.616343387854556,18.497728049053883,18.294404759508488
32.6103785929754,-110.79762650048453,21.06,19.61336955725666,20.451344420315134,20.272093424072768
-26.642498273304664,153.06134468959175,19.96,18.81337117546396,19.60579656089956,19.194698989924646
-26.670254848175883,153.08214584468405,19.53,18.47284342318366,18.24840374383708,18.46982601548057
-26.659718632561702,153.091606353523,18.86,18.40227292067398,18.868696729207244,18.366952283138545
-37.746114757490766,143.98004036587764,21.32,20.91194165417097,20.92863343935622,20.60312458054033
32.61018471273847,-110.79771511274764,20.94,19.61336955725666,20.42247274335072,20.319136970980594
-37.56469274730848,143.82042850640786,19.15,18.739675253787485,18.817313748400363,18.971552985449527
-37.601463296166266,143.83036183595044,19.44,19.047655327570904,19.395983936397357,19.69425971730189
-37.57982474459671,143.860493957061,19.44,18.91077447254212,18.93701709748855,19.292312141997336
-37.60319443815336,143.89364288310205,19.42,20.165509956576535,19.948157333581094,20.373506839691178
32.61031251214394,-110.7975615085262,20.98,19.61336955725666,20.371282870209157,20.253118323927705
-37.69583332128402,143.97340538807694,21.46,20.99079250779235,21.00465195953283,21.078423196350514
32.610153884642955,-110.79772930987122,21.03,19.61336955725666,20.368523625620426,20.259925423246752
38.28771840811432,-85.93218487713435,19.5,19.173972948144687,19.297517209013183,19.549791360951684
40.21081426263306,-92.63048576261504,20.86,20.461460261850085,19.74607261027151,20.23485501127812
32.610268550185445,-110.79726282878528,20.99,19.52539402508491,20.350441496210976,20.24975458120381
38.887918,-119.818438,21.3,20.830741122209748,20.953271801702744,21.090633116508585
40.21081552156755,-92.63048741870824,20.82,20.461460261850085,19.744548780866268,20.203611452085745
40.18402084787692,-92.64165952112576,20.66,20.297569899333837,20.145295117405166,20.164751816689588
40.179884813252045,-92.64683128655987,20.87,20.23431472627843,20.340579551309347,20.824160901133006
40.17826268481222,-92.65001284491278,20.95,20.975980583031667,20.34208757859858,20.902644946011314
40.17840440774792,-92.65186019910077,20.95,20.987643680445313,20.343240063447066,20.905523048644007
40.19015011023044,-92.64869400993646,20.86,20.52658632323147,20.016670155006373,20.244164274444252
-33.2321258,-54.3715068,19.38,18.48878384674645,18.688827098995247,18.79201626781429
-33.2308061,-54.371133,18.15,18.584692362566056,18.20144334958609,19.07957009100889
-33.2308061,-54.371133,18.77,18.584692362566056,18.768605165250133,19.049949094927733
-33.2308061,-54.371133,18.01,18.584692362566056,18.74319541353943,19.004346843917794
34.6917627,-112.2368297,21.226,20.638888762609227,20.990024432755508,21.248101690607516
40.21081312334807,-92.63048889742858,20.92,20.461460261850085,19.744435523290505,20.226431977485372
40.21608718983562,-92.64280235861804,20.83,20.87147207073008,20.06162625325793,20.27619042979145
40.19512023953631,-92.64770717993352,20.95,20.70307250249765,19.991117365583378,20.22578572644415
40.18822426132834,-92.64124551636714,20.95,20.365314512629393,20.42218286197033,20.18990695137893
40.184037368894224,-92.64155373496916,20.88,20.297569899333837,20.218568400715718,20.39544841599403
40.18441280302709,-92.64408445791923,20.4,20.367686121287765,20.065503631806656,20.39544841599403
40.1872453428464,-92.64518955061504,20.87,20.16378048822908,20.037505277233116,20.39544841599403
40.17993312101678,-92.6468292216319,21.01,20.23431472627843,20.572241149513946,20.917876767068986
40.17943967825065,-92.64659572492842,20.9,20.234374408858674,20.570987110484033,20.919713755834263
51.8455143466735,4.146684933041587,18.72,18.730612871186256,19.251164843928898,18.89653769717884
52.09250430042961,-106.64245816006874,17.2,18.537880201565763,17.302963823957114,18.00355424817241
-33.1963396,-54.3896136,20.37,19.929945453827738,19.582843383495845,20.43052012688456
-26.67734272699828,153.11408707161698,17.62,18.51064344308878,18.209577099135846,17.233174461265886
27.40447277604898,-112.63719989897083,21.54,20.713949923125014,21.327299056929537,21.204476771103753
45.3262519,1.552553,21.06,21.213457831025156,20.877500497963602,19.625012745950517
23.515890191803944,-109.70056030626728,21.54,20.299194600807976,21.04243439419726,21.21708705129736
33.3367849,-111.4254009,20.38,19.68686000831641,20.31261619343667,20.292602485690953
36.72355719999999,-120.059879,21.56,18.69474095563713,18.529769221036915,19.188117860381183
36.72355719999999,-120.059879,19.78,18.69474095563713,18.529769221036915,19.188117860381183
36.72355719999999,-120.059879,18.01,18.69474095563713,18.529769221036915,19.188117860381183
36.72355719999999,-120.059879,17.64,18.69474095563713,18.544835800561128,19.231255515554086
36.72355719999999,-120.059879,18.36,18.69474095563713,18.544835800561128,19.231255515554086
36.72355719999999,-120.059879,18.51,18.69474095563713,18.544835800561128,19.231255515554086
36.72355719999999,-120.059879,18.56,18.69474095563713,18.56553680738923,19.24375898058834
36.72355719999999,-120.059879,21.46,18.69474095563713,18.56553680738923,19.264038009827274
36.72355719999999,-120.059879,18.26,18.69474095563713,18.30569227096081,18.073087557229044
36.72355719999999,-120.059879,19.96,18.69474095563713,18.30569227096081,18.073087557229044
36.72355719999999,-120.059879,18.79,18.69474095563713,18.30569227096081,18.073087557229044
36.72355719999999,-120.059879,18.09,18.69474095563713,18.15181644159391,17.928377054162844
36.72355719999999,-120.059879,20.48,18.69474095563713,18.144255112228826,17.9089793542896
27.1924175,86.6234262,20.88,20.90306970431522,21.40675885581727,21.326185601708584
29.73745499999999,-98.455511,18.82,19.56319676557189,19.15325072859505,19.583473159162683
29.7590942,-98.4006692,18.83,19.76396874633132,19.120367139478354,19.002623398939775
29.77583,-98.430668,18.77,19.647182536994855,18.869037400461036,19.367353644648084
29.7943651,-98.4220507,18.34,18.738519094918942,17.733781262060166,18.959296578957368
29.79208929999999,-98.4769614,17.71,20.67982525447256,18.75960276015967,18.55960273219201
29.872013,-98.631447,20.59,20.843617106868475,20.37845746006877,20.559375326579467
27.3988778,86.5474521,21.88,21.319627561888797,21.496098311607543,21.419292359863906
37.0029828,-121.5566373,18.4,18.444400912175322,17.83008281125469,17.76729273246236
-26.63125028582036,152.8653514678515,20.88,20.33819955556909,20.801010436592787,21.243481880067797
27.3988778,86.5474521,20.76,21.319627561888797,20.847760184346104,20.92267045358839
35.96879783449244,-78.55844369445099,17.2,18.721276464613815,18.25311296544555,17.93524699441141
48.04988144153763,6.0727020996409165,21.48,21.22341664851838,21.10169942801674,21.19997979459867
29.9636439,-98.1689615,19.2,20.89879120228903,20.37294387024452,20.590196285630835
29.9636439,-98.1689615,19.98,20.89879120228903,20.37294387024452,20.590196285630835
29.9636439,-98.1689615,20.18,20.89879120228903,20.317062215868276,20.600096929506893
29.9636439,-98.1689615,18.98,20.89879120228903,20.317062215868276,20.600096929506893
29.9636439,-98.1689615,20.26,20.89879120228903,20.317062215868276,20.600096929506893
29.9636439,-98.1689615,20.86,20.89879120228903,20.317062215868276,20.600096929506893
48.371688672446574,10.862820380265472,20.31,18.426588533088616,18.083679023497773,18.867161323114356
45.819009905124254,15.974977713008371,18.57,18.519339556390555,18.047582747842704,18.06145085646414
27.32911232692505,-112.26243976575992,19.652,18.651408831791837,18.326084993105223,19.753565075302458
28.5923014,81.6252215,20.53,18.69774224872391,19.917297871608568,20.124099047248663
38.8876336,-119.8204676,21.15,20.84034766826004,21.03760355066613,21.192396156157074
40.21062195481407,-92.63040470234988,20.79,20.461460261850085,19.70300516335039,20.286885646852898
40.2358272,-92.6613504,20.79,21.08422481996235,20.751264472798972,21.162747225448843
40.21223508552822,-92.62194725600412,20.63,20.299917523809007,19.664593628984655,20.27231463243705
40.213252336353456,-92.60704780333523,20.27,19.715097488989123,19.90159155804699,20.062298567822314
40.213578441077615,-92.60162336424824,20.1,19.36214190826133,19.6987038879482,19.69081990909776
40.19913163957557,-92.59120420798706,19.81,18.67489353992736,18.938503901522555,19.06867141878796
40.17778223480962,-92.6009627371192,20.24,19.362015693425093,19.467999297700263,19.72617132016658
39.66958196306979,-106.83231684552004,16.4,20.195105631152234,20.686391341957187,21.253399570310783
39.66941555397795,-106.83344529252702,17.8,19.93698409765365,20.502911144132387,21.101341337280125
-34.9159443,117.2276888,21.35,21.046947745078683,21.239834486217088,21.29816812550954
52.5947856,13.3832832,19.3,18.693815522634054,18.64356605708809,18.984797691354224
41.29974795641067,-106.14253361156057,20.69,20.6754547387558,21.24640627277609,21.624383550527277
51.8796798,-8.4808344,18.95,18.47066306899538,18.160626056617986,18.10939890908198
40.21080928711069,-92.6304851418909,20.65,20.461460261850085,19.699579975904697,20.259417034195284
32.610050422240214,-110.79775598678404,20.85,19.61336955725666,20.397787403659134,20.270254964007787
24.15964884498214,-110.2905338298535,18.4,18.579136455299043,18.429093621790006,18.48529469216693
24.15845801951044,-110.3025912700834,18.3,18.549819354418183,18.327745220328726,18.16671363861179
24.15175952500353,-110.27813322542428,18.4,18.64340134444753,18.398713912362506,18.47677494504522
23.764259522187064,-109.9788155253636,21.43,20.999064123348113,21.122244425638293,21.199312751120008
23.72776974708243,-109.79055721660976,21.32,20.543475137165355,21.24615559401229,21.290089107637645
23.584051981495985,-109.60508670377038,20.84,20.446666445144746,20.22061391685768,20.855793425074463
23.54985366894125,-109.53218165362505,20.66,20.488791797621555,21.029759799343946,20.707506320619437
52.5947897975024,13.383064270019531,19.17,18.693815522634054,18.636656495599,18.93278820282564
32.610229613526535,-110.7972379083598,20.98,19.52539402508491,20.304906300948243,20.246081150558886
33.3566258,-111.9873687,16.78,18.59347766859536,17.98666137194696,17.99032553089151
52.61621075479708,13.376198888564597,19.39,19.23740754115373,19.193287070256773,19.48015038075629
52.78853608221557,13.461099487221915,20.7,20.84684161655624,20.372168010026037,20.697651860125838
38.8876336,-119.8204676,21.12,20.84034766826004,21.036095269389357,21.1621375694279
48.37180071379495,10.86282969049338,21.05,18.426588533088616,18.032837158976903,18.858285197127802
51.8796966,-8.4808668,18.64,18.47066306899538,18.112108385363054,18.088777968306037
24.15734946293229,-110.32063514645073,17.4,18.734024818070424,18.54066815014243,18.212348766124833
24.078999810059432,-110.30401250310403,18.32,18.58899768180082,18.264688571497494,18.275389244848853
23.69776353688536,-110.12393996745335,21.16,20.855845323830586,21.246522186919332,20.857245748904823
23.74563012434141,-110.1126793130652,21.17,19.935570863271256,21.11541874184413,21.014949686334365
38.287935004139264,-85.93252903379914,19.35,19.191513493126763,19.31867021454683,19.465514848034108
32.610177128852385,-110.79770180254384,20.99,19.61336955725666,20.37196096197998,20.274496852043505
9.999633380199036,-84.1281421979837,17.66,18.47066306899538,18.1978012883729,17.41152694448768
45.21169277631178,14.697959005816776,20.4,20.32714471971265,20.608157487247787,20.734126941418637
-26.6531110342092,153.1036173680344,18.95,18.752251072402355,19.26888251713134,18.98268295932835
-26.65478146793814,153.0967009008237,19.19,18.5349673990728,18.631274650989507,18.521974858104933
38.67365051480742,-90.48861460882,18.41,18.633761406383883,18.240809131205378,18.307308294593454
40.21081142613837,-92.63048502560784,20.75,20.461460261850085,19.725037526489697,20.253982117894676
32.61009035794937,-110.79775981262824,21.01,19.61336955725666,20.367028438258604,20.273203452252837
45.76702194516722,16.034227766041194,19.1,18.647154767325812,19.00725405517925,18.836808117183867
45.90045688229641,15.953571824916963,19.5,20.103128968032287,19.842178806835843,20.136160530777286
45.91458689917066,15.974354671142034,20.3,20.457837032973426,19.89421771854119,20.219477372318398
12.9715987,77.5945627,18.26,18.519339556390555,18.00452220856229,17.588536476305386
12.9715987,77.5945627,18.21,18.519339556390555,17.991808611547157,17.444386682868227
32.61010797343034,-110.79774256131137,20.97,19.61336955725666,20.365705514961135,20.312281120038918
0.0,0.0,17.98,22.00064371900251,18.597848479006696,18.99245249943706
30.179328,-81.59232,18.6,18.71593746625304,18.11736887276243,16.74611174131849
30.1771574,-81.5825511,18.4,18.709321671928393,18.345746186378577,17.919510539140635
30.1772005,-81.5826243,17.59,18.709321671928393,18.28202648547506,17.778123381514465
33.3566111,-111.9873879,21.82,18.59347766859536,17.960731018914704,18.09503615927644
33.3566221,-111.9873814,21.77,18.59347766859536,17.962029630025814,17.98091719338639
-34.3163295,118.1903763,21.27,20.883038233794053,21.034675117482422,21.09026592858566
-32.8082602,116.874792,21.31,21.18190234552394,20.914875848723376,21.137864066727122
48.371646076110295,10.862784989157827,17.68,18.426588533088616,17.374173815320532,17.899318118606885
30.300142,-81.7186035,18.6,18.599006290749987,18.216917687265617,16.61490530673863
30.2743552,-81.5136768,18.4,18.601342834861335,17.900860728214738,17.865023821195532
30.2743552,-81.5136768,20.7,18.601342834861335,17.826863044156724,17.295874446800745
21.582006626135303,79.3096768136035,21.65,21.032372401347224,20.897163525024126,20.941356852962194
25.48526961039397,-103.62361659214176,19.93,19.05206129985274,19.51200629717151,19.84045320726
-26.79660936599042,152.992719011075,21.07,20.937193570234076,20.704750680570555,20.977108908567246
-26.806508596250413,152.96997745861813,18.92,19.20222379429213,20.226212983720192,20.59177758433288
-26.78584505667536,152.92065777528768,21.07,20.86538556926592,20.917784554724708,21.131278056745884
-26.731648815123144,152.90203069063145,21.07,21.03752770472736,20.965808565490878,21.110438803045476
-26.65221244796213,152.87759492441694,21.17,20.868081455801825,21.060399352578138,21.24785114252856
-26.63417555927112,152.85995126530003,21.28,20.79753010958241,21.145807326278177,21.104301793630718
-26.649166507881827,152.8119865124912,21.32,20.875268086705166,21.289940863521316,21.305201719942122
-26.63023000510623,152.76784125803275,21.37,20.87275465491058,21.277033875052844,21.295547325916726
-26.53865303054422,152.77562757475647,21.38,20.909817100636623,21.24331485944449,21.38807735863144
-26.58712120766099,152.7374802827176,21.39,20.815288931752395,21.304161635691344,21.455767180205978
-26.548247980677083,152.71237445744882,21.43,21.052157102166863,21.18118935157368,21.43069192142991
-26.596887802427883,152.7291006355263,21.3,20.770529633839512,21.19863450333527,21.423652147395945
-26.62449810302281,152.68971453442384,21.4,20.989197154333706,21.25042413301489,21.34292080273674
-26.662367085225004,152.68892686225036,21.4,20.932311239533497,21.14858832838986,21.27158749420244
-26.713094503022955,152.70088793180742,21.42,20.727680226922416,21.10686896407326,21.264904442212877
-26.683694391454715,152.7605797583472,21.55,20.857726145397663,21.199802451252904,21.211810992249575
-26.68803070026228,152.80473107969482,21.38,20.94682146992474,20.997737700983812,21.170801933336293
-26.760231851948685,152.8101029814427,21.31,20.8896066826156,20.879639039492222,20.886499084206427
-26.7596702,152.864685,21.04,20.167943928969912,20.75690499919553,20.93029170426393
47.34304727621368,14.034499945028468,21.5,21.59538340464281,21.318322087646425,21.3123259459617
47.34304545872919,14.03449838107502,21.53,21.59538340464281,21.299624391640727,21.465246321323228
47.34303645521621,14.034492473429768,21.09,21.59538340464281,21.251653853280075,21.069553519054395
48.37169699670885,10.862701198937511,18.22,18.426588533088616,18.057375566707762,18.602448559281093
-26.65040881517673,153.09174638163526,18.68,18.600566488147926,18.753269815293816,18.865135203575502
0.0,0.0,17.59,22.00064371900251,21.04098516370334,21.413164367723958
38.67358168592644,-90.4886326919806,18.41,18.633761406383883,18.240809131205378,18.307308294593454
40.210796616868365,-92.63048273499535,20.65,20.461460261850085,19.717175885315143,20.28090998189003
-31.744674314928567,116.0020356887436,19.8,19.08371987475969,19.598297559069152,19.599177932622975
33.3301693,-111.5938225,18.75,18.60899848049017,18.482227272249904,18.54016447582946
-22.384614587076385,143.04095908332198,20.82,19.040283853380554,20.217770058676443,20.260295102546017
-22.384354164578752,143.0408801607139,21.02,18.97336099520099,20.20058807607571,20.260295102546017
-22.384070074233943,143.04003542152958,20.46,18.928918661265158,20.18102434591698,20.250121925024096
-22.38481333590298,143.0399261182029,20.25,18.989247849687068,20.19861664750428,20.2585858735294
-22.38565124118848,143.03981722438448,18.73,18.902413898189415,20.193084549761746,20.242863229727178
-22.38554818114497,143.0398141225666,20.03,18.902413898189415,20.166794800344498,20.250121925024096
-22.386516125717755,143.03969808170655,20.91,18.926478086133056,20.17300618220569,20.23376593141607
-22.38747660872605,143.03951980100982,20.76,18.926478086133056,20.207954667886675,20.22420573902064
-22.38835318694674,143.03935557637257,20.43,18.926478086133056,20.18685818437019,20.212694822544023
37.7423932,-78.4015172,21.01,21.27809174729779,21.187923262936152,21.208610638914212
-22.389230088706096,143.03922160140013,17.51,18.926478086133056,20.177173489898,20.233701309385044
-22.389894689900256,143.0391366362351,17.65,18.962943796527284,20.19861664750428,20.24022259605722
37.74251,-78.4014328,21.32,21.28287227281443,21.22995711938563,21.283322949433582
38.29282689482839,-85.93419215055795,19.46,19.18038783108261,19.524015996043914,19.583759487550964
38.27382533824501,-86.41461309860796,20.97,20.999293987391834,21.162488535658348,21.138222187412712
37.70174980820133,-93.05664400902556,20.99,21.236005152463324,20.994190417173122,21.09109230984575
37.70143683141425,-93.05673690271368,20.97,21.242895604045053,20.93434684100982,21.09396057476642
37.70177191061377,-93.05661827316456,20.93,21.236005152463324,20.932547507525552,21.148139627166707
36.84801621942746,-93.21517752367444,21.29,21.161927423343446,20.614314209635328,20.912203457502855
57.69654313970921,11.96906719628513,17.85,18.38410780654917,18.305295179417854,18.16491962414715
45.90065031119183,15.95345706768144,19.22,20.166599639842758,19.89711301199938,20.097651570538307
29.871870999999995,-98.631197,20.54,20.843617106868475,20.350245607537826,20.436907447096424
40.210811736965226,-92.63048591540564,20.55,20.461460261850085,19.767663658725354,20.284247102536003
45.58841391399175,17.312491598858774,21.55,21.30532345310013,21.128598160589878,21.388815639097515
30.641024731590125,-97.87793851235574,19.24,19.002777116988497,19.348041665536773,19.474216876056246
29.871870999999995,-98.631197,20.52,20.843617106868475,20.253879546986063,20.338194455166732
40.51019790341363,-104.6830306435466,20.27,20.331320305208262,20.303082572357656,20.41708913959058
35.2828999,-106.7187803,19.8,18.768509459233684,19.419676539438914,19.25515769579767
34.6919062,-112.2370091,21.104,20.638888762609227,20.998589836170463,21.21891818827086
33.594402,-112.132489,17.8,18.384923545151214,17.79361215308844,17.897035695186048
45.76764007661789,16.033129466550147,19.23,18.652343621758867,18.97948706498754,18.912581124382204
-27.512908323201263,153.00634519478663,17.89,18.696893556338104,18.664736270401377,18.57114067654287
-27.42289,153.033773,18.38,18.61574053102401,18.530817789267147,18.066750514362163
47.342963,14.0344468,21.23,21.59538340464281,21.081021315400353,20.91782667516842
40.2108319233998,-92.63048170646664,20.47,20.461460261850085,19.769095844179542,20.074336702296776
45.66807783213041,15.441400185241774,19.7,21.14710660148853,20.95087509172054,21.141952942531148
24.0714218,-110.2796338,18.89,19.043409458161246,18.994836982380082,19.11030763033572
35.78764350047255,-78.67135106300711,17.45,18.549528522857393,17.923420948358395,17.600196344787513
35.78751335053177,-78.67146538031716,17.45,18.549528522857393,17.923420948358395,17.546031754351212
36.56456479573557,-112.96357154846191,17.43,20.43770729903345,21.09632901916096,21.21731710927921
30.1655027,-97.4880559,20.05,20.06080776838199,20.375495535523363,20.229069169643314
34.1386230360749,-84.34339594138328,16.14,18.78964469144146,17.882771238369433,17.301203810541445
-33.956252001093624,119.91765573176136,21.94,20.77703340743962,21.186684083940623,21.322152496154427
35.669882,-78.8062281,18.64,18.739997791982972,18.196225224597224,18.085674450900907
35.6512655,-78.8336218,18.74,18.584531465663286,18.1731915036753,18.418864500211765
38.888214833333336,-119.818472,21.17,20.830741122209748,21.043870460351968,21.096158790018222
35.54365611885446,-120.72211647890128,20.78,19.158427584466647,19.724601920342923,20.225459686187598
35.54365124741742,-120.72210655464649,20.71,19.158427584466647,19.699391738996496,20.252183796653938
41.344451,21.5479422,16.04,18.54795941148174,17.63792754511325,17.93934643148532
39.15352081528555,-86.49242363093937,19.08,18.57403429697387,18.26008944539386,18.31699991434762
-1.2585221,36.8923644,17.17,18.38410780654917,18.646088288712388,17.858547755165354
41.3443435,21.5479374,16.02,18.54795941148174,18.574916971546735,18.73442019832613
24.47511194526248,-111.02587960339478,21.49,20.512283909781047,21.341569237917046,21.37314875945897
24.40340300842789,-111.1015357435814,21.49,20.25078723273193,20.920965606345185,21.16964725375051
41.3461884,21.547389,16.2,18.5619412711163,18.551300313607623,18.675422882511725
24.4025011,-111.1023504,21.46,20.25078723273193,20.990446566328625,21.18161857445247
38.29260001536397,-85.9340381407753,19.38,19.18038783108261,19.443144546735663,19.57148139975829
37.7425029,-78.4014487,21.41,21.28287227281443,21.2184970963831,21.15952613154992
35.2828593,-106.7188289,19.59,18.768509459233684,19.384519740229806,19.334839814634094
35.91293411768946,-79.97698932632632,17.69,18.631528312600242,18.66619147827045,18.442964906105562
35.89913236034637,-79.96209538301788,18.25,18.673277945975933,18.607439220612154,18.568592746510667
35.90698195513164,-79.96147837809391,17.54,18.644425542244704,18.635768913408295,18.51906047600995
35.911109445787986,-79.96928051442536,18.12,18.62301036050313,18.69667806964044,18.46303170813206
35.91373610727804,-79.9730245932271,17.77,18.613320948896007,18.766653831720483,18.439094084004598
35.9065101528732,-79.98295798999636,17.72,18.682582771797343,18.647799334421315,18.567721880228834
35.896909883474805,-79.98900894823284,18.61,18.741028047897817,18.935201773835878,18.743009285540232
41.3461884,21.547389,16.02,18.5619412711163,17.608442093521088,17.909935808037044
33.3105671,-111.3680288,20.51,20.035428900167105,20.615687357298956,20.76489685130365
32.60899140432397,-110.73292191774,21.17,20.75582626104894,20.700651342347996,20.95160024715507
42.144342154886616,-121.8244319426227,20.61,20.675371092396638,20.921457711967822,21.191868033536633
45.187242927936495,-93.91816443893732,20.57,20.4193655042175,20.41589047507374,20.638222551407807
48.58470153,-93.1612091,21.2,21.7026363099552,21.228383093937456,21.31512468244955
48.4670903,-93.0703829,21.2,21.491899886556638,21.214520172609483,21.27745097739198
29.582849330756204,-98.61807945535402,17.42,18.60064107405715,17.846236452289155,17.878024288972806
51.45885285401359,7.243278926934877,19.22,18.698858775969136,19.01658045704516,19.252403838481804
51.458862585083146,7.243275289947726,19.13,18.698858775969136,19.012445610857462,19.091402619482857
51.45885037765694,7.243280200990498,18.91,18.698858775969136,18.981055976676515,19.066097657551104
51.458851054058144,7.24327870854585,18.73,18.698858775969136,18.94488095267667,19.050611417484284
41.3461884,21.547389,16.02,18.5619412711163,18.55488009445178,18.668051576176516
37.7424801,-78.4014642,20.94,21.27809174729779,21.218462552988743,21.25759421622674
35.90542340849833,-79.9801078601051,18.68,18.707978371015066,18.538830445331463,18.533159672163414
35.90809415450674,-79.98023302974998,18.84,18.6607205121863,18.567398685278537,18.54864779820552
35.908676376148335,-79.98079629380682,18.84,18.67566347696098,18.58474649561815,18.532847372996475
35.90764227709908,-79.98141856629827,18.84,18.679789261913506,18.582932931515582,18.540460438276288
35.90845043969475,-79.98241634805181,18.47,18.679789261913506,18.582932931515582,18.538094000220713
-33.823825698411795,122.29095844985002,21.87,20.982898325112203,21.41605312464303,21.4107634511007
27.7021097,85.3412823,18.24,18.547359684395087,18.379150024130112,18.338978099392925
33.5020323,-86.80574949999999,16.89,18.59887092050853,18.479107868858108,18.748447802056003
33.5020323,-86.80574949999999,16.89,18.59887092050853,17.912045131209073,18.147172119586426
33.49979193774973,-86.805054759469,16.89,18.59887092050853,17.905057922914366,18.197785858132253
33.49984546809539,-86.80464697839312,16.89,18.59887092050853,17.905057922914366,18.197785858132253
41.3443539,21.5480645,16.71,18.54795941148174,17.636837445335637,17.839820023520154
29.979315143149503,-98.1006651199812,19.334,20.175460573580498,20.493204803396857,20.383009519467386
40.21081050931648,-92.63048358264884,20.6,20.461460261850085,19.72089754593575,20.166438779374147
59.9062857,19.0124801,21.35,20.45128688915462,21.389692877594058,21.391089403728085
41.34444,21.5480083,16.02,18.54795941148174,17.590591035877033,17.86402667083778
-37.6961185434474,143.97367917623447,20.77,20.997497977486802,21.14749969443288,21.172600754776152
0.0,0.0,16.07,22.00064371900251,20.798460721414457,20.899341236984046
42.3172981,-72.638762,19.05,18.576687979799882,19.075637988086648,19.176707330342552
0.0,0.0,18.21,22.00064371900251,20.544851733242357,20.759644062820858
37.7424794,-78.4014619,21.15,21.27809174729779,21.155892633300876,21.16849716927791
42.3212793,-72.6443207,17.91,18.61577217159088,19.364403639363896,19.218440321270513
41.3443539,21.5480645,18.03,18.54795941148174,18.463616406734708,18.587910111556802
35.9470315,-115.0824853,18.19,18.621238339856482,18.81849254235712,18.362370149809244
37.7424825,-78.4014693,21.45,21.27809174729779,21.20034003971853,21.21489291049231
40.21079691875465,-92.63048294975738,20.58,20.461460261850085,19.73655454546723,20.217605859499326
-29.9831524,121.0432929,21.73,20.81434647213752,21.299218859594035,21.204353374067068
40.21078885758156,-92.63047815665044,20.6,20.461460261850085,19.733160795467228,20.1466769740324
37.39784759791501,-93.04206853432854,19.2,20.9968817665268,20.964060948449227,21.04186778210716
35.2828627,-106.7188343,19.66,18.768509459233684,19.33490956824445,19.261622452054997
35.20113964022642,-97.45082593506844,18.68,18.626142550851164,18.324928306541082,18.460469601535028
35.2008724,-97.450688,18.2,18.626142550851164,18.36343969389766,18.48788583204859
40.21080609143708,-92.6304866616317,20.5,20.461460261850085,19.77995051520442,20.134798298566928
41.3442851,21.5479244,16.41,18.54795941148174,17.53764050550189,17.680531767772884
40.2107908435794,-92.63048233302428,20.58,20.461460261850085,19.733597651624983,20.15539045008217
33.8552347,-112.1328694,18.98,18.599524699874383,18.515964738114292,18.414131068040042
40.21078937624846,-92.6304739187516,20.41,20.461460261850085,19.792388671499978,20.120668760570034
41.3087553057519,-7.745439091433433,18.97,18.528814780251363,18.214260207714013,18.021952266118305
42.31653224789881,-72.63989356778858,18.51,18.58273181679758,18.791560905306497,18.715365622129443
39.9078831,-75.5515786,17.35,18.808435511065497,18.051943944100923,17.101513084485223
30.41290719064922,-97.73913692692084,16.99,18.53828799000485,18.373505214970837,17.422531637586165
30.4130299,-97.739595,17.55,18.50670594537257,18.183774190699,17.30066439117022
30.267153,-97.7430608,17.42,18.47066306899538,18.061686943318293,16.986893392556986
30.41286171948349,-97.7390538817416,17.43,18.53828799000485,18.38523888981429,17.27488776022431
-10.1415352,123.7308192,17.48,20.48249393852906,18.063784744843392,18.50154262786664
24.084609658490475,-110.34245054979968,18.85,18.916364453516103,18.8794272219452,19.360187790874328
24.33753682923015,-110.30981629422152,20.88,21.24473973776085,21.30530985794707,21.350707850286728
23.87865466775401,-110.20444198089017,21.03,20.527994127746208,21.045886372479977,20.970740193506344
23.93108065844132,-110.26515837859782,20.68,19.140843078386474,20.08233790507023,20.409885126211176
24.000333634749992,-109.83815480367434,21.3,20.58452839087388,21.00141596834326,21.01636042800149
23.96661774586984,-109.94159797056292,20.92,19.30387107628809,20.48305037431263,20.423996216149632
24.019935882704168,-110.1128511771051,21.01,20.567338322266625,20.914434105774035,21.20187906998875
24.055657734644807,-110.16734759723182,20.73,20.713316220068652,20.90950448856929,21.18666950759995
24.46133918585945,-110.69890668130014,21.33,20.5727659993793,21.35763241344928,21.569395771909917
24.2693262459068,-110.61880570548284,21.37,20.98232804762203,21.343738030607984,21.48296012139789
24.157097552745515,-110.46164272493796,20.74,20.57179038238513,21.17346047376508,20.979211516660047
24.23471117688909,-110.1400910513019,20.88,20.834908629286456,21.19212783671254,21.108277711228688
24.24719621225121,-110.24631036482086,20.49,20.53597587256753,20.82432613093857,20.81838925963605
48.50285050499805,-2.848656693824972,20.35,20.999335176737464,20.215776190389295,20.536310335393214
40.21079965103876,-92.63048158731976,20.54,20.461460261850085,19.73143166355526,20.19842130027091
40.21080877718419,-92.6304825513776,20.51,20.461460261850085,19.747827216625783,20.272473198468287
32.05669435718173,-110.68563816159832,20.7,19.398089708438025,20.06248456389164,20.2345731248242
38.888593,-119.818393,21.12,20.835893786743437,20.93285821310589,20.871767522778804
40.21081228803933,-92.63047934150688,20.6,20.461460261850085,19.775663475305283,20.236741317762643
38.8876336,-119.8204676,21.11,20.84034766826004,20.94010881487081,21.318125630536255
32.8094886,-117.0114312,21.6,18.747225736439646,18.967622953512087,18.960063778026573
41.58260169214842,-88.01813754634883,18.22,18.608383100792878,18.225541792357916,18.2232873265741
41.70910800000001,-87.8773373,18.24,18.87803630048267,19.0426871995431,19.028111137213823
33.2947470506871,-86.77884686179247,19.8,19.04847469144604,18.90061467567536,19.134398124164157
40.21074575424159,-92.63046750114752,20.48,20.461460261850085,19.8028641249531,20.230768850887735
35.2009687,-97.450692,18.34,18.626142550851164,18.45234130972227,18.40478055859637
35.21553574969615,-97.37219013535348,19.96,18.996208287560968,19.470195907774084,19.3210395099827
37.99817653784286,-105.69857023881424,21.16,20.770480470544896,21.235724032613703,21.39112614561108
40.21081750791661,-92.63048688588044,20.49,20.461460261850085,19.770366369216923,20.22862405015958
36.09915166674779,-80.07961703882387,18.7,18.586976919796584,18.719046696395413,18.49823256208766
36.09335629360566,-80.0638545751374,18.52,18.515043318039684,18.439110595555395,18.440683759782747
36.093495226628974,-80.06388355424495,18.55,18.515043318039684,18.439110595555395,18.440683759782747
35.999241372419625,-79.91632383588643,17.96,18.70179620514642,18.53034911638367,18.547895418510283
35.998598796587,-79.91545049003732,16.13,18.70179620514642,18.48655932328182,18.296225937391263
35.99929322267588,-79.91582876883196,18.3,18.70179620514642,18.48655932328182,18.296225937391263
27.7021364,85.3412995,18.41,18.547359684395087,18.477005696526344,18.88822616523481
32.77552919173346,-117.07780178174188,21.05,18.636739605813478,18.06178482677727,17.830653501446793
39.9799555,-74.2661041,19.04,18.54289096581302,19.216367370157396,18.844040799335453
37.7424882,-78.4014655,21.08,21.27809174729779,21.21619461790172,21.163969352707554
33.460812,-86.798266,20.5,18.61022656102026,18.645072408814706,18.39030174099864
33.46100417470987,-86.79830642543845,20.5,18.61022656102026,18.645072408814706,18.39030174099864
44.16379663049941,-81.64003362768439,21.01,18.745069877113778,19.71865077920817,20.203494375282343
29.87125,-98.630745,20.64,20.843617106868475,20.35814863573609,20.37586742715473
44.38847443351918,11.27119950983467,20.1,19.733048947090115,19.952341132072554,19.625050867027337
27.7021565,85.341276,18.27,18.547359684395087,18.34457373145091,18.254180529768
38.88559354105215,-119.81576742154584,20.96,20.90789472894479,20.8793629413227,21.033742594886252
37.74267799,-78.40116346,21.15,21.28287227281443,21.249586786469067,21.11326331579946
38.2877964767464,-85.93280475147662,19.38,19.191513493126763,19.47700534915385,19.573908996205514
35.90786823250144,-79.98007355251231,18.89,18.6607205121863,18.516136362054954,18.60214885558051
39.9799385,-74.2660879,18.57,18.54289096581302,19.15627764112212,18.767980190927823
33.5185892,-86.8103567,16.49,18.59887092050853,17.944575583918432,18.198523257423012
44.1639728,-81.6395659,20.55,18.745069877113778,19.719770179762907,20.187855894353124
29.315216,-100.4144083,21.7,18.737708095444713,20.240453341281924,20.117579630685505
27.702131,85.3412825,18.45,18.547359684395087,18.51395598571412,18.721202407612434
36.09698101276938,-80.07523422275501,18.7,18.57893771592816,18.389453799936756,18.49823256208766
37.7424572,-78.4014935,20.2,21.27809174729779,21.237650414496137,21.216628675362937
39.979931,-74.2660841,19.04,18.54289096581302,19.149305607797178,18.72097922739008
0.2432120305509433,32.55656862229923,17.62,18.75914496301916,18.966592393267998,18.979558807369404
40.188062,-92.58584,18.93,18.589783524463073,18.14182722643676,18.4660717392861
40.1911707,-92.5807394,18.6365,18.528191366990058,17.482692593119577,18.27144814819811
40.1911707,-92.5807394,18.87,18.528191366990058,17.482692593119577,18.254996480211275
40.1911615,-92.5883319,19.182,18.66975720431292,18.659188574635436,18.858897306453063
40.1911615,-92.5883319,19.05,18.66975720431292,18.66838549694923,18.878120995979323
40.1898381,-92.5867823,18.95,18.637524004360596,18.117467676092428,18.46791984720262
40.1851256,-92.5858719,19.135,18.627540286683956,18.14390218733702,18.467351259979434
40.188062,-92.58584,18.65,18.589783524463073,18.209846619969078,18.26424844962107
0.2432120305509433,32.55656862229923,17.86,18.75914496301916,18.897521702442546,18.917273982947197
32.05667243885824,-110.68549989492011,20.65,19.446078520989502,20.088227138471872,20.193533638827084
32.05668153179874,-110.68552494038158,20.7,19.398089708438025,20.078682269767633,20.187642592272248
30.2390711,-97.8825985,18.82,18.598914898622233,18.762937691107016,18.53760178297452
37.7424661,-78.4014787,21.06,21.27809174729779,21.218817746793867,21.162608729934878
32.610259493205355,-110.79728409328747,20.83,19.52539402508491,20.282952843078498,20.116706955274715
0.2432120305509433,32.55656862229923,16.32,18.75914496301916,17.699190408611006,19.07696014534291
0.2432120305509433,32.55656862229923,16.9,18.75914496301916,17.67029279747214,18.615455691789748
27.03254417439653,-112.08794406513424,21.21,19.902401807906834,21.244896456595885,21.349919004379895
27.039295686301475,-112.05947272283996,21.26,20.43499102174155,21.308520641082115,21.397052501626842
27.04785516349325,-112.03577466260622,21.29,20.431092649780712,21.335508750686117,21.380723072603725
27.04457986720532,-112.01128651471154,21.266,20.385036803280848,21.296138512277658,21.352113046414733
27.067914079930183,-111.98751420638224,21.264,20.497635427766873,21.29537218904722,21.18264605281568
0.2432120305509433,32.55656862229923,17.96,18.75914496301916,19.582442757877033,19.42361258461326
41.77668872283115,2.5966475676936485,20.51,20.815906599829546,20.12158518551105,19.844264573848527
41.77666572860917,2.596750667733594,20.46,20.815906599829546,20.131964356340223,19.868339049732416
41.77661331750759,2.596864643559371,20.32,20.815906599829546,19.916005784685357,19.625431336400887
33.65523620537483,-112.01374,20.65,18.384860731929404,17.945626297977295,18.13071866166903
27.7021651,85.3411317,17.41,18.547359684395087,18.26389647218907,18.19700443467977
37.7424644,-78.4014832,21.18,21.27809174729779,21.226687903792257,21.157258765317142
0.2432120305509433,32.55656862229923,16.36,18.75914496301916,17.661079318238954,18.759605376702318
0.2432120305509433,32.55656862229923,17.63,18.75914496301916,19.62482468555127,19.44566717763531
27.7021329,85.3412923,17.9,18.547359684395087,18.377391544197174,18.20513516583189
40.21077957695567,-92.63048613235377,20.55,20.461460261850085,19.79224800355745,20.07749307420443
0.2431950379633794,32.556515646396385,16.71,18.75914496301916,17.61982472949437,18.724464931754625
37.7423044,-78.4015326,22.19,21.27809174729779,21.154466072632246,21.02477462213445
27.7021318,85.3412909,18.41,18.547359684395087,18.448561490074486,18.644251251870937
0.2431948622638066,32.55658270387262,17.97,18.75914496301916,19.52959101006558,19.41418869309726
45.3050368,-93.5821312,20.67,18.945902209777426,19.359838686792486,19.523242710571957
0.2431948622638066,32.55658270387262,17.36,18.75914496301916,17.39057972054498,19.011059104903524
0.2431948622638066,32.55658270387262,17.56,18.75914496301916,18.89424002332942,19.079782025688033
0.2431948622638066,32.55658270387262,17.74,18.75914496301916,19.577153094342055,19.392426975513473
45.3083136,-93.5755776,20.66,18.672881183541307,19.313675769378747,19.100808625282312
37.2088238,-77.4354503,18.68,18.7718697511337,18.762560104701112,18.686325574998097
42.8678693,-71.49483219999999,20.53,18.884381263126183,19.235308776753904,19.18466433530517
40.21079973757888,-92.63048603218448,20.6,20.461460261850085,19.792408575346133,20.121164503298978
0.2432096773596206,32.55656987133365,17.63,18.75914496301916,19.63307190420618,19.412134093358517
0.2432096773596206,32.55656987133365,17.76,18.75914496301916,19.581641127913663,19.40633988807719
0.2431491317352339,32.55652158927861,16.86,18.75914496301916,17.347622613274794,18.729578764798884
0.2432096773596206,32.55656987133365,17.51,18.75914496301916,19.289371729735542,19.30825756440966
40.21081976135836,-92.63048533632058,20.49,20.461460261850085,19.697900331944844,20.105969436703155
0.2432401501147589,32.55654262011804,17.67,18.75914496301916,19.296128046923624,19.34681362838515
0.2432401501147589,32.55654262011804,17.61,18.75914496301916,19.52576217235527,19.40961202244039
30.2119836401209,-95.61685799357709,18.9,18.91696210560815,18.560858884928745,18.736668136026783
40.21081301224218,-92.63049518489407,20.4,20.461460261850085,19.730755602873618,20.170514056845548
0.2432401501147589,32.55654262011804,17.68,18.75914496301916,19.469761811490116,19.45466195647321
33.3105719,-111.3680308,20.593,20.035428900167105,20.614073460733067,20.718245687231537
35.73642475498646,139.9027818346855,19.2,18.600209852833792,17.934027496347667,17.3842133687808
35.763357,139.7097962,19.1,18.59887092050853,17.82898809880403,17.422964445452468
38.888715,-119.818353,21.14,20.835893786743437,21.03057465733947,21.03959396403713
53.61378378835653,-10.227783541703833,21.46,21.294773110164073,21.511387488948536,21.507661806833944
20.7110260884966,-99.8118531703949,19.7,19.50188941447422,20.157378254983872,19.891406459773027
29.87125,-98.630745,20.44,20.843617106868475,20.36614563740694,20.3994476895171
41.640181437827714,2.680363222724069,19.69,19.053502555731626,19.514577062397834,19.11489864830552
41.65128845174254,2.653234457640377,20.09,20.140696203133636,19.75095107858163,19.25287106372844
41.64319973362864,2.6297829841196974,20.04,20.246008090800164,19.617608802333407,19.03972924002008
41.66087630514558,2.6178993928744942,20.06,20.476755418451518,19.820443578500488,19.693772700515733
41.66850511337853,2.629425059935926,20.06,20.628773052799485,19.844371884717642,19.65794166249676
41.66943403543319,2.637465554306595,19.19,20.525350519890985,20.07925170144145,19.771869069503992
41.666987966413295,2.648631579320204,20.08,20.35515028200989,20.085369365355486,19.579143245296493
41.66071425561312,2.660099048312232,20.1,20.143140357793577,19.934095745612204,19.437644323441557
37.914136840897775,-122.5228687646452,19.04,18.999418228144005,19.469507306884935,19.161702655950627
38.01695731761526,-122.67212164419688,20.3,21.133617360202443,20.441480171382253,20.650281948431854
47.61001669500543,20.72798730326572,20.68,19.96804126814868,20.566743783608025,20.89601277777046
47.61065024267677,20.728690921750434,20.63,19.869038680784165,20.39888175405613,20.835946618385144
47.6105100883239,20.728774906166176,20.75,19.869038680784165,20.30095015722985,20.680720446797785
27.32462777628876,-112.2459030248228,20.5,19.21078868818951,19.940925902279933,20.10473716029779
27.264579798344183,-112.268999939055,21.17,20.38553993251305,20.48459138233813,21.128160589802953
27.19554116999799,-112.21215935412047,21.26,20.568720823601765,21.306336638221325,21.374265333638817
30.056501,-96.693312,20.51,20.311022947224437,20.78942164119514,20.83948615686859
30.33630509999999,-97.891369,19.26,19.297348942579507,19.475099668561924,18.944692346406445
29.58272906736461,-98.61769303178532,17.74,18.60064107405715,17.87444805576535,17.943351034459607
40.31049296758598,-79.67365099104366,18.96,18.6532729326287,17.992096790994964,17.974977258710403
39.125551,-77.565417,18.8,18.71833179502717,19.116212088179974,18.768608220113176
39.123557,-77.56778899999999,18.32,18.65146445393141,18.99728598357956,18.74545788581157
-32.04293629000667,152.540040032524,18.82,21.324948040404767,21.012126391669536,21.131592506577206
37.16957792412023,-3.604245940751633,18.05,18.607636606150585,18.291476051475332,17.98587857552077
37.16954183078281,-3.604192523684554,18.05,18.607636606150585,18.305451051475334,17.98587857552077
36.19712868620542,140.3855556911114,20.5,20.162083785777558,20.02605995174844,20.267234101870127
35.7227395,139.7502677,20.2,18.59887092050853,17.77825137677311,17.454179174167532
38.28777004823695,-85.93237840096324,19.38,19.173972948144687,19.329762452836622,19.566788449717347
38.0638121,-122.8227696,20.38,21.19549979994286,20.66139119405294,20.60724867638624
57.47942069999999,-4.2264192,18.11,18.47646694181731,18.656483685137665,19.095725241174126
38.09850512512948,-122.85588026046752,21.56,20.238510136846873,20.722466708697134,20.453213927068923
38.109607,-122.865247,21.56,21.393700054121403,20.70493838832598,20.63443674245339
38.110617,-122.8879947,21.28,21.43878828088368,20.916655287585094,20.785577239523583
38.0620147371541,-122.82447486317255,20.77,21.22168431061806,20.851282270227074,20.77612625617925
38.0867416,-122.7336656,20.56,21.186704140943704,20.747420113003272,20.720667440744297
37.997167,-122.7580665,20.52,21.237165493539216,20.692363108104292,20.499831326967723
37.90169474161255,-122.64585256576538,20.26,21.527026725656476,20.465392404226773,20.488945289071815
33.336878446448274,-111.42554978909328,20.17,19.67702049627114,19.98233847365158,20.092644207805172
51.458835313461634,7.243379776816963,19.11,18.698858775969136,19.004889644173335,18.896506982837842
38.041985972940594,-122.78911326822622,21.29,20.914608357292213,20.717026964439132,20.68112122861082
38.01477371919124,-122.69095487793533,20.44,21.344590638768768,20.49577493734545,20.466978206808214
38.0132562,-122.6638731,20.18,21.203068948069195,20.4593753121953,20.369722562157847
38.0127006,-122.645261,20.83,20.978443296798822,20.06156302554929,19.937936633852907
34.26920456432056,-119.16187763214111,18.83,18.757689910960437,18.940686050827107,18.647252435845914
34.3816165,-119.3395538,20.51,21.338593735827367,20.500657670795217,20.502937283906412
23.812848129686007,54.94761320150087,20.68,20.312948426542906,20.63674469965089,20.57564664159406
40.50998035692386,-104.6834068437526,19.1,20.331320305208262,20.08855322308111,19.734500555461793
38.15176990774368,-122.88808822631836,18.53,21.38320640004573,21.013878688445846,20.97806052670078
38.24640431553514,-122.9052184894681,19.76,20.891762558116284,20.842537701342067,20.947291494756023
38.25112269630296,-122.9514453560114,20.92,20.939542681333602,21.001662308191307,20.98874660925553
38.25350945429389,-122.96614875446288,21.14,21.32629897100707,20.756040669082083,20.877200002891847
38.24994727700149,-122.96445319691937,18.2,21.130486056188865,20.93507311236205,20.87342664715515
37.7424352,-78.4015093,21.11,21.27809174729779,21.17082777068029,21.090185201794036
47.61010385590468,20.727752458761035,20.96,19.96804126814868,20.3107538900288,20.658031207626316
37.7423441,-78.4015429,20.69,21.27809174729779,21.04634672230047,20.62439305087015
40.21079575376897,-92.63047434493994,20.56,20.461460261850085,19.778414043628317,20.169000446777368
33.3105591,-111.3680308,18.463,20.035428900167105,20.57583960843734,20.616927274134753
24.0983485,-110.3899012,19.4,18.85839559728022,19.202138139934817,19.301382588514876
40.210785176715376,-92.63049344113804,20.54,20.461460261850085,19.76882406327333,20.06101927496673
40.21078246466264,-92.63052449085122,20.65,20.49834857394991,19.738452880769334,20.15402089898393
34.9592083,-116.419389,19.93,20.504841408634498,21.1576778899391,21.144368671095357
34.7851899,-114.906398,18.93,20.412884175628868,21.03427901425579,21.03781170204733
34.5565192,-114.6429652,20.97,20.407994982811427,20.947218050865207,20.999288053153727
34.103405,-115.1625419,21.1,20.273334223931624,20.923077644058957,21.042165731295025
0.0,0.0,21.27,22.00064371900251,21.021811224015686,21.28052029878103
40.09176246767578,-93.66368098931076,21.64,20.804595674540806,20.415828155504652,20.66473667938892
40.08944332507354,-93.66746242286304,21.64,20.78439133362334,20.529546899525,20.88192103133373
40.08958047847526,-93.66732359904206,21.33,20.78439133362334,20.529546899525,20.88192103133373
40.09871185922827,-93.66510459598608,21.68,20.841088711105368,20.442699421526832,20.646596500143293
40.09557153484861,-93.65890564671912,21.36,20.76987826924224,20.48581086137909,20.808752844971096
40.091835045624,-93.66419984345008,20.98,20.804595674540806,20.410194789414735,20.595567885382206
40.08952222049767,-93.66751534856672,20.14,20.78439133362334,20.543312487087483,20.76937016049258
0.0,0.0,20.37,22.00064371900251,20.848023866802677,21.218523047464295
40.09198033835506,-93.66377836558968,20.54,20.804595674540806,20.485715179433445,20.60764075970504
40.08944765769586,-93.66747980795724,20.16,20.78439133362334,20.672381723471222,20.784668760147948
0.0,0.0,20.1,22.00064371900251,20.91950648720915,21.348368936439144
0.0,0.0,21.3,22.00064371900251,21.021068069756957,21.316334875378722
46.19884722093886,7.442032121167839,21.3,20.077836362629903,20.455661064783197,20.78795896687978
46.19883368484644,7.442057889097509,21.05,20.077836362629903,20.428752790219633,20.738714434419723
37.09453256455979,-80.11183651627613,20.81,21.247096521899678,20.874061904032725,20.868938224237453
-42.88270869999999,147.1511206,21.33,21.65066657634009,21.15242912686442,21.428359623161914
39.72554585527003,-91.37225408449012,19.38,19.353967431912842,19.795128238713342,19.535665912787955
39.70549528290718,-91.44746732830754,19.33,19.151393996815052,19.811587599377656,20.0231511277076
39.72754310936419,-91.44543842478797,19.59,20.173472153523797,20.21946920572391,20.202128154368005
39.73055493444717,-91.39051212701446,19.35,18.796847333536505,19.463597504453887,19.633337976753637
39.72409642697378,-91.3668229935876,19.49,19.2314965086644,19.731238006990893,19.534985067380262
39.73816206004524,-91.38155858963728,19.71,19.62858332722704,19.980000678736808,20.01277186778185
39.73960036594693,-91.38856887817384,19.89,19.45829405460968,19.986664746905902,19.80243548819667
39.73808234498568,-91.4102840423584,19.36,19.583218956428894,20.221468281752937,20.042899785017504
61.25398530717296,-149.3451135806098,20.13,21.26589566444017,20.640418833841114,20.860801674682058
37.56952437359168,-90.72441243924654,21.12875,21.200469765043824,21.123359388504955,20.96648041067415
37.59429627939552,-90.77952785969126,21.14875,21.178851733923963,20.928167795248527,20.975978376765035
37.5418040993252,-90.8436565367138,21.2025,21.176979972496746,20.8357593127232,20.80620417037914
37.54188038958279,-90.8437177310044,21.28,21.176979972496746,20.871279930936385,20.856503728954152
20.808444493071644,-100.52567387848374,19.68,20.42984963724007,19.888189601557727,20.134792605819186
44.27614349232654,-72.41438129789546,21.02,21.17295028336684,21.136184644475996,21.265785359522923
27.429968134899383,-112.52703285968,21.546,20.567358464793585,21.327349555771594,21.214925056907568
36.81195031906404,-92.41830032192654,20.97,21.367829967201637,21.272878638512765,21.212827756289
36.817652410018255,-92.42273028112824,21.05,21.458955658606207,21.27271255427014,21.31006534270833
36.82145386819099,-92.43270859089534,21.02,21.51188075440437,21.252996965167913,21.220374291909213
36.83029342209773,-92.42746668275156,20.92,21.445530822776735,21.28174692656073,21.238065968367668
38.88774616347763,-119.81833161629748,21.06,20.830741122209748,20.72112066249138,20.849968025430734
30.6761971,-97.9374948,18.26,18.998937694150673,19.5969703555244,19.76247628123774
45.801678,-93.0846875,16.485,21.025709577221377,19.214665807063625,18.69775135878454
45.16471002338072,-87.77623289756887,19.41,21.131605556531657,19.54055268132851,19.617154428910442
38.88769776792078,-119.81835370602155,20.96,20.830741122209748,20.909936796009116,20.925530872657767
52.73361902697505,-1.39420506145859,20.15,19.095966835083363,19.52666929746635,19.58382460951817
42.9732995,-71.4408286,17.9575,18.65453457966128,18.593348983849268,18.5633922291932
42.252622454666806,1.78680783166683,21.3,21.218162434082352,21.256636690419217,21.088106396132396
42.252607999743546,1.786763963708644,21.35,21.218162434082352,20.99958624729011,20.791429997108217
38.67368716513474,-90.488682331978,17.94,18.633761406383883,18.088801876928198,18.103517406647974
57.69645104364236,11.968965949090382,17.71,18.38410780654917,18.22141083312473,18.088795144407616
40.21081108171638,-92.63048371422649,20.43,20.461460261850085,19.74386273952639,20.21250221606317
40.21105746976271,-92.63011886588735,20.43,20.461460261850085,19.699168273970017,20.21519283035341
40.18448592788906,-92.6432636617288,19.85,20.367686121287765,20.07420335401214,20.218176283111866
40.18457017826358,-92.64351409686113,19.96,20.367686121287765,20.07420335401214,20.218176283111866
40.18451157979621,-92.64334822608602,20.33,20.367686121287765,20.07420335401214,20.218176283111866
40.18447153913192,-92.6435678951521,20.27,20.367686121287765,20.075070569921238,20.218176283111866
40.18465599428893,-92.64381114170727,19.55,20.367686121287765,20.07420335401214,20.218176283111866
40.1790978827848,-92.64639510842233,19.21,20.234374408858674,20.464421567844113,20.92508302421293
40.179365407045154,-92.64645938339596,18.93,20.234374408858674,20.464421567844113,20.92508302421293
40.17927825421529,-92.64644094898205,18.78,20.234374408858674,20.464421567844113,20.92508302421293
40.1790287427878,-92.64642497300972,18.98,20.234374408858674,20.464421567844113,20.92508302421293
40.17894402643577,-92.6463480288667,19.14,20.234374408858674,20.464421567844113,20.92508302421293
40.18842775685989,-92.64162509800045,20.45,20.489237309427807,20.007164175400856,20.224255466343962
40.18838660425195,-92.64155020887148,20.57,20.489237309427807,20.007164175400856,20.224255466343962
40.18843721327247,-92.64147342790336,20.61,20.365314512629393,20.534141875570143,20.21646174832602
40.188440781608826,-92.64152183380531,20.61,20.489237309427807,20.007164175400856,20.224255466343962
40.18850913495885,-92.64134558906154,20.49,20.365314512629393,20.541368508361266,20.209950566136996
40.19039238793759,-92.64861666767776,18.99,20.52658632323147,20.055675836287705,20.279045992242374
40.19055148998573,-92.64887281457446,19.1,20.52658632323147,20.076999517606385,20.279045992242374
40.19033955163098,-92.64856991608814,18.9,20.52658632323147,20.055675836287705,20.279045992242374
40.19040511690067,-92.64859365862362,19.03,20.52658632323147,20.055675836287705,20.279045992242374
40.1904596831718,-92.64847770853385,19.11,20.327964138475437,20.041522564457477,20.232838749485715
40.18413192858321,-92.6238395756307,20.32,20.364743478676886,19.60874436753297,20.18664036600559
40.18423418899288,-92.62377047457925,19.31,20.364743478676886,19.60874436753297,20.18664036600559
40.18409289897647,-92.62364084863468,19.19,20.364743478676886,19.60874436753297,20.18664036600559
40.18391969075973,-92.62373276059954,19.38,20.364743478676886,19.60874436753297,20.18664036600559
40.16980680531883,-92.61836944589491,19.73,20.27455228388946,19.860873072434693,20.225462634275473
20.6205266,-100.1751483,19.8,18.686229857730126,18.57284572614233,18.97697149495119
17.6437726,-101.4112049,20.7,20.754731269262294,20.53012150013863,20.58226341622928
59.48251782267631,13.128957500314748,20.79,21.47783088030544,20.891106386283568,20.884089051967884
41.49260972353049,-81.55038027334565,18.07,18.59887092050853,18.124227748066755,17.56750823837642
41.50826862283755,-81.59996608381019,17.53,18.47066306899538,18.070011023586595,18.26809330874742
41.51081604203236,-81.61149723047768,17.43,18.47066306899538,18.169749615723486,18.020478209661835
41.50215450750643,-81.48889112402279,18.08,18.416200131651056,18.19040933657263,18.24911992705222
41.38987161244053,-81.47718575429556,18.16,18.703592824220095,18.28643920015738,18.335050795363273
35.2829844,-106.7189285,19.59,18.768509459233684,19.24649899143058,19.3309623923195
40.19518777547289,-92.64782541864533,20.51,20.70307250249765,20.01167355917732,20.274953084569013
40.18415728915799,-92.64157745663104,20.52,20.297569899333837,20.180498842516343,20.229033597402676
40.18435318642315,-92.64387506318064,20.55,20.367686121287765,20.0408120220516,20.213671662488018
40.17984499744031,-92.64670964344889,20.62,20.23431472627843,20.460712877367925,20.8976256551411
40.17836334870631,-92.65178908473553,20.6,20.987643680445313,20.472009220280967,20.942473662417626
40.19013056426974,-92.64873823284812,20.53,20.52658632323147,20.041616132653456,20.274070380804012
40.210812803741405,-92.63048746134564,20.38,20.461460261850085,19.759610205545084,20.232729405580024
44.4253495,11.376121,19.58,19.62526181529119,19.768369984565073,20.063380061219284
39.6501135,-76.9926861,19.84,20.677151142226577,19.832168946262456,20.032189261269433
18.0251582,-66.0106684,19.95,19.885867225315636,19.774867765753783,19.82017610046509
52.73366117239532,-1.3942292326702237,20.02,19.095966835083363,19.683937099485977,19.861245937428368
37.527056339583005,-94.57091729583966,20.3,21.13469104710216,20.62788433478741,20.61839247077437
47.6101671082619,20.728072387740223,19.89,19.96804126814868,19.779953531333067,19.887311282712645
18.0251582,-66.0106684,20.15,19.885867225315636,20.10482331850646,20.218397693882746
42.3348476,-74.8094526,20.79,20.775475857576087,21.264022329831135,21.28194670408052
40.2257178,-76.9297354,17.5,18.60976981373882,17.761814998604045,17.112602769062114
32.61073147105754,-110.79714611955252,20.9,19.52539402508491,20.329618426627597,20.143521453204855
18.006365961807322,-66.01989269256592,19.75,18.81061845272435,18.933601885429162,19.08457167537447
-43.1261595,146.3800855,21.5,21.533145277888057,21.250139733618738,21.472616016156255
-43.1652218,146.3113254,21.54,21.53098290915694,21.170047512856318,21.412939445923218
-43.60139853600784,146.78583744167122,21.25,21.5341373001755,21.212518027171836,21.089330783150654
-43.5631361,146.6222455,20.71,21.53373902119481,20.520444066969034,21.03611214804138
-42.94723889999999,146.7995147,18.76,21.566919203628117,21.494131493889164,21.51541757912185
-41.5999539,146.4069499,20.96,21.0394729193762,20.830300631852502,21.22212696962817
-41.2097467,148.2792859,21.21,21.546745493927265,21.107300252018586,21.30942786125236
-42.13031207317187,148.31199645996094,20.6,21.574900870000707,21.322258539366704,21.383525145998068
-43.2764465,146.4662995,21.68,21.461809437367787,21.315323661078168,21.406940597780522
-43.1454916,146.37318,21.9,21.359805741514144,21.198393523311697,21.271373189469855
61.1418112,-149.7300992,20.13,19.59390573377341,19.864244636279064,19.82687069440122
32.6287748,-96.9215168,17.47,18.66213104035647,17.96716754142884,17.810281657395453
38.86442146583975,-77.29555654977005,17.7,18.391943762363827,18.170929796959268,17.65061893730097
38.53713814308125,-90.53784044945652,18.9,19.444824994016127,19.716236712135256,19.200567156772316
39.64928,-91.7438464,20.66,19.103984591074482,20.073332854620215,20.025595367469702
18.0251582,-66.0106684,19.7,19.885867225315636,19.763867509980184,19.70878139003129
40.187933374695305,-92.5854648837998,18.9075,18.589783524463073,18.10028452729742,18.298462580108016
40.18516152871833,-92.58519517904917,19.17625,18.627540286683956,18.104500916869316,18.30618254667008
40.18373696397723,-92.58015375121369,19.065,18.570985466086565,17.883731816083856,18.16348414449184
40.17996127925722,-92.57765437816668,19.18875,18.604096239376144,17.90818160016745,18.22956866417747
27.7699884,85.3820669,20.4,19.907074085202716,19.934364906546598,20.149603757002946
27.7751595,85.39369579999999,20.21,20.16422674718475,20.012090779831865,20.57556737260484
18.02349900044106,-66.01535900053267,19.65,19.550762364756174,19.695665291801014,19.71804309822314
38.88743025547445,-119.81822229143012,21.03,20.830741122209748,21.0232125826484,20.962284394853633
39.6722176,-104.7855104,18.44,18.42707937332895,18.30636298132456,18.40156301244503
36.64665222810099,-93.2318024819814,18.44,18.57947594863982,18.211025651135312,18.207712333337177
32.2532572,-97.8097244,20.34,20.861692673734694,20.584148401275073,20.570129690820707
47.61028193999402,20.728228602118858,20.68,19.96804126814868,20.068577293998196,20.50913210560767
47.61028800543814,20.728229692798443,20.68,19.96804126814868,20.068577293998196,20.50913210560767
47.6101620259459,20.727895276981364,20.78,19.96804126814868,20.333916343089427,20.59889917342266
47.61034367361199,20.72833005929676,20.86,19.96804126814868,20.08185772374206,20.53775688607658
47.61017618604217,20.728024736304143,20.86,19.96804126814868,20.061415034375877,20.601060590724174
47.61022160748399,20.728011108042946,20.86,19.96804126814868,20.470133184294586,20.661443300081068
47.61017759953627,20.728000164237805,21.02,19.96804126814868,20.604996422579937,20.98343852903828
47.61033538310869,20.728270216781773,20.47,19.96804126814868,20.612889721301897,20.84130578649257
47.61032373614472,20.72825837704446,20.64,19.96804126814868,20.647861183905626,20.84733043291043
47.61034786786772,20.72834465334928,20.21,19.96804126814868,20.52584475700527,20.688388712399032
47.61026171027756,20.72801216744104,20.84,19.96804126814868,20.537680846629346,20.807217479810973
47.610178103555945,20.728060956042395,21.09,19.96804126814868,20.614816696086315,20.942836973704807
47.61012689131933,20.72816623004895,20.44,19.96804126814868,20.436968620421602,20.5630366475715
47.60776739012047,20.729142019404904,20.9,19.854003951051613,20.35390811651645,20.610189489522156
47.61316779659826,20.73037914306374,20.81,19.841730800045404,20.30297879270929,20.538865574812895
38.887411185183744,-119.81822667759047,21.06,20.830741122209748,21.002310744906495,20.99588110561846
30.3955903,-97.9082229,18.96,18.8493529713928,18.87351060001966,18.773587721122873
0.0,0.0,19.62,22.00064371900251,20.866035087038266,21.149749332060882
30.3843288,-97.8784527,18.97,18.797767568529853,18.723278761904,18.650581592991266
32.42319053507636,-110.91933365921577,19.76,19.63884151430529,19.76120648977169,19.68371374284504
30.39716868562549,-97.9082399852886,18.8,18.952500030803538,18.96752617532232,19.048685902054483
32.42501074916916,-110.90918904180722,20.07,19.932420384214453,19.942305063940797,19.84558323514112
17.9786804,-66.0743787,19.65,18.975190307420615,19.627740967804517,19.23301643137987
51.841267532374886,4.144773229070062,18.95,18.55364558719411,19.177906128811568,19.12419616797782
27.7173579,85.50457109999999,20.6,20.630469235602312,20.79552272484292,21.167435048836175
18.0021402,-66.6190555,18.3,18.519339556390555,18.037642779430023,18.03211725857983
18.0000243,-66.6195307,18.3,18.519339556390555,18.051871367199148,18.013229137498687
17.9975903,-66.618501,17.75,18.472461156032022,18.40257140507889,18.386783389246734
18.0003764,-66.6183992,18.29,18.519339556390555,18.068793041934736,18.082603171922507
17.9995771,-66.616398,18.1,18.47066306899538,18.137867650557133,18.274809835738377
18.0024466,-66.616763,17.66,18.519339556390555,18.051528404423557,18.080637694752415
52.73365041752923,-1.3942746691333792,20.22,19.095966835083363,19.51787620470841,19.599355550774987
18.0057993,-66.0193196,19.8,18.81061845272435,18.98691287985507,18.979124174128266
39.78023640910003,-94.87443855980888,18.6,18.812085848989238,19.296199462022308,19.04496140250641
38.5832156,-121.5038993,17.69,18.47066306899538,18.362692954417668,18.13315590236386
39.78573410707329,-94.8292809600812,18.48,18.586744487482978,18.782890509149514,18.635805206223992
39.791092821857205,-94.82091246795471,18.29,18.562276926403708,18.800389405984486,18.59751178174656
39.7804502932265,-94.873162811758,18.86,18.812085848989238,19.299464325302377,19.04601639740322
37.1708,-113.3323,19.77,18.98269434835193,19.579545318903897,19.739298924285666
38.88734310306624,-119.81826054907388,21.06,20.830741122209748,20.63209951951709,20.74477632026379
32.610388500447456,-110.7971567365468,20.77,19.52539402508491,20.26870290948139,20.168971149402033
18.006365961807322,-66.01989269256592,20.5,18.81061845272435,18.958596651913002,19.085558847984984
18.006898357227406,-66.01240351928854,19.85,18.82739535206813,19.407022762586635,19.216014896982596
36.20824219464159,6.800763549865119,19.12,19.22227775545504,20.06011843432217,20.34713007320085
37.4538237,-91.6715192,21.02875,21.45313843975094,21.17371189534232,21.1392476065637
18.004183267788736,-66.01628116524891,19.85,18.77512745589158,19.218225802270084,19.159692256761463
38.886827,-119.818367,21.17,20.830741122209748,20.91393330638083,20.87135303898362
29.87232,-98.631131,20.56,20.843617106868475,20.21350300112942,20.441227308443548
49.29028528168078,-122.75260048457218,18.36,18.63826555836963,17.676874192603922,17.154995011771366
49.29028108748766,-122.75261102979748,16.78,18.63826555836963,17.67684514774014,17.305866646968457
49.29029456765973,-122.7526086608588,16.53,18.63826555836963,18.109482798547987,18.28641367298018
44.8357643,9.4334716,20.16,20.900242650973738,20.57307390271982,20.67244842655122
30.44070936230105,-84.29980088505668,18.5,18.547359684395087,17.859154957925206,17.71994492448519
48.1738048,-114.9814652,21.41,20.88631019197157,21.293030537236426,21.220949431962246
37.73322018706283,-92.8611505460726,20.83,21.15587124984363,21.03429439367337,20.97281349397194
37.72560479071466,-92.8643300293174,20.74,21.195415601384507,21.086008160697023,20.975430822568235
37.727932281481365,-92.85746237987588,20.8,21.16677157655555,21.056614974454956,20.96969302827346
37.71551931482488,-92.8541689229164,20.81,21.283390549566132,21.083623409535583,21.04790056377732
37.72212172482341,-92.85500890276153,20.79,21.270746747699725,21.07581767205305,21.044121583196755
37.72866878769171,-92.86404547505975,20.72,21.15074653367437,21.059229105080846,21.236305345044734
37.71551409961219,-92.85415190392231,20.7,21.283390549566132,21.043759361496946,21.273029335150838
37.73324479817546,-92.86118675379214,20.72,21.15587124984363,20.998029455759742,21.27588283140296
0.0,0.0,20.82,22.00064371900251,21.070811238424316,21.43868944056492
37.727977660661416,-92.85750001759985,20.88,21.16677157655555,20.651888373688184,21.02039718610419
37.72213109934262,-92.8550341293567,20.07,21.270746747699725,20.66851927029831,21.01715222549808
37.71551235371535,-92.85418557710123,20.79,21.283390549566132,20.7975300135701,21.159775787124005
37.733295582499785,-92.86123208451224,20.94,21.15587124984363,20.722357590405068,21.079596789630642
37.7256004655744,-92.86432387008168,20.94,21.195415601384507,20.76939858873685,21.016809663813206
37.71552915321849,-92.85416879102702,21.16,21.283390549566132,21.13368795484848,21.38822755708225
37.72881510854823,-92.86371143921768,21.09,21.15074653367437,21.12266634318345,21.410186147120474
37.726553516837846,-92.8671453828076,21.2,21.189561978546468,21.13953957531518,21.403986290978466
37.72196742666364,-92.86808527109768,22.17,21.270065218731286,20.915607457215266,21.399665010400028
37.72782104893426,-92.85746005062964,20.7,21.16677157655555,20.79244156397846,21.372797405894048
37.72210541551046,-92.85503641135026,18.81,21.270746747699725,20.79957730466255,21.29623006522376
52.09782485634835,-3.040318087709964,21.6,21.17020738679325,21.208005658262355,21.325388010598218
52.7336611128206,-1.3942406185583311,20.23,19.095966835083363,19.71441917284353,19.81652134815668
37.161041,-113.458786,19.75,19.224046574593945,19.565087014045222,19.658299564054733
35.8594765,-86.5231382,20.1,18.982039642255945,18.20051738651551,18.24855477929584
38.88694307465626,-119.81837437735224,21.17,20.830741122209748,20.988581127004846,20.91337053341867
35.8594765,-86.5231382,19.2,18.982039642255945,18.99308939545936,18.84743638978431
38.88742528759,-119.81826234182162,21.06,20.830741122209748,20.89234166565309,20.997321150100298
35.8594765,-86.5231382,18.7,18.982039642255945,18.632891605432892,18.76261746833035
0.0,0.0,18.38,22.00064371900251,21.06445836567512,21.35547301632355
38.887511,-119.818421,21.14,20.830741122209748,20.882365304518835,20.951690557577805
39.6471031,-76.9874394,19.92,20.651907105662428,19.714693474720953,20.038053373714316
52.5947708,13.3833795,21.45,18.693815522634054,18.578767871439887,18.85496761740349
35.8594765,-86.5231382,20.25,18.982039642255945,19.33626931027685,18.86823402979684
38.887393,-119.818404,21.24,20.830741122209748,20.95654345617791,20.838570531824935
37.24828774323002,-80.01288662317627,19.15,18.84421724150359,18.933593065991843,18.90041808975035
37.243839232489655,-80.01953802703144,19.21,18.804226055952995,19.15374936635464,18.63654260673526
37.29555166649804,-80.05473923153629,18.51,18.621898862855623,18.456417052779237,18.437618393374027
37.29170167164074,-80.04454016791672,18.74,18.59887092050853,17.884110541702462,18.05885069670579
37.29443571054864,-80.05054139189447,18.65,18.601937178134587,17.918467134298197,18.147814163281556
37.29120823429252,-80.07077873679238,18.44,18.65138236619433,18.515491952624746,18.51151136284542
37.27609472640175,-80.1078280592647,19.2,18.850051820778564,18.911670886002494,18.854080351616663
39.6471031,-76.9874394,19.84,20.651907105662428,19.752229887073135,20.044248924477188
38.5371379809454,-90.53778640665396,19.04,19.444824994016127,19.730881142411775,19.29163711803293
38.54351520597023,-90.53353848960968,18.94,19.215229301945243,19.142951087636966,18.92590642324423
38.54661020220626,-90.53803862995753,18.97,19.216643457742556,19.1439814277071,18.965447709625245
38.5501857483916,-90.53918690510588,18.92,19.190457314310244,18.881822291756926,18.918820437840978
38.55317530135059,-90.5452030726542,18.99,19.087429930873284,18.75161241519982,18.917197115064376
-32.007007702811904,115.86364464828912,18.72,18.50944955441467,19.206520363808224,17.909030220148008
52.25146603268893,8.780313232563092,20.4,20.760934683152385,20.82089917177975,20.753981106127
42.14434303998282,-121.82447207265568,20.59,20.675371092396638,20.82345694334523,21.11817937640969
38.5043782,-90.6204165,19.185,18.704033469236382,19.017599233471415,18.939848559012603
38.887465,-119.818419,21.14,20.830741122209748,20.968151822970572,20.967633135872866
37.088918536456326,-91.22733200138842,21.2,21.11478673841176,21.166576317467175,21.209835884946816
28.89603071119499,-82.43327214010046,19.66,18.897276547769888,18.76987562203095,19.206426428454055
44.27614180398059,-72.41438005836432,20.89,21.17295028336684,21.178366801150656,21.274544995811752
43.26849682199897,-72.59959081669648,21.06,20.30270597729178,20.85874492044871,20.902985361130824
37.2088238,-77.4354503,16.58,18.7718697511337,18.670934413913713,18.572341338339744
34.06430539999999,-84.5129084,17.87,18.53249251415321,17.69157871607032,17.6188958725997
34.0871273,-84.5325755,17.36,18.470719210724766,17.90025351076342,17.53412624946833
34.06430539999999,-84.5129084,17.58,18.53249251415321,18.326371474713444,18.210105584423054
34.0485769,-84.48899759999999,19.43,18.552410892506412,18.555480103950746,18.365240968337616
52.733645088292526,-1.394173325393561,20.22,19.095966835083363,19.67966452275715,19.859915172537875
34.0485769,-84.48899759999999,17.37,18.552410892506412,18.555818258998475,18.521113363429343
-30.23423423423424,-71.07320217922157,19.91,18.88504295267239,20.361547490234294,20.246745198313082
-30.216216216216218,-71.08103279515423,20.15,19.731178201018615,20.886138956462254,21.06117756348968
-30.216216216216218,-71.08103279515423,20.04,19.731178201018615,20.88234927516654,21.013797849137347
47.903486850211095,106.8878825929451,18.5,18.472833347439142,18.503578256801788,18.572245682991497
37.4476485,-91.6772403,21.1125,21.509022551066355,21.218186138566804,21.321770404211346
18.00207301991752,-66.61881770803699,18.8,18.519339556390555,18.105985401138167,17.943812781700533
18.000124689798476,-66.61870157935611,17.68,18.519339556390555,18.02893950857666,17.98241120686707
17.997673279209533,-66.61866280412879,17.76,18.472461156032022,18.474370463913008,18.185706474294207
17.999101291258075,-66.61824022787069,18.08,18.47066306899538,18.211695320316625,18.113376376113422
18.002321144036088,-66.61747350889507,18.12,18.519339556390555,18.016797623830456,18.014522316998345
50.7117568,-2.6017792,20.75,20.866503342595898,20.68058658035963,20.988263621171235
51.84162921050703,4.145914915948858,18.98,18.565909445495528,19.230961863765895,19.08021872894232
38.94245592134744,-92.32348459221754,17.16,18.55105472412215,17.873913467014685,18.05072584884656
38.94198853212924,-92.32574820975503,17.2,18.54956187446353,17.868335886196036,18.001769314164036
37.4538237,-91.6715192,21.18,21.45313843975094,21.203581798200307,21.254824349301707
38.88701,-119.81849,21.05,20.830741122209748,20.968691136649905,20.829542438987495
40.18776377743693,-92.5855131276747,18.98,18.589783524463073,18.16517688567708,18.612457395830667
40.18788072461929,-92.56309588996923,19.39,18.691490017841428,18.74746474786221,18.877003862070953
40.19702842642549,-92.5922531317226,19.39,18.68117516173398,18.755150172088097,18.896145535591785
40.17702866922626,-92.60107107011127,20.01,19.362015693425093,19.501493424741106,19.652061412017026
59.77320895962844,18.43001549020196,20.6,21.20561393362266,21.2450218920491,21.12320167629922
-31.96468874570786,115.83265328872425,16.7,18.730853778229598,18.49569581441601,17.686234408939864
41.50824823050228,-81.599970039548,17.6,18.47066306899538,18.321681726726826,18.258982528629016
41.50189464864015,-81.48885491684631,18.28,18.416200131651056,18.292054666991074,18.388605479778683
3.581926,98.72167,20.3,18.600667605400353,18.194405301513697,17.99896879273287
3.60448,98.680832,16.5,18.59887092050853,17.85121671808141,17.782637468429876
3.581926,98.72167,18.13,18.600667605400353,17.78935878138257,17.866546404852716
39.423711756962206,-92.4692842100551,19.85,18.910571186019656,19.32438700023404,19.636490754058052
38.29217044196241,-85.93403100332013,19.31,19.169650227553916,19.55779663489125,19.667943408408824
42.3135529,-71.2745085,18.5,18.687885561517465,18.488836080425973,18.683615433000302
18.0001904,-66.6189738,18.29,18.519339556390555,17.927698089505434,17.41920161375224
17.9973358,-66.619007,17.9,18.472461156032022,18.525820380193856,18.242341756947845
18.0001039,-66.6184594,18.19,18.519339556390555,17.91497228725536,17.453456826590532
18.0024361,-66.6168389,18.15,18.519339556390555,17.880196286577142,17.508572269095648
18.0019567,-66.6191931,18.22,18.519339556390555,18.120284919012043,18.03990326050128
39.6722812,-84.2521632,18.37,18.635785067426212,18.33791483716136,18.35757838648601
34.0485769,-84.48899759999999,18.31,18.552410892506412,18.391482367039117,18.646008590141694
0.0,0.0,18.24,22.00064371900251,21.066234383646485,21.515735696061178
30.26425324059657,-98.00675524491638,19.6,20.50705117360222,19.70978813594921,19.965174217218735
30.265674195056352,-98.0059391029695,19.6,20.491220696081562,19.725387276190034,20.050532272104597
30.26563907397632,-98.00597211041108,19.6,20.491220696081562,19.719326575779334,20.04779216091562
30.265298374517897,-98.00610146859452,19.64,20.49703785811719,19.733169540766173,20.030994179278586
30.265019662476533,-98.00621654183594,19.25,20.49703785811719,19.733169540766173,20.0413393282123
40.21081484707975,-92.63048268881349,20.36,20.461460261850085,19.767889967747575,20.248017401286234
39.0406477,-94.5745213,17.2,18.519339556390555,17.7167353497864,17.38338584742722
29.87195933333333,-98.63136733333332,20.67,20.843617106868475,20.356331278504598,20.381558238019505
30.6721085,-104.0215132,21.1,21.051262167112473,21.22973597813447,21.323999112919132
41.389947183066205,-81.47713556566856,17.94,18.703592824220095,18.299523052874132,18.25836122228253
37.5692213,-77.5062221,18.75,18.48008751890293,17.7833817899797,16.429405043238656
41.49233190153176,-81.55035465145933,18.24,18.59887092050853,18.00261203779501,17.4934705459816
40.21093022978803,-92.62998395230666,20.36,20.461460261850085,19.652626029940098,20.173775735716024
41.510870512735046,-81.61134762058545,17.54,18.47066306899538,18.38765432500822,18.16376862667982
39.6722812,-84.2521632,18.07,18.635785067426212,18.24138672614766,18.20059916660867
40.21049671118332,-92.6303114332368,20.33,20.454926911509737,19.66603371263482,20.176501806070988
40.21051078229521,-92.63033451227854,20.33,20.461460261850085,19.661697468497017,20.18769419738352
39.72554306296532,-91.3722612724078,19.36,19.353967431912842,19.796019548870714,19.514360722695958
39.72830784061623,-91.44543689965828,19.76,20.173472153523797,20.199009773336382,20.174537443702857
37.5700181,-77.5046998,19.45,18.48008751890293,18.32277975941021,17.572090658037645
29.872047,-98.6313125,20.68,20.843617106868475,20.36336158660176,20.365319317263765
29.872047,-98.6313125,20.55,20.843617106868475,20.320723437721394,20.419297700429187
29.872047,-98.6313125,20.58,20.843617106868475,20.30283539647686,20.330821074450434
29.872047,-98.6313125,20.54,20.843617106868475,20.257894387742834,20.238891056032866
39.77235563328998,-94.79821402063118,18.1,18.414598092897084,17.84413262349093,17.957034728797574
39.76769337930357,-94.84854842591614,17.6,18.390027293750133,17.933529321538977,17.946459029766864
39.787837147533,-94.82292209812992,18.79,18.561507888944966,18.7422798970674,18.719872937222405
39.79095408838604,-94.8208869726911,18.72,18.562276926403708,18.68622876481542,18.762108825981763
39.78325048177637,-94.83220743306455,18.69,18.489056594180667,18.28367605521093,18.394909038017822
39.78592694584293,-94.8295226966565,18.72,18.586744487482978,18.63534931532371,18.72657466149539
37.4494922,-91.6874522,20.805,21.46553725340113,21.182820321304398,21.227965392332678
37.4538237,-91.6715192,20.92125,21.45313843975094,21.184902607207615,21.216995585011468
-32.02075736982819,115.92043876647948,17.72,18.522152665971664,19.074537734285098,18.250865081046108
0.0,0.0,18.08,22.00064371900251,20.666348362950238,21.00941603393486
0.0,0.0,19.41,22.00064371900251,20.929390293585087,21.35822587779535
37.5700181,-77.5046998,19.47,18.48008751890293,18.308282968714753,17.58049978976568
38.53710592574753,-90.5378077616537,18.94,19.444824994016127,19.690195846434023,19.261541308855744
38.5843,-90.3513,18.79,18.544760864060276,17.99420213935695,17.90611560620248
38.546585166051926,-90.538058136689,18.77,19.216643457742556,19.14023614780978,18.933234899529904
38.55020199063571,-90.53913715812844,18.79,19.190457314310244,18.87852254021197,18.910207119628943
38.55304825368299,-90.54477462645616,18.89,19.087429930873284,18.766466457270855,18.95412501845004
59.48253735886152,13.12892706831255,20.77,21.47783088030544,20.878466279920602,20.987267935376245
37.44703661357874,-91.6792302221639,20.72375,21.513359314155565,21.187786730203435,21.22012131776372
37.45308247841528,-91.67318951140749,20.785,21.46456003403676,21.189143913114894,21.19125258066422
38.779059347107406,-90.75080812256668,18.465,18.667971367640014,18.770930485167,18.73602496998648
35.2830274,-106.7188174,19.6,18.768509459233684,19.325230374841155,19.24359515726428
38.91346249693096,-91.02246262813476,19.88,20.92693127753822,20.294695546360337,20.284008393233403
33.3112398971555,-111.74105227309938,17.31,18.519567660041695,17.619706307598328,17.54210784263452
29.872467,-98.630716,20.54,20.843617106868475,20.121125613311786,20.36120186247768
-32.00455943351868,115.87126557570107,18.15,18.527777499265245,18.450050886534715,18.29777503028802
39.73773171039058,-91.38260213658214,19.76,19.62858332722704,19.93557941808213,20.08061566704854
39.73960036594693,-91.38856887817384,19.99,19.45829405460968,19.97492078596693,20.013218057904062
39.725392361998416,-91.37213196605444,19.45,19.353967431912842,19.783167443436064,19.779030757299957
39.723296392333,-91.39095674923476,18.89,18.654881044842796,19.282658364425355,19.42075646377268
39.72040814077619,-91.39059650246054,18.71,18.67679756361648,18.97125068948693,19.281961133232763
39.71853551711667,-91.39860419531946,16.99,18.69744425047126,18.964446629992416,19.19850557937349
38.6679972,-90.58949,16.84,18.606733125734557,18.071158041323773,17.44737474706634
38.4969182,-90.7579025,18.3,19.29703571402347,19.237761700176033,18.999058698786325
47.15716325,-122.55054175,18.5,18.825393413884715,18.346036744735578,17.820198661728092
23.76217037143,90.39122730027375,16.6,18.547359684395087,17.74414941969334,16.654955610639405
40.210815932397445,-92.63048457571034,20.62,20.461460261850085,19.773170372293194,20.257538903983843
40.17778634448678,-92.60073009458812,19.96,19.362015693425093,19.5100945514355,19.722051290245567
35.9947209,-95.917054,18.13,18.676477164739122,18.285445695127425,18.422564045687352
27.29786214445912,-112.8940847447175,21.082,19.484478012805376,20.45661034943441,20.824100854991595
26.988882587017887,-113.02693730369698,21.28,20.58041192374911,21.30213573684487,21.36143590242841
26.83674376109445,-113.14417391454178,21.18,20.457047943168604,21.174394482861757,21.316757363360576
27.22657307453739,-112.20887244572135,20.882,20.404315861683177,20.80727566943988,21.157570373219404
27.226565943285795,-112.20887485380364,21.124,20.404315861683177,20.819682213380755,21.175194814152402
38.886799,-119.818367,21.14,20.830741122209748,20.989618606843113,20.910538054005215
33.3585769718094,-111.78985409723175,19.53,18.52738503120286,18.010581721063573,17.69050568265328
39.44696455993325,-106.0399697113276,21.15,21.382243738156617,21.194209912477845,21.288278912905334
38.886875,-119.81835,21.04,20.830741122209748,20.872034027575378,20.984172366808718
36.8121592998535,-92.41787194943754,21.09,21.367829967201637,21.248529433854525,21.295740275607802
36.81775844350465,-92.42284979815646,21.1,21.458955658606207,21.233355627980874,21.305441366163922
36.821322614257205,-92.43270703022188,21.1,21.51188075440437,21.210803076279998,21.305441366163922
36.83034989272789,-92.42755029661474,21.06,21.450274246947597,21.21113065138242,21.289660879556283
13.1348927,-59.6154986,19.22,18.38899069229992,18.103941605049705,18.159963072274294
47.13207028975841,-122.17000777959495,16.34,19.13984848862376,18.894916288022912,19.45620093918167
43.1134405,-90.0600271,21.22,21.157441400934033,20.83619260690861,20.91623493310425
-26.631703552494752,152.6858480515568,21.62,20.926544846026598,21.314944187247324,21.455811177659832
-26.585501262982177,152.7400344939357,21.61,20.848711256520993,21.400021811972696,21.384687961203205
-26.52478787848999,152.69987402351416,21.66,20.884761360934583,21.274914182466347,21.31253380061934
-26.599213186806384,152.7282642675533,21.23,20.777534396445215,21.298686545784232,21.41604356393514
-26.61235556552968,152.6148675889232,21.62,21.26143163145102,21.346985943788667,21.406979845818867
-26.65646889261809,152.68923312905275,21.59,20.953056749183403,21.153110445595136,21.2754686844997
-26.7301335550233,152.75769785149913,21.6,20.90229498399803,21.177331685859993,21.258339610932637
-26.68448743089076,152.75589302891785,21.5,20.890378612600937,21.200284998879592,21.181237543414554
-26.725620165049463,152.82578178529485,21.32,20.826556509980126,20.933443886812015,21.088931798717574
-26.76061389381353,152.81038288655208,21.32,20.89450143734447,20.859721552866954,20.9777092157016
-26.758111511146893,152.86374138670374,20.84,20.16815686005516,20.80628013925617,20.875893280874394
37.161024,-113.458839,19.93,19.224046574593945,19.66738685613301,19.649270555541403
13.193887,-59.543198,19.14,19.26430699463584,19.799682271477604,19.367762978860263
23.81004851033988,90.56826186917436,17.5,18.951063318626687,18.883343256215408,18.516634619187982
37.19860930600496,-93.28046703685727,17.3725,18.547359684395087,18.05870101341109,18.107266518262506
37.55830105936465,-93.3948297459185,19.8975,18.678250658607006,19.302352923962022,19.616058570671775
38.873203990651504,-92.32566334256592,19.6125,19.75554783189849,19.69224096328714,19.827410662892788
38.86576457849953,-92.32156760306,19.705,19.833767155443237,19.81845227365541,19.890727257129548
38.86516368465308,-92.30507709381118,19.7325,19.94619389300994,19.79104891001368,19.892751040579945
37.23618904940791,-91.22251909765728,21.05,21.22075472615968,21.07645396926479,21.37730849108133
37.23675368307634,-91.2143856135184,21.11,21.24870410870228,21.1056610324634,21.388992804203777
37.2559467,-91.2574878,21.08,21.28533055135708,21.16268499831217,21.433310673943566
37.19082354059875,-91.26138169959044,20.98,21.206063856137515,21.02402555153312,21.162042509865056
37.4538237,-91.6715192,21.12375,21.45313843975094,21.22013705039474,21.259096717842915
50.98958320502088,-4.427290280163967,21.5,21.19145543014383,21.12824731355396,21.23541742594096
39.013127606795926,-84.54956906268893,19.36,18.615743359133575,18.811152436410573,18.697937997995385
38.73461465633777,-93.61692644439276,20.83,20.71740378381949,20.22192762629338,20.24943256475354
38.74015850571524,-93.61381406659122,20.38,20.64115422487696,20.227156469633663,20.250623446085378
38.74343566474705,-93.6199674933844,20.39,20.4471608585447,20.18009162864712,20.245676998890765
38.7442667,-93.580192,19.97,18.958400678203837,19.396682985053065,19.55943073657538
38.749896621159074,-93.58475314042114,20.03,19.892768227095743,19.914261834038335,19.967186004639387
38.74949868223781,-93.5815308210503,19.98,19.483380461784687,19.77962873402837,19.852248605001158
38.754456,-93.5759805,19.96,19.480743182704998,19.74485705594139,19.84007258121035
38.7523160950578,-93.5790748369113,20.01,19.60877461937982,19.781660993774263,19.973575487290702
30.595113,-103.9319954,21.14,21.035353683647745,21.311398868301787,21.26646126186771
30.23825948072727,-97.88241943243877,18.24,18.599749483968722,18.833025438090313,18.50336410200004
38.618609,-90.6878107,19.39,20.094746382092556,19.688525246684787,19.61645641608257
38.5726306,-90.6469884,19.02,18.866415698195862,19.166038585454846,19.325439997249426
38.5575539,-90.6519616,19.35,19.614591968021273,19.60089499469277,19.62393680134665
38.6135041,-90.6373104,18.9,19.005069037686454,18.825741349660476,19.144809916675797
29.72551321212399,-114.707671722047,20.848,20.14480094939879,21.187737025249547,21.179346359288942
37.25179046176932,-91.29473108708729,21.19,21.212828570302367,20.954782008219954,21.2650440265343
37.30263679999999,-91.3901948,21.18,21.28896012004787,21.055792595082007,21.311404338453116
37.2531421,-91.3944877,21.21,21.347545971474837,21.119010396390475,21.349021667742896
37.3155824,-91.3306668,21.13,21.22554215522414,20.958291459106093,20.712430368960504
37.2978093,-91.252629,21.09,21.231042252196854,21.018992852360178,21.178190631763595
37.1820944,-91.3855161,21.19,21.128260525929278,20.969127011627897,21.137846745957283
37.49565690316683,-90.91630631190075,20.97,21.102430683819122,20.90039154223098,21.09394719003701
37.51666288829848,-94.39422929619056,20.86,20.99899565292064,21.184648024586178,21.063764954007798
37.54668322776755,-94.37071359851986,20.3,21.066240225702142,20.959111735492716,21.092703798222704
37.47848768851282,-94.26034410659454,20.21,19.549894994040613,20.288764197184715,20.047469370384377
39.6722812,-84.2521632,18.29,18.635785067426212,18.417796175304755,18.403350151699982
-30.239704,-71.0852502,18.08,18.616634563184235,18.27581944209425,19.225589306860304
-30.240377,-71.0835841,19.17,18.616634563184235,18.34279383235244,19.239641199941993
-30.2355238,-71.0856201,17.44,18.64822581895527,18.945738214493517,20.194327813858177
41.3217825,-79.5859411,21.01,21.436531577680874,21.101627533901915,20.913296274614677
38.30841462496276,-96.31839791571936,20.91,21.02647595790294,20.97705941348041,20.99805322582894
38.537150492853456,-90.53780916458042,19.11,19.444824994016127,19.725472745243184,19.321263790324593
38.543481231849526,-90.53353870362012,19.11,19.311344785053517,19.43611653879988,19.000684821783075
38.54660292792804,-90.53788149326029,19.1,19.216643457742556,19.131235104481714,19.012460087958637
38.55315564182299,-90.5451051206223,19.08,19.087429930873284,18.783836245659728,18.98796098211291
23.76160622988292,90.3914943249636,16.8,18.547359684395087,18.215857302012118,17.956600044140338
35.28276937692308,-106.71893113846154,19.7,18.768509459233684,19.490851862099902,19.366831478189418
36.96309862627201,-90.98108329716857,20.94,21.284025588885243,21.014973306046286,21.129855589233493
39.6501135,-76.9926861,19.93,20.677151142226577,19.752315231084697,20.082036384630648
39.6501135,-76.9926861,19.76,20.677151142226577,19.75918024618059,20.045954982754495
37.839895138652416,-78.82116388413516,20.63,21.24183401395542,21.009564977815547,21.081058836690097
37.4494922,-91.6874522,20.8875,21.46553725340113,21.195719324232723,21.24844462501096
37.4476485,-91.6772403,21.03125,21.509022551066355,21.20515128210755,21.182872727236067
41.99562724851769,-121.7118324292819,21.16,20.88577684535682,21.228481201389297,21.20311112951255
30.641022623711336,-97.8779419257902,18.81,19.002777116988497,19.363337243760714,19.540199376978375
0.0,0.0,18.5,22.00064371900251,20.90387798982773,20.901862466894045
39.69081456315225,29.14148531184229,21.09,20.671849922039353,20.417485793625854,20.579624894996346
39.60714392681005,29.1258801279444,21.21,20.8482523264743,20.829985765395982,20.86329051460139
45.71028537180836,9.68292563571008,17.2,18.552137782404785,18.03420341911718,18.420318319081805
23.76184433099217,90.3913955724348,16.5,18.547359684395087,17.97147629602153,17.614305965752244
36.95343121158741,-90.99234208868064,21.2,21.301005339926316,21.17514863483445,21.154262899931794
39.19995692523797,-95.47932618561735,20.45,21.15231359052198,20.674684392480106,20.604533805401005
37.161041,-113.458786,19.87,19.224046574593945,19.647140382250903,19.67285558632964
44.1485806,-93.9815836,19.29,18.42818815136541,18.252806089072998,18.777590148955404
39.665701,-104.7906334,18.45,18.44659929866721,18.287081888158028,18.316986190706565
59.48251908562056,13.12890366292668,21.01,21.47783088030544,21.0134987519288,20.87821963813964
39.6501135,-76.9926861,19.88,20.677151142226577,19.734201204633724,20.06361343671201
39.6501135,-76.9926861,19.75,20.677151142226577,19.73295244195878,20.039760343924968
38.5221,-92.1641,20.99,19.844053179918895,19.76664602538213,19.841165999651594
38.887498,-119.818389,21.06,20.830741122209748,20.990235845128506,20.93930990157156
37.44932,-91.670864,20.83625,21.463703552494664,21.184436052856835,21.077158092771732
37.4494922,-91.6874522,20.75,21.46553725340113,21.178941194556582,21.19008154941307
41.4930973049832,-81.55036039717584,18.44,18.59887092050853,18.13859356014008,17.706004843357107
35.282284925168035,-106.71994985690576,19.67,18.768509459233684,19.45650356223483,19.305165093060552
41.5082017082754,-81.59988606911698,17.78,18.47066306899538,17.867526958998443,17.589201119296213
41.51082687881889,-81.61156296730042,17.69,18.47066306899538,17.887464070214197,17.529107570713695
0.0,0.0,18.5,22.00064371900251,21.08835169941235,21.483812614309272
37.19974432414415,-93.27974774517072,17.12,18.547359684395087,17.902703867583444,17.891633155775374
33.6601033,-86.8127702,20.49,18.698211221776972,18.424916960307748,18.55790168997834
-30.2337699,-71.0834657,16.3,18.686515586662495,18.77318338252077,20.315802211682964
37.398780280966,-93.0416972417722,20.58,20.999445304478396,20.968101620056114,20.904232622623745
37.2047005,-93.2829522,17.05,18.547359684395087,18.0359458458354,18.07355402362679
38.59158823783833,-90.3701079333048,18.17,18.58583887578237,18.053065459714336,18.094520040578633
38.887507,-119.818405,21.06,20.830741122209748,20.964942574559394,20.905018324421
37.08912577408381,-91.2269332600119,21.11,21.11478673841176,21.160288213110416,21.219898350093228
42.2242044895434,-121.7899048552176,19.55,18.90973030619472,19.164241518126953,19.68968140830448
41.48617183719017,-81.54275156082124,18.29,18.59887092050853,17.787338086043096,17.514554670878496
37.447141955719154,-91.67895041421131,21.0325,21.513359314155565,21.203354628435637,21.160586921337696
23.76179333758002,90.39154591560629,16.7,18.547359684395087,18.682851317101637,17.91512316832163
38.73428401743735,-93.61685126219312,20.63,20.709542312469605,20.37449193406818,20.39310902146188
38.74026614177739,-93.61388937055524,20.66,20.64115422487696,20.369004795692387,20.422495878973752
38.74272719037121,-93.6192852572255,19.69,20.52696937797958,20.368597177702433,20.447501785962483
38.74370705341282,-93.58115795330524,20.93,18.958400678203837,19.434469781427875,19.64714846020572
38.749861440318725,-93.58576945152832,20.3,19.892768227095743,20.041868656668935,20.093847449616348
38.74942098885097,-93.58159525230136,20.11,19.483380461784687,19.87507525940521,19.972866169654672
38.754456,-93.5759805,20.19,19.480743182704998,19.866991455347637,19.898404737346382
38.752352426177886,-93.57900293795797,20.27,19.60877461937982,19.89286248351355,20.03460932665724
38.73421949460607,-93.61687266368898,20.59,20.709542312469605,20.346708350287983,20.336533975578696
38.74023960473498,-93.61385984015229,19.6,20.64115422487696,20.341443890605504,20.33149155920698
38.74322455068776,-93.6196523840858,19.6,20.4471608585447,20.321355800408156,20.337551056344644
38.74343271149814,-93.58110102671236,20.4,18.940146607510247,19.407940388317048,19.613933720834964
38.749853666917566,-93.58573545855288,20.38,19.892768227095743,20.035100242624807,20.068017022574352
38.74940664458722,-93.5817066565338,20.27,19.483380461784687,19.880717718568956,19.95158584005553
38.754456,-93.5759805,19.35,19.480743182704998,19.857211960497224,19.875289191447052
38.75236252348888,-93.57900298628698,20.68,19.60877461937982,19.88286445362394,19.958514664612288
38.73439393087574,-93.61708048757116,18.45,20.709542312469605,20.23140731284475,20.301175013957923
0.0,0.0,20.45,22.00064371900251,21.10270106193179,21.5474324654296
38.7457596,-93.6206623,20.49,20.527538956307115,20.27549271421843,20.307032570806747
38.75001323805463,-93.58561832766286,19.21,19.892768227095743,20.031766030766175,19.990499171261128
38.74951191293184,-93.58144987638542,20.17,19.45157360555107,19.846170496004014,19.7537181939836
38.754456,-93.5759805,20.16,19.480743182704998,19.797538277670178,19.798922130853498
38.7522814,-93.5789508,20.29,19.60877461937982,19.808833074842983,19.91983445095073
32.61008455891657,-110.79721377150372,20.64,19.52539402508491,20.311216152541284,20.15875842522223
18.0022440302875,-66.61755363655361,18.21,18.519339556390555,17.94745622761282,17.91896131704105
18.0020423,-66.6191628,18.1,18.519339556390555,17.941106665804817,17.69936697835507
17.999622073610926,-66.61832228150405,18.18,18.47066306899538,18.185085477003167,17.99351074636443
18.0000784,-66.6194205,18.16,18.519339556390555,17.980358957545835,17.86067236942116
17.997494786682434,-66.61899297866076,17.96,18.472461156032022,18.511766187284824,18.19310855130056
0.0,0.0,17.98,22.00064371900251,20.902892304856277,21.338942635776142
39.6722812,-84.2521632,17.6,18.635785067426212,18.27511249537347,18.240367764215712
18.0023357,-66.6170766,17.97,18.519339556390555,17.8258827037806,17.810748301647017
23.761740157128443,90.39150674730136,16.25,18.547359684395087,18.475918098724314,17.60972827367359
-6.976953946049754,-74.62993104133606,20.99,21.339167116006724,21.135305478837154,20.953074471525373
41.49685801782432,-81.53892905786351,18.2,18.59887092050853,17.67651174373357,17.641348356896646
41.50199848905352,-81.48874007392281,18.41,18.416200131651056,18.03526941992213,18.26195630854113
39.6722812,-84.2521632,18.5,18.635785067426212,18.278559913544193,18.19563764678495
23.7561067,90.3871961,16.7,18.547359684395087,18.20651081882015,18.479291131564185
37.08906442795933,-91.2271013205076,21.064,21.11478673841176,21.069782922858895,21.178790022035546
41.38995690201981,-81.47709471944628,18.44,18.703592824220095,18.333663421831915,18.342285468698552
36.20824636591859,6.800758715202768,18.95,19.22227775545504,19.949582930766866,20.323548779948474
41.49392934483235,-81.79573813415352,18.21,18.732786947063495,18.229623303878103,18.418052755019417
-23.3046016,-45.973504,18.3,18.4706912050122,18.158907944576637,17.468895280114292
-23.3046016,-45.973504,16.3,18.4706912050122,18.105395716777213,17.50223851814194
44.59631214788983,4.403260467330172,17.4,19.23536294325198,18.346695106820885,18.110192314572046
33.358795152411695,-111.7893309899794,18.41,18.527326499485486,17.858926222326282,16.84866525549655
40.17992147127489,-92.64680715005048,20.59,20.23431472627843,20.423062341111848,20.92826669019479
38.887461,-119.818394,21.07,20.830741122209748,20.608829617128453,20.948975109185252
44.25886884974925,11.334241395779877,20.51,19.612823011275857,20.61396169396333,20.710568101955865
33.4255104,-111.9400054,17.5,18.519339556390555,18.028996678794478,17.68300399130931
21.52857834285336,107.9573258860442,18.7,18.542094483970217,18.61258805273563,19.105111141095037
44.7024726,-76.29542719999999,21.18,21.573036983500316,21.165157964216416,21.308528113336997
42.40713685948947,9.537007134254356,20.11,19.69969777247949,20.670402327826977,20.693997247152815
29.872467,-98.630716,20.52,20.843617106868475,20.338654464032444,20.345932328291553
50.9460841,4.0502929,19.08,18.48138661189186,18.62140109535728,18.50000993301072
23.76369565118275,90.38834317214888,16.6,18.547359684395087,18.113106762711308,17.9644086873932
37.3221956,-89.5245851,18.688,18.628051204689882,18.47833000122687,18.407903331430173
37.3199941,-89.5276456,18.079,18.63459429973786,18.473433998886964,18.458076955437768
37.3199941,-89.5276456,16.375,18.63459429973786,18.47423835570676,18.460061812587185
37.3149083,-89.5278604,16.375,18.60702994339754,18.46027826916544,18.446918725501593
37.3137719,-89.5281625,18.069,18.60702994339754,18.47200639429294,18.463728893072915
37.3137719,-89.5281625,18.069,18.60702994339754,18.47040473204556,18.466562928535172
37.3134104,-89.53107609999999,18.253,18.601647558583867,18.061543827533544,18.201572434881317
37.3149265,-89.5309266,16.76,18.60711285066286,18.503567367005058,18.48505107089053
37.3221956,-89.5245851,18.311,18.628051204689882,18.232892033623514,18.28444308460403
37.3199941,-89.5276456,17.926,18.63459429973786,18.245950577821382,18.38261478686449
37.3149083,-89.5278604,16.476,18.60702994339754,18.265280697381744,18.373247429144904
37.3137719,-89.5281625,17.989,18.60702994339754,18.259124824562175,18.384774870939534
37.3134104,-89.53107609999999,18.099,18.601647558583867,17.933998061036743,18.121883037357758
37.3149265,-89.5309266,16.703,18.60711285066286,18.277581262029294,18.386992652916053
58.4868041876418,11.342154409179445,20.78,20.051667694349476,20.365100757329913,20.584308675567804
24.506264119583907,54.59286891889884,17.44,18.616588259608058,18.63289862733798,18.232171995717994
38.887542,-119.818416,21.15,20.830741122209748,20.972166214328496,20.987281678878286
37.51668122105279,-94.39420859546564,20.86,20.99899565292064,21.201413257583237,21.140001423989926
38.29217384477609,-85.93404274515827,19.33,19.169650227553916,19.374899169028215,19.52650871484084
38.28785245130902,-85.5586235792397,18.27,18.6558158582115,18.397619820995963,18.500678412002493
37.54668663582284,-94.37072489075676,20.85,21.066240225702142,21.178236882945793,21.205367925534542
37.47842224031058,-94.26018887905532,20.3,19.549894994040613,20.15179659505627,20.01248107036788
58.50019183750589,11.35035380391642,21.02,21.121779858257543,20.879939704770894,20.945782036063875
58.799122840687616,17.82096045459813,21.05,21.59443172613167,21.1616494837003,21.164523435742442
34.43044173906487,-103.16802571159742,19.92,18.70416052160219,18.791508012984153,18.98902246139257
57.69644937891073,11.96894337674399,18.05,18.38410780654917,18.21832391272308,17.931071745561415
33.4255104,-111.9400054,18.5,18.519339556390555,18.494440803395495,17.46886855809478
-6.885059,107.6192639,19.63,18.608220588506,18.651556523403666,18.23664272356323
-6.885059,107.6192639,17.55,18.608220588506,18.54709910748142,18.253633863909158
29.871799,-98.6315,20.53,20.839823525975177,20.34964676810764,20.34872031712305
-6.8576243028039965,107.6018193737305,18.61,18.68584122129045,18.48750753077595,18.199481515050223
33.4354555,-86.8582859,18.2,18.62362634877378,18.51097035246578,18.407558180431046
33.072118807656594,-86.77693560472267,19.5,20.02715380224837,19.98138298196618,19.93474799287796
33.7825572,-86.9899538,19.59,20.15009072107917,20.061387602982947,20.118386435307546
33.5185892,-86.8103567,17.5,18.59887092050853,18.157458299202673,18.184701061521555
33.4907174797636,-86.8024720845832,18.54,18.59887092050853,17.876721660869478,18.13658108353492
33.50287374261391,-86.80345626426674,16.63,18.59887092050853,17.86404349834298,18.179602545004087
33.5003317,-86.8071398,16.95,18.59887092050853,17.83036334168183,18.11785286540979
33.36943996435774,-86.7376960394776,18.21,18.783292811281004,18.853847692591202,18.768800530280867
33.50983170570996,-86.8071299585216,16.71,18.59887092050853,17.85131818749282,18.13661011068612
33.3530531,-86.7897018,18.68,18.61828269132839,18.33250590524446,18.42510021031537
33.3217792,-86.8909056,18.5,18.957393891741457,18.78781142008365,18.952417957305837
33.7147537,-86.53473439999999,20.66,20.077733321138595,19.782051264293624,19.7116507707039
33.5185892,-86.8103567,18.8,18.59887092050853,17.90236850119793,18.17957735957833
27.6905796813062,-81.14963411932118,21.67,21.341287977345967,20.73506595250067,21.00565750716848
-6.852923499999999,107.593419,18.85,18.641226406993933,18.651208477984277,18.29851517518472
-6.8943527,107.7673652,18.95,19.734882185281815,20.668249639829988,20.01605501815168
50.75036521653561,-1.7877387378723109,20.26,19.007467592585527,19.818621131540972,19.874178745691115
33.50145455598251,-86.8111342330576,16.83,18.59887092050853,17.88561053166331,18.15208676775233
33.50032157592825,-86.81039397010156,16.57,18.59887092050853,17.847501536449975,18.139357903213906
33.50162152301606,-86.8100967824679,16.77,18.59887092050853,17.887212847695096,18.141471241364147
33.50011673836852,-86.81062922444589,16.94,18.59887092050853,17.843835669201916,18.15208676775233
33.50067863849952,-86.81062474361256,16.57,18.59887092050853,17.88968217424715,18.134449221329636
0.0,0.0,18.57,22.00064371900251,21.06695864316596,21.64698188158897
-6.881824621390958,107.61801879550998,17.58,18.617814652265753,17.700588814072738,17.44602220526057
40.50086653150464,-94.1010936161256,21.15,20.894252622488985,21.158280528061873,21.075685507813553
-6.877412367339896,107.61386428971808,17.79,18.61150665558271,18.468340090227347,18.051395739758867
-6.882016555620512,107.617794761816,17.49,18.617814652265753,18.736714994852708,18.278423751306498
-6.882045126151969,107.61781584832528,19.63,18.617814652265753,18.634174825742395,18.223236357696216
-6.882044606978794,107.61779345031567,17.55,18.617814652265753,18.610367023490383,18.24032648607556
-6.881993005277784,107.61789037610242,17.49,18.617814652265753,18.65373726468856,18.152016690481744
38.88755718015295,-119.81839251679553,21.09,20.830741122209748,20.970498983084795,20.962379238736432
18.0018308,-66.6188972,18.34,18.519339556390555,18.272750524435892,18.137933207858847
17.9999745,-66.6190455,18.35,18.47066306899538,18.33828334030387,18.33742299098767
18.0001195,-66.6174674,18.35,18.519339556390555,18.27252577692123,18.097292915106234
17.9992862,-66.6164164,18.1,18.47102593674077,18.441478274734987,18.28949928467693
18.0023255,-66.6170835,18.27,18.519339556390555,18.287585890581912,18.118373310857283
33.4000738,-111.7579719,17.32,18.521967375878372,17.487148660084532,16.767632319775387
0.0,0.0,17.83,22.00064371900251,21.041981634739503,21.374391242969825
43.96909186240534,-94.41833547012924,18.85,20.89092439972577,20.754280065832717,20.691580531072102
36.23741952531543,6.858933943703778,19.8,20.338131743248322,20.122703518885636,20.47910897437627
36.2108892,6.804893,18.8,19.13479717105184,19.54107680626904,20.102251624653917
50.9488737,4.0813914,19.39,18.860404906677392,19.110530443142963,19.096014872702856
41.85740761336712,2.5638274904001257,20.72,21.2130942329046,20.664431306791702,20.63372013106208
41.85747382896598,2.563867967208231,20.61,21.2130942329046,20.726229469008935,20.71834723272408
-6.881827805235983,107.61801965284506,17.58,18.617814652265753,17.73796990822663,17.463547177873142
32.608950055695395,-110.73326272306048,20.97,20.75582626104894,20.706276760674296,20.969487697702565
41.44972342335591,-81.72454032985476,17.67,18.59887092050853,17.65218478809347,17.541207631841868
35.282548876616936,-106.71876324683286,19.73,18.768509459233684,19.320397442608474,19.353943487320606
39.69377552764414,-91.39171240713308,19.4275,18.848174118718727,19.505786629716695,19.545685302043243
0.0,0.0,21.03,22.00064371900251,21.03032204913524,21.427947910959574
39.701217363863215,-91.35848246327662,19.38,18.857970056872645,19.48622942896246,19.737694711082444
39.71139091504245,-91.35358124658048,17.68875,18.843852139013105,19.48800191444513,19.822142823247525
39.70610249617231,-91.35232110655063,19.413,18.93506504659698,19.4839391965246,19.823132701652213
39.70404909166517,-91.34731154268194,19.535,19.084104928051993,19.512107560271698,19.701709476861417
39.70089426953208,-91.34154012335848,20.035,19.4667105677569,19.93634306223868,20.1137642110602
39.68969928271027,-91.33149418446123,20.2225,20.0417795120442,20.144262200498176,20.075577224582545
39.67152227983002,-91.3096446969574,20.1225,19.472171469565794,20.2438169269017,20.77811307125475
47.3428541,14.0345889,21.11,21.59538340464281,21.236304567601977,21.238283928611708
29.872467,-98.630716,20.44,20.843617106868475,20.378230942334454,20.354663998150098
-6.881827805235983,107.61801965284506,18.57,18.617814652265753,18.734529587432412,18.356617815700027
-6.881827805235983,107.61801965284506,18.92,18.617814652265753,18.73270395628268,18.3211678825258
-6.881827805235983,107.61801965284506,17.74,18.617814652265753,18.7266525523347,18.253989690343182
45.77449613437367,-84.3695382353825,21.47,21.832807912226507,21.25665306893961,21.45410584505609
38.887547598961504,-119.81839927733658,21.05,20.830741122209748,20.773720941461068,20.814220937725914
37.60160884119168,-93.73061222060002,20.894,21.613562277462442,21.050899171123625,20.786612574278095
37.62809298777616,-93.7487420336903,20.925,21.77689860137908,20.83816528629087,20.94975530152631
41.6632215,-77.8234031,21.23,21.184881981035574,21.098493072251248,21.17767888966598
50.503887,4.469936,20.17,19.22061951133436,19.564477277346803,19.300084730214103
41.6632215,-77.8234031,21.21,21.184881981035574,21.114208084880378,21.189392477097073
-33.84413765506518,-70.95705341250998,20.5,21.23580242490073,20.762117404371615,20.554813379903386
47.34305295215884,14.034473223358557,21.16,21.59538340464281,21.274615908885362,21.36036702652799
47.34303695315304,14.03448256948621,21.11,21.59538340464281,21.23827124433607,21.279652428025393
33.501108257198034,-86.80358342587643,16.64,18.59887092050853,17.85880495388151,18.176910414360837
38.52856031301541,-90.58662989913992,19.27,19.59842077183373,19.64877155670331,19.589468858707825
38.54350873648463,-90.53360697373446,19.05,19.215229301945243,19.12391910166019,18.95365319696211
38.54663557957215,-90.53819435287735,18.93,19.216643457742556,19.118429681629316,18.948015122331203
38.55020503917529,-90.53920101847362,19.04,19.190457314310244,18.865331866557952,18.926293725879443
38.55316369131214,-90.5451078864458,19.1,19.087429930873284,18.74543111877589,18.934454305493663
-6.881897413737805,107.6177901637759,17.55,18.617814652265753,18.610367023490383,18.24032648607556
42.5040526,-72.33362369999999,21.08,21.248035156980738,20.533363857772052,20.78948337624997
41.4922847678235,-81.5503486178285,18.31,18.59887092050853,18.02406049844017,17.579777949222933
37.3155321,-89.5303881,18.028,18.613368033087404,18.519690675513605,18.471091576990766
37.3155321,-89.5303881,17.954,18.613368033087404,18.295156354395164,18.35902141948251
37.4508305,-91.6739896,21.18,21.454489436646945,21.276215519016983,21.387367431252116
33.4195602,-111.9462873,18.5,18.519339556390555,17.51645673442809,17.246336639230222
39.6722812,-84.2521632,18.27,18.635785067426212,18.345418136561683,18.421751597867242
41.50822397740368,-81.59995285323569,17.7,18.47066306899538,17.85090770300021,17.45339646544393
41.51082286177896,-81.61156296730042,17.63,18.47066306899538,17.841987962395876,17.348122963524123
37.82898138728007,-90.50470164676172,19.87,19.7173460595793,19.948502162916203,19.901411048545032
47.4292583,19.4573559,20.3,20.97785574252722,20.361916429101612,20.396495633696354
35.2828383,-106.7186559,19.71,18.768509459233684,19.29513491852058,19.26117850090253
-6.8801755,107.6119772,18.09,18.60240577450977,17.59843710577945,17.396578720186092
-6.8932439,107.6069806,17.47,18.59887092050853,17.88463578081011,17.92795870858169
-42.82971609002704,147.26295401516538,17.16,18.72840869184968,19.53948237803214,19.610685583054774
38.88755708025316,-119.81839418126582,21.06,20.830741122209748,20.82893558449381,20.81499076916662
37.4507002,-91.6739175,21.06,21.454489436646945,21.180640026620527,21.278123441334202
-30.2371168,-71.0789067,20.11,18.68390149741459,18.749531155048118,20.049677967526392
33.5185892,-86.8103567,18.19,18.59887092050853,17.821330478346606,18.05348899333126
22.0627164,88.0832934,17.5,18.547359684395087,18.94513555049494,18.568545091208154
-6.881941891224304,107.61776817206936,18.09,18.617814652265753,18.593572898598108,17.994994619384265
42.4707648,-72.93514669999999,21.06,21.428922745511258,20.571926242854467,20.79909573584157
-6.2947407,107.3303071,17.56,18.57168438541595,18.286014863367825,18.211606022486045
12.030819372785748,-68.25344998641569,21.09,21.73614657348219,21.227569632779446,20.573034359811146
45.4159479,-122.8344381,18.77,18.890224393556526,19.054718903293203,19.15771366218194
45.4027039,-122.8045345,19.29,18.63924601058396,18.403868199568223,18.801080850036
45.4027039,-122.8045345,18.84,18.63924601058396,18.33949994546356,18.70067482386931
44.6347382,-123.4567823,21.17,21.500775369425767,21.20468216836054,21.195850984071768
44.6347382,-123.4567823,20.89,21.500775369425767,21.08222606679352,21.110310744112283
33.50035835570256,-86.80176305008787,16.77,18.59887092050853,17.907238339953253,18.151689241742144
33.500851656329615,-86.80287955662479,16.12,18.59887092050853,17.886852859129018,18.169405239491876
39.693693693693696,-91.34638304486856,20.18,19.573095751324317,19.98768767512632,20.050512015100253
33.50257331239085,-86.80318932068147,16.5,18.59887092050853,17.865453464408358,18.166817444422943
33.50306902523132,-86.8019954547637,16.3,18.59887092050853,17.870304079418702,18.17657390532263
33.502636105751705,-86.80180874150241,16.66,18.59887092050853,17.870304079418702,18.17657390532263
33.502837979805136,-86.80216966119606,16.87,18.59887092050853,17.87237074608537,18.180765503378712
33.5001094705316,-86.80343660893392,16.48,18.59887092050853,17.88054295971065,18.173743483344193
39.20938665318352,-96.33783098215235,21.63,20.534736787884945,20.41040448101397,20.529848367170217
39.6722812,-84.2521632,18.25,18.635785067426212,18.257694257983136,18.283528109462374
-6.878161108403263,107.615180466284,17.49,18.607544488121977,17.65846761813709,17.402540934927856
37.1609,-113.4532,19.9,19.070738266049595,19.472399525551353,19.576907586610876
-6.8937067,107.6078482,17.39,18.59887092050853,17.564600836382684,17.210723786542086
32.9628232,-117.0358646,20.4,18.652006623995508,18.515196969530457,18.64400501632924
44.99747421972596,-79.37505568859046,21.55,21.42208389633594,20.99037541248883,21.105619979013106
39.6722812,-84.2521632,18.18,18.635785067426212,18.278606299480813,18.32172068332013
41.50194935265409,-81.48865774013093,18.36,18.416200131651056,18.019453291834683,18.254442286188905
37.659247220795095,-121.90667846368171,18.93,18.771861326997325,19.254724659160864,18.91761612432451
37.67709208026499,-121.90619875101628,18.53,18.521748445923325,18.692571880654324,18.641656679953897
37.66203994492266,-121.88264137987755,18.39,18.526463830015253,18.767550158046205,18.671827705427603
37.67864143478167,-121.87765297026527,18.74,18.461182933807677,18.545541376860612,18.47364679348121
37.66034438590867,-121.86259499011408,16.13,18.538609756818573,19.137649865758895,18.733162997408478
37.66534051481132,-121.86135688078524,18.53,18.48178383682303,18.50579351535202,18.522951354051585
37.65422384815468,-121.86915145616018,19.76,18.571238397535705,19.128718616882498,18.743748388788
37.69388398833844,-121.91507791937676,18.67,18.385907803737073,18.237090921104617,18.103155195759342
37.99767872101816,-105.69894429452452,22.3,20.770480470544896,21.10956592792414,21.315292994755776
36.4620633,-81.338397,21.33,21.25712702707768,20.826014755501884,20.994736237524446
36.42030307688282,-81.48034282024432,21.33,18.792571103473335,19.74572163087173,19.45211872818379
47.4438663,19.4734506,20.07,20.998743722537927,20.428075814522472,20.61363449685232
51.315841,3.8542571,18.9,18.78980208008991,18.879934396200564,19.15165746298936
21.52862815375186,107.95781685085204,17.82,18.50284298712912,18.36967172107793,18.027733170647636
-43.50124551208642,146.15420902695044,21.34,21.513403196550986,21.32256128077423,21.37058168105725
-43.5964183547183,146.68567624253808,21.34,21.73506643240379,21.244425992081162,21.35334696026517
-43.0374571,146.2773998,21.09,21.52329797648085,21.233325326658914,21.362131729140103
-43.0383807,146.298889,21.94,21.471746334703955,20.93050004159683,21.004540825467508
-42.7864998,146.0594368,21.21,21.492469991874525,21.325844461222218,21.11994645659049
-42.903513342585775,146.39845380038167,20.99,21.584494057290808,21.20286322905183,21.294910734154907
40.035584794570674,-82.1976467097876,18.98,21.286487560738365,19.13755544057277,19.634883257838673
26.855782877423003,-111.90951078224992,21.32,20.74246671543786,21.204179727835612,21.316475992398694
26.912827346780777,-111.95876397136684,21.22,20.243269293829613,20.471619746262476,21.194030946030075
26.90420333338176,-111.95614872512904,21.16,19.56618424511652,20.331719141882093,21.072782199228605
27.25616007032768,-112.31658963543894,21.126,20.507130994090897,21.055982088511325,21.28157204413418
27.226592468311075,-112.20884033720344,21.19,20.404315861683177,20.892990132409608,21.2118023268068
38.88756048190709,-119.81838305867969,21.17,20.830741122209748,20.616524517688557,20.955160866064816
39.665701,-104.7906334,18.22,18.44659929866721,18.266540997776737,18.31327991011127
38.416902430045845,-96.17740876518664,16.75,18.654371627930495,18.878954772284942,18.91029624656863
38.41690917079683,-96.1767706733264,17.17,18.654371627930495,18.905928881209647,18.994304485138873
38.41639983653009,-96.17678402698527,16.75,18.654371627930495,18.916105636374173,18.994304485138873
38.41441545147855,-96.17678047340264,16.67,18.602587395279652,18.834753349046956,18.867702596653192
38.41286043190626,-96.17680163993276,16.37,18.602587395279652,18.82903959350425,18.867702596653192
38.41232324618097,-96.17682072868438,18.43,18.585345657907524,18.715332406982835,18.840576699514227
38.415673110250864,-96.18022363338883,18.8,18.623120391167507,18.89267029468265,18.90519803544056
38.416282143818535,-96.18019415384047,18.9,18.623120391167507,18.88428029468265,18.905818218883713
38.416231052272806,-96.17975564361274,18.6,18.623120391167507,18.87961836286447,18.900495964187716
38.41615956694563,-96.17889270484122,18.44,18.66467362704938,18.858314358809377,18.902643400781745
38.41526945004935,-96.17943891768104,18.81,18.650003755445262,18.875621339419368,19.015940604143996
38.41598458506706,-96.1787058793497,17.97,18.66467362704938,18.854316858809376,18.90051750488629
38.416359980816765,-96.1780201460364,18.02,18.66467362704938,18.86874901328684,18.909617185052593
38.41690998082321,-96.17791069115522,17.15,18.66467362704938,18.858498418048747,18.91012264429082
38.41593826828403,-96.17745713056374,18.23,18.654371627930495,18.895764916538447,18.967411054659113
38.41591320605229,-96.17798666900087,18.28,18.66467362704938,18.867584026462072,18.967411054659113
38.41567250308511,-96.1780031367268,18.7,18.66467362704938,18.871535291343026,18.96660033239844
38.41534109715602,-96.1779822066284,18.39,18.650003755445262,18.877086141441175,19.019931714588505
38.41529992672719,-96.17860747205007,18.13,18.650003755445262,18.88139174334059,19.021637064839116
38.41500146272901,-96.17856222177257,18.15,18.650003755445262,18.877619756733445,19.021637064839116
38.41432020408234,-96.17889562810134,18.83,18.607332950390543,18.858425672968767,18.94304293751257
38.41452237251014,-96.17842471598442,18.79,18.650003755445262,18.8767133275677,19.017791232474043
38.414986162592754,-96.17744277238263,17.1,18.640051812627863,18.891990616574994,19.01619002082693
38.414980154733655,-96.17798543278543,16.32,18.650003755445262,18.883119306421364,19.003277368543525
38.41451173114271,-96.1779973299113,16.82,18.650003755445262,18.887210802302516,19.005295802497205
38.41425251743932,-96.17802128459653,17.22,18.607332950390543,18.878574222448815,18.909624177605227
38.41236775957974,-96.17944053029773,17.59,18.589898975332037,18.835095635528234,18.907181250462788
38.41236497725806,-96.17874755678518,17.87,18.589898975332037,18.835095635528234,18.910689966698644
38.4127231971232,-96.178727374689,17.89,18.607332950390543,18.85126407485585,18.92762607485761
38.412344919747184,-96.1780091604195,18.43,18.589898975332037,18.818606715410326,18.9122970996933
-5.514154796531692,120.4438036516346,19.78,20.97447615835737,21.02396050236729,19.806878094426764
38.41270315838595,-96.17806424727416,16.37,18.607332950390543,18.847319226371006,18.94841341255086
38.41351505993693,-96.17809184658536,18.38,18.607332950390543,18.868415342450508,18.977051967278943
38.41402330187129,-96.17742903756512,18.43,18.602587395279652,18.817446679712614,18.965972727643145
38.413918045787085,-96.17803465108116,17.54,18.607332950390543,18.858790809233096,18.972061476933916
38.413850936855546,-96.17842250311097,18.59,18.607332950390543,18.84614898620098,18.972480392248016
37.161011,-113.4587155,19.86,19.224046574593945,19.58301351333253,19.59572503006879
40.03558789200043,-82.1976397491921,19.74,21.286487560738365,20.71717094124723,20.924690115320498
38.413894554210565,-96.1787335271037,18.73,18.607332950390543,18.839616858105735,18.96993300042729
38.41321865916513,-96.17908885130382,17.14,18.607332950390543,18.821273276300033,18.975853697393106
38.41346697392334,-96.17874938956754,18.81,18.607332950390543,18.80198301022515,18.975921577433166
38.413077190038784,-96.1787425600177,16.97,18.607332950390543,18.81726307218867,18.961820590154336
38.41339140835531,-96.17931630099184,18.56,18.607332950390543,18.810685591342157,18.94880165054892
38.41521156049368,-96.18128550854333,18.81,18.618193801719258,18.765400896348865,18.94245667017918
38.41471721736891,-96.18129980176602,18.8,18.618193801719258,18.773223708848867,18.947595247302168
38.41426741165746,-96.1813167600382,18.79,18.579349737475965,18.612128406002395,18.862697682274955
38.41411096209957,-96.1793149544075,18.11,18.607332950390543,18.857216281852644,18.826881663971893
38.41422260998706,-96.17971009049496,16.96,18.579349737475965,18.63770000619213,18.78157557884843
38.41390804948316,-96.17959644948289,16.32,18.579349737475965,18.65635091382616,18.776477130665672
38.41322550019755,-96.18015070293576,18.26,18.579349737475965,18.695030941196467,18.79027683041866
38.41379596027426,-96.18011744699795,17.78,18.579349737475965,18.646736900929337,18.79304560700817
38.41360146874413,-96.17966556348856,18.82,18.579349737475965,18.656091067596,18.793219209285983
38.41318226466547,-96.17961524765116,17.17,18.579349737475965,18.708124405024307,18.793219209285983
38.41287778619692,-96.17960379098872,16.5,18.579349737475965,18.708124405024307,18.850334017376465
38.41253758820884,-96.17999611594252,18.52,18.579349737475965,18.71590485722454,18.8567324453949
38.41276171573994,-96.18012321504496,18.29,18.579349737475965,18.71590485722454,18.855921723134227
38.41239387137252,-96.1813814612718,16.84,18.574153820099085,18.721728868886306,18.828899113476066
38.412374254106346,-96.18074283232488,18.65,18.574153820099085,18.720633452219637,18.8339406321619
38.41253334929596,-96.1802503181366,18.62,18.579349737475965,18.714188527967448,18.882955469558024
38.412693627474525,-96.18062389470926,18.46,18.579349737475965,18.714188527967448,18.871200670117982
38.41288825929159,-96.1806627253622,17.93,18.579349737475965,18.714188527967448,18.856740317277467
38.41319639519223,-96.18064619869337,17.2,18.579349737475965,18.70422230593595,18.856005747565167
38.41341997637758,-96.18065074698328,16.36,18.579349737475965,18.7108446544208,18.856005747565167
38.41405211841561,-96.18098229156088,17.93,18.579349737475965,18.653328009735702,18.85857125977221
38.41445263384277,-96.17990169033033,17.32,18.579349737475965,18.624619116624757,18.8786152113199
38.414510656084566,-96.18012979276976,18.66,18.618193801719258,18.84829650590444,19.01280309306711
38.414554439334594,-96.18063854574952,18.12,18.618193801719258,18.864825248975887,18.967348170234818
38.41485578505157,-96.18108719311272,18.64,18.618193801719258,18.864825248975887,18.972089098815115
38.4149447969704,-96.1806436572429,16.99,18.618193801719258,18.856409377763764,18.96032940874854
38.41575010570942,-96.1807859500318,18.99,18.623120391167507,18.876927447349335,18.981617610947172
38.41598411135651,-96.18078566082276,19.05,18.623120391167507,18.886982896067284,18.991306305714954
38.41632118786255,-96.1808010095383,18.42,18.623120391167507,18.884424259581696,19.016312212703685
38.41638633166797,-96.18120983466694,18.89,18.623120391167507,18.88379049425282,19.016312212703685
38.41640405467476,-96.18164619127516,17.72,18.623120391167507,18.806492248346856,18.8606069031174
38.4160040406365,-96.18165914072723,18.52,18.623120391167507,18.899125737474513,18.962934829152225
38.41571627075063,-96.18165662165752,17.07,18.623120391167507,18.896398020529663,18.96176146057354
38.41526073444469,-96.18168000890276,17.76,18.618193801719258,18.858863521543377,18.959981342020086
38.41491449835805,-96.1816854542239,17.15,18.618193801719258,18.861306497733857,18.959981342020086
38.41463594384289,-96.1816703852682,18.8,18.618193801719258,18.85687471634456,18.965441127028818
38.41443027661853,-96.1816894346912,17.81,18.579349737475965,18.625343652515877,18.86170685094983
38.41412624401293,-96.18166350069556,16.61,18.579349737475965,18.625401408101038,18.86170685094983
38.41390939638763,-96.1816057510256,18.62,18.579349737475965,18.632498764543616,18.86170685094983
38.41371784175254,-96.18068224746484,18.76,18.579349737475965,18.608324158280688,18.857949960665174
38.41375097337614,-96.18116566224114,18.88,18.579349737475965,18.601141506305005,18.8645442799707
38.413742260016896,-96.18159410752992,18.94,18.579349737475965,18.603834595718368,18.84662748844429
0.0,0.0,18.89,22.00064371900251,21.107444197285325,21.573269064628917
38.41327949928687,-96.18160136735936,17.73,18.579349737475965,18.697719843399824,18.83550751163795
38.41280177771769,-96.18147396751766,16.11,18.579349737475965,18.709718610592518,18.781705431896945
36.93773351688289,-82.61039724153827,17.75,18.82857553079885,19.24704388806559,19.633943290699968
36.89371407152026,-82.62847211219488,20.86,20.642087285386477,20.853314593224173,20.77690897345883
0.0,0.0,20.86,22.00064371900251,21.027787657013945,21.359772061848894
38.887547598961504,-119.81839927733658,21.17,20.830741122209748,20.979027107362597,20.97310410737091
50.9460841,4.0502929,17.9,18.48138661189186,18.166530151744,17.38185473944309
38.88755704871156,-119.818391442172,21.25,20.830741122209748,20.966829254717222,20.966127075441634
50.9489841,4.081696,19.3,18.90401255019725,19.085108117371952,19.17191227918826
50.9460841,4.0502929,19.28,18.48138661189186,18.68687456128758,18.479476341406762
38.543564423413855,-90.53346536448436,19.07,19.120368607496918,18.749734097079127,18.922170917894928
38.54656916235884,-90.53748325487508,19.05,19.216643457742556,19.13765914819197,18.945076318042542
38.55020924866045,-90.5391695975774,18.96,19.190457314310244,18.90104406832706,18.9078623002767
38.55313819073825,-90.54522233809854,19.08,19.087429930873284,18.76477018342881,18.9078623002767
38.88753773710546,-119.81839752809852,21.16,20.830741122209748,20.990427294621973,20.95048965814491
38.59213307212244,-90.37392161437111,18.44,18.602317426682404,18.090200169666627,18.1468242389757
38.59155485541301,-90.37010891435662,18.44,18.58583887578237,18.09575461467426,18.03511306832898
37.99802780762858,-105.6987838671772,21.92,20.770480470544896,21.077225754481706,21.069407192751765
37.99802777566907,-105.69878390530056,18.92,20.770480470544896,21.077225754481706,21.069407192751765
0.0,0.0,19.8,22.00064371900251,20.623012387023984,20.776400362221995
40.9813894,16.4351762,20.86,20.667774777890116,20.582981851524874,20.566858768857113
50.9490345,4.0816664,17.95,18.90401255019725,19.02011861257166,19.032556745119606
38.49501617275352,-96.3369031493391,21.15,21.09844318617365,21.01303472168322,21.04908745695834
40.03558812108066,-82.1976380304438,20.02,21.286487560738365,20.788320256472336,20.879988468303576
40.21051288752476,-92.6303192391098,20.73,20.461460261850085,19.67165111346614,20.262638905725463
40.17872709126281,-92.64823056571684,20.91,20.351744942293394,20.474935279052065,20.951435986401478
50.9490183,4.0816752,18.45,18.90401255019725,18.991424079694728,18.944563324775345
39.4145621,-91.2310446,19.86,21.134110622155074,21.06736473938669,21.125984187857135
29.871726,-98.63141,20.57,20.843617106868475,20.371817402687494,20.48335341939986
29.872305,-98.631109,20.62,20.843617106868475,20.35120889119382,20.357494962213718
40.17872833800836,-92.64814597008524,20.9,20.351744942293394,20.471178910136576,20.941336950960448
47.27124532923406,-94.40860121174764,21.92,21.395747311186366,21.33804203814251,21.100362170112085
40.03559354707894,-82.19762610698139,20.62,21.286487560738365,20.75353319138695,20.918800236543508
39.8601166,-75.8854752,20.09,19.677748005344878,19.928833948986252,19.901334965719464
0.0,0.0,18.38,22.00064371900251,21.07647036647057,21.618346916941675
39.729169,-91.3917889,18.9,18.769773286252754,19.446447439211685,19.653342515858377
39.73768099999999,-91.3835178,19.76,19.538207205412785,19.93553050709728,20.078092427074644
39.6987482,-91.3647273,20.19,18.827698017362415,19.456664401014265,19.764455083007974
39.700731,-91.35868,19.44,18.857970056872645,19.515010061422306,19.751958159566996
39.7038793,-91.34747910000002,19.67,19.084104928051993,19.524497431791147,19.682066801475433
39.7118496,-91.3540846,17.19,18.91967790166486,19.509667873313305,19.917227530122226
39.7116668,-91.3538667,17.62,18.91967790166486,19.54659476525363,19.80110117830416
50.9490225,4.0816413,18.97,18.90401255019725,19.09100666589371,19.135119868487074
38.543498078552105,-90.5335653376314,19.06,19.311344785053517,19.399766541463066,19.011574399626706
38.54662314487747,-90.53817487266224,19.1,19.216643457742556,19.13061208252841,18.998988751327783
38.55021954873954,-90.53917291721216,19.03,19.190457314310244,18.90325009043962,18.95722774501238
38.55308759510963,-90.5447756017354,19.24,19.087429930873284,18.79260988621123,18.957926114948254
39.59336864499684,-94.74066713737297,20.6,21.0712089265363,20.51919848812433,20.614050937316463
52.576256,13.4119424,21.15,18.6152479633659,18.625598055153674,18.73981829232875
52.594755,13.3833477,21.07,18.693815522634054,18.925444930248677,19.01756452907988
38.88756836136277,-119.81841989619431,21.12,20.830741122209748,20.968108552346784,21.000982098729843
39.6722812,-84.2521632,18.4,18.635785067426212,18.423247123960092,18.526261112909005
50.9490051,4.0816857,19.24,18.90401255019725,19.10964303525301,19.07656071054339
29.871819,-98.631531,20.52,20.839823525975177,20.34963429481845,20.360431741163538
-34.02030718083024,115.10270363810952,21.51,21.13635063221881,21.24653300642771,21.414137431593538
50.9480208,4.0799335,19.47,18.867247705113197,19.164119635820626,19.283382476893117
43.13667149480704,-5.646560705677885,20.08,21.23462016200952,20.914419051481076,21.126306915130925
39.7892138,-83.853929,18.92,21.060573922748482,19.87086841578841,20.12887835200771
41.511896558875904,15.865810608695066,20.76,20.630611221526124,20.662022171132318,20.660308973507775
34.5545167,-111.8619751,20.83,19.287974456065918,20.193106128275563,20.378797548261144
51.2296499,3.6790444,20.03,19.472699686653108,20.14091607213891,20.015242655802332
43.8678389,-72.057576,21.4,21.416550527612582,21.11982911130627,21.20207080614559
38.592138876086175,-90.3739183709726,18.47,18.602317426682404,18.231770964595324,18.34711730605234
39.6511039,-76.989262,20.08,20.767895604883854,19.82587677176138,20.040533831155642
38.02956270000001,-96.42356370000002,21.26,20.939083933981916,21.165707633748575,21.163074624650392
-26.75936477525935,152.86450138933964,21.27,20.167727796918243,20.870242858342184,20.9981602183979
37.51677852666458,-94.39431248094849,20.88,20.99899565292064,21.245110844185206,21.146279388317065
37.478462304404864,-94.26029167228106,20.27,19.549894994040613,20.311698394739107,20.11195379229124
37.54666739092977,-94.37070085651378,20.98,21.066240225702142,21.1776870525623,21.127911682065847
41.5082127158925,-81.59997884334753,17.61,18.47066306899538,18.07387673190984,17.93039325873715
41.159660183955175,-81.47467750587705,18.26,18.658444789153776,18.380932988865673,18.441042785030806
39.6722812,-84.2521632,18.24,18.635785067426212,18.40512027795977,18.498717066864387
24.600690390898315,-110.74565092172897,21.46,20.706652874652452,21.429874080396317,21.345253863327343
24.76421168007824,-110.6680075583852,21.44,21.076734404331205,21.410138696379985,21.331651572481697
24.90382242149904,-110.70977306679528,21.55,20.732825231756113,21.38983270086327,21.140092664735533
59.482543946930335,13.128950261181416,21.06,21.47783088030544,21.081513213726158,21.11852110816403
38.88756944030732,-119.81842010534284,21.3,20.830741122209748,20.98079311080625,20.99279141489854
37.8155487,-78.4878032,19.97,20.386310728332198,20.12356545585632,20.325098418177095
37.8440654,-78.3812037,21.04,21.200843856552826,20.752469301635095,21.036537959451937
37.7422168,-78.401384,21.29,21.27809174729779,21.141128918339795,21.110622527428788
18.0019967,-66.6192016,17.94,18.519339556390555,17.982019712211105,17.99820486139808
18.0001303,-66.6194868,17.94,18.519339556390555,17.980127504600855,17.982257491662075
17.9977027,-66.6195652,17.69,18.472461156032022,18.565695206220525,18.12461477112367
17.9998323,-66.6171244,17.92,18.47066306899538,18.10312894125416,18.031367305611553
17.9992541,-66.6164245,17.86,18.47102593674077,18.146124396837905,18.070926427399023
18.0024539,-66.6168013,17.8,18.519339556390555,17.950139463920824,17.892173635773226
57.69624490654972,11.969077834054517,18.23,18.38410780654917,18.35446244322178,18.11566472804661
39.80655939975916,-94.76721338060707,19.55,19.141454194132162,19.422586504001508,19.52656101783161
39.76060354777904,-94.77660211025508,18.75,18.544776240003884,18.997357891068035,18.822958926390342
39.78339995796012,-94.8322814858683,18.8,18.489056594180667,18.39834318133507,18.581042722023092
39.78584966571708,-94.82946619751876,18.81,18.586744487482978,18.92721465146549,18.88083969938041
39.791050376100976,-94.82075414331447,18.77,18.562276926403708,19.010251784102255,18.801450843385858
38.887561251960015,-119.81841943831668,21.25,20.830741122209748,20.975279784230846,21.00143748967316
36.8197201614854,-92.42564694708952,21.18,21.515399468129875,21.23825223422251,21.28577210902501
36.82137088837978,-92.43277899859255,21.19,21.51188075440437,21.22370121837384,21.267844153077
36.81221436266591,-92.41792903961688,21.25,21.367829967201637,21.212292583191815,21.25571801016369
36.83031558416309,-92.42744773296975,21.22,21.445530822776735,21.165139339765915,21.22591956478714
39.665701,-104.7906334,18.45,18.44659929866721,18.340529593224073,18.42327292205828
-23.773253919408628,-69.00000929832458,16.61,20.533841611025203,21.094897908483684,21.18719760404878
-30.2376314,-71.0785303,16.61,18.68390149741459,18.927420780869582,20.11045310009298
38.88756391626353,-119.81842057854692,21.2,20.830741122209748,20.97420855234678,20.983906819422884
37.161000304347496,-113.4588143080368,19.89,19.224046574593945,19.658679081603044,19.688005926963914
39.665701,-104.7906334,18.44,18.44659929866721,18.337793524271493,18.404148467158343
39.6722812,-84.2521632,17.23,18.635785067426212,17.83592503104563,17.150879177611777
41.49247522213653,-81.55030106445322,18.33,18.59887092050853,17.954178978089995,17.562479715128205
40.03559075739805,-82.19763376006496,20.57,21.286487560738365,20.763383842695408,20.862604367159992
41.50229509732132,-81.48906403635128,18.47,18.416200131651056,18.02517863567412,18.340078761422006
41.3899704072229,-81.47698090009625,18.39,18.703592824220095,18.28777506447957,18.315749555327148
39.6722812,-84.2521632,18.41,18.635785067426212,18.353977055378355,18.450727090296887
48.73293036508988,2.2480271620568626,18.52,18.564995908349093,18.70321094097315,18.425552605953705
38.88756347831212,-119.81842397762314,21.14,20.830741122209748,20.963280342419253,20.976239742778787
39.6722812,-84.2521632,17.51,18.635785067426212,18.298305760572934,18.374216651716324
39.6406806,-76.9888342,20.04,20.504853699527864,19.815678499407493,20.068733261931705
27.37065186652333,-112.7347036541142,21.468,20.590005271939255,21.3970967352723,21.291858627671022
27.55631604746357,-112.90212239136537,21.352,20.801838905656137,21.365899917981796,21.402394731182966
27.51939506675513,-112.95329072655372,21.542,20.745551257577894,21.17523469034494,21.364271345358347
38.93371181474159,-92.33229869149406,16.9,18.56776513805031,18.143960291984502,18.4246660238061
38.92818400869255,-92.30815143054755,18.41,18.665085406492896,18.577768169449726,18.53829211696091
38.86514592667261,-92.30508677542518,19.82,19.94619389300994,19.79460682650355,19.99548412190429
38.87319282332012,-92.32571110231255,19.54,19.75554783189849,19.741717968600145,19.967290724032416
38.88098565684236,-92.333367806691,19.37,19.35898579411341,19.80587684097852,19.628496626651177
38.5435000610169,-90.53356666675194,18.74,19.215229301945243,19.132551402328403,19.01438015842293
38.5466038398378,-90.53814019416085,18.79,19.216643457742556,19.128934958829255,19.003665334306266
38.55019245576696,-90.53918367840976,18.76,19.190457314310244,18.861106052996618,18.97321315344907
38.55309467912551,-90.54489641378586,18.84,19.087429930873284,18.745666895377397,18.979024478741
41.51369095198851,15.912088733486843,19.16,19.290695919282598,20.29700139085876,20.569005519211107
41.50349011381625,-81.6945771629637,16.28,18.48626068326072,18.379920106072102,18.119073349444882
39.6722812,-84.2521632,18.54,18.635785067426212,18.333904788015865,18.3613149061262
37.7425207,-78.4014826,21.41,21.28287227281443,21.090788429539774,21.066008311256528
-30.2431284,-71.0829326,18.08,18.67120484827027,18.661672521860158,19.534561856852733
-30.2609,-71.0815567,20.53,18.826911762719487,20.35996931700755,20.33959929019986
-30.2548107,-71.083995,19.97,18.768492378121334,20.388907000333205,20.188013788311363
-30.2330414,-71.0826469,17.8,18.682228963367788,18.623176478511304,20.107459358941025
51.2296319,3.679028,19.4,19.472699686653108,20.203736323336557,19.825660398743068
41.51049794913629,-81.61149646115518,17.3,18.47066306899538,18.251626198368882,18.023366210401576
37.7425784,-78.4014495,20.98,21.28287227281443,21.094919835661962,21.12572236695043
0.0,0.0,18.05,22.00064371900251,19.490472381417234,20.20907685409981
40.03559925675686,-82.1976213606943,20.59,21.286487560738365,20.728612177428626,20.905387423515545
37.8116223,-78.4930889,19.88,19.511476455726143,20.151425971713454,20.514914484470342
37.74264285,-78.40115257,20.2,21.28287227281443,21.054380959311143,20.670853673001947
41.51381981831229,15.91278330649791,18.62,19.290695919282598,20.45959871394044,20.469853482887405
39.4723328,-0.3997696,17.54,18.38410780654917,18.043377590835355,17.657513292050712
39.8268717,-74.8512688,18.3,19.422734994427458,19.248045816903677,19.315373963132632
40.03560063558561,-82.19762227419173,20.35,21.286487560738365,19.88093995771354,19.940362446475625
39.91696964440469,9.414878744257642,21.31,21.23897022973768,21.262181036068274,21.36139357149052
33.4752769,-87.0820685,19.5,19.296102850706106,19.57975431862144,18.72906085597869
44.1328451,3.3471104,21.6,20.829127593916027,21.144535310116467,21.29873766825414
44.40677166962848,11.451442003856473,20.08,20.147291549017247,19.676483979991666,19.810809506945535
38.88749626000417,-119.81839753449944,21.27,20.830741122209748,20.526589003184583,20.872883116471986
38.5296162,-78.4406579,18.97,21.18774324106482,19.99382319505292,19.92956042306597
38.88751384474888,-119.81839637478885,21.3,20.830741122209748,20.78983634343084,20.92910851948649
32.0861489,-110.7493578,19.45,19.70879928175808,19.45844079465518,19.6483117006152
39.3699181,-77.1709746,19.35,18.725207506120256,19.381887454438026,19.27651202205411
38.88751215545444,-119.81839690449966,21.36,20.830741122209748,20.919285223208888,20.994071754896584
39.48721814469189,8.45651510976199,20.31,20.3443171277394,20.685464687750088,20.777807445413437
33.3369093623755,-111.42569702812754,20.24,19.67702049627114,20.326601505069483,20.353664780307827
38.88750445773148,-119.81839529209344,21.14,20.830741122209748,20.966100458527215,20.99385213472177
26.71407787303374,-111.904337506862,21.634,20.79237733834988,21.27841023988282,21.220340323742118
-26.628995669314254,152.86205213636845,20.91,20.41739249936055,21.027918238617985,21.327508889835073
-26.650098517432205,152.81233916105043,21.37,20.875268086705166,21.224131077600777,21.38031249419036
-26.630882607126047,152.76885834767288,21.4,20.8792199273446,21.21677976542131,21.349820854637237
-26.5115333,152.8232493,21.46,20.81725941823977,21.180687170432407,21.262652496040598
-26.58749358095976,152.73733067991654,21.52,20.815288931752395,21.31734092927712,21.341998953905602
-26.548350430717942,152.7129614677288,21.51,21.052157102166863,21.210078530107765,21.34927535119678
-26.59850019356472,152.72779550966192,21.33,20.777534396445215,21.280759778383743,21.446931198796104
-26.624237195592965,152.68976473200644,21.44,20.989197154333706,21.21137623951896,21.479546776549494
-26.65761320526852,152.6892383127213,21.41,20.93909920935488,21.20685715572522,21.363403945332287
-26.710047238074463,152.70221217280957,21.41,20.728879783195,21.208909012294725,21.40343023736947
-26.729175698468136,152.76018705700568,21.41,20.910314351646758,21.073050368723667,21.275214322631392
-26.68431715443577,152.75732431853604,21.36,20.890378612600937,21.127781171230513,21.301093152016406
-26.72557751241836,152.82526068012902,21.28,20.824428141464292,20.882076896774535,20.903707431455686
-26.760683180968645,152.81029800993386,21.31,20.89450143734447,20.834594974099137,21.072639162163547
42.78141868526244,-5.914256273402114,21.35,20.940422181270172,21.280481900414237,21.345010494801034
38.88748422069172,-119.81839374119664,21.11,20.830741122209748,20.982997750013862,20.96717894591017
46.813088,13.8015931,20.92,21.284539943463972,21.182603639436756,21.469634596315533
29.871799,-98.6315,20.59,20.839823525975177,20.318837825402465,20.465457960971552
38.88751384474888,-119.81839637478885,21.27,20.830741122209748,21.004653350628885,21.046628525336697
40.186187265102575,-92.5804070574047,18.85,18.56254719070528,17.838840461420805,18.258791112728243
40.19255249398196,-92.58484566401148,17.6,18.573222036659992,17.807499107439845,18.28433056819794
40.195116290270114,-92.5837314846491,18.42,18.535241189849962,17.56194274556363,18.202471516868666
40.18367691354774,-92.58012306495006,19.38,18.570985466086565,17.88497209800393,18.318726174945905
40.177699781070906,-92.60104387062113,20.15,19.362015693425093,19.39322289288164,19.589162400475036
38.54352148248378,-90.5335879028316,18.8,19.215229301945243,19.178030516428624,19.079649352824983
38.5466262210349,-90.5381709721388,18.88,19.216643457742556,19.18142245324181,19.074059379558665
38.5501885180358,-90.53918891194766,18.75,19.190457314310244,18.996769445295346,19.023732372736657
38.55310442358304,-90.54488233604732,18.95,19.087429930873284,18.875330930952135,18.986919446540927
29.6633431,-98.430717,18.71,18.746938106399075,18.568328447045563,18.662784404379657
13.1348518,-59.6154754,18.98,18.38899069229992,18.203542221188492,18.485590078169164
39.372328,-77.17064409999999,19.55,18.721937751796215,19.397868774115725,19.40591746017212
41.47665699188994,-81.52951805487987,18.27,18.598952521418685,17.624246065226863,17.609284461985578
36.83034426806996,-92.42743829052854,21.437,21.445530822776735,21.173901256794878,21.311494529596217
30.64103804339499,-97.87793764959164,18.24,19.002777116988497,19.377327911906463,19.301087268773944
37.2461047,-77.4004872,18.09,18.59887092050853,17.983011354624043,18.20247967622005
45.88802125178007,-0.6499482229295106,21.2,21.035874846749806,20.931512881028848,21.245943590752557
-1.2587259,36.8934009,17.32,18.38410780654917,18.875951687565,18.057487177507696
43.906067,-73.06682099999999,21.43,21.855501613104682,21.344169812494343,21.386208621123554
37.92406344633527,-78.87809817445108,21.51,21.319645486199217,21.029537574883253,21.072079906363694
37.16093729785787,-113.45884355117308,19.84,19.224046574593945,19.70385153449702,19.81467013741231
39.3762145,-77.154704,19.45,18.525986700423285,18.369252919250012,18.853996218602155
38.54350207083803,-90.53359510461766,19.01,19.215229301945243,19.17217237102038,19.08049464535537
38.54649786350078,-90.53804789304009,19.1,19.249785999203937,19.435445749603424,19.089850659450708
38.55017720763687,-90.53919801068902,18.97,19.190457314310244,18.93351790376036,19.039539406355903
38.55304034915697,-90.5448324242944,19.16,19.087429930873284,18.830329118660238,19.039539406355903
39.78746373533247,-94.82299540970727,18.8,18.58118795754091,18.956452058110866,18.82380155385576
39.79104166432735,-94.8208925578396,18.77,18.562276926403708,18.962954701178624,18.8216962422472
39.783293188483526,-94.83217578286914,18.87,18.489056594180667,18.374587109343334,18.53567354541248
39.785787474608505,-94.82910788661492,18.79,18.586744487482978,18.888435635657867,18.822767261807385
38.88750698447569,-119.8183972079672,21.22,20.830741122209748,21.002469848581146,21.021454152437453
37.371888,-78.26817199999999,21.55,21.192852092455443,21.100823849445074,21.15302606621508
33.33710576692447,-111.42548522699964,20.19,19.68686000831641,20.037411322927298,20.176285634095223
40.21081336499815,-92.63048339172488,20.82,20.461460261850085,19.825873897929124,20.290435883142766
40.21050174029961,-92.63034199551596,20.75,20.461460261850085,19.801621942455554,20.290435883142766
40.19519739545532,-92.64786127576112,20.89,20.70307250249765,20.076413926173522,20.320039715243983
40.19010872126552,-92.6487550433512,20.86,20.52658632323147,20.078800675458144,20.373111187044497
40.18402940126191,-92.64153647317876,20.66,20.297569899333837,20.214455202721886,20.326277568476126
40.17865640783518,-92.6484488780225,20.84,20.351744942293394,20.46179783728188,20.996282753178654
40.17845701918964,-92.64929980223488,20.75,20.975980583031667,20.46754701397749,21.01664550578282
40.177779779405554,-92.60097260762402,19.95,19.362015693425093,19.488261765038896,19.811817882667608
40.0356072036869,-82.1976142890979,20.76,21.286487560738365,20.714808038434434,20.947653726264672
30.66238950424975,-98.0154450581802,20.55,20.93939169751704,20.47708220503016,20.56366818450695
38.18022663959815,-78.38832485953415,20.52,20.598140193420456,20.564273580473923,20.648571498534903
38.18022663959815,-78.38832485953415,20.585,20.598140193420456,20.743107829450615,20.682477597240013
37.16093729785787,-113.45884355117308,19.9,19.224046574593945,19.667449072148546,19.817772112903125
43.2832512,-72.482816,21.45,20.017279934824522,20.975313739027197,20.960755520693052
43.2832512,-72.482816,20.6,20.017279934824522,20.707198306317792,20.769297190983632
37.9981537105445,-105.69869561046096,22.14,20.770480470544896,21.186880057832717,21.115174077839047
41.49680217257099,-81.53891637591599,18.16,18.59887092050853,17.70760493217106,17.556721400274537
41.50198957479614,-81.4884104494353,18.26,18.41962998954722,18.096179307579593,18.26279453507661
40.0356072036869,-82.1976142890979,20.7,21.286487560738365,20.713332148135073,20.906119111682024
37.47798334706304,-94.25917647679026,20.23,19.55567335468006,20.273799319905212,20.08092937422008
37.5466834995055,-94.37069926540195,21.02,21.066240225702142,21.21503417773218,21.243553250458245
40.0356072036869,-82.1976142890979,20.63,21.286487560738365,20.739791709456185,20.895592580091044
41.508281348922914,-81.5999899065374,17.56,18.47066306899538,18.105333235451898,18.03723975433587
39.3762145,-77.154704,19.51,18.525986700423285,18.376799831646373,18.81930798099648
38.8874914855586,-119.81839609668714,21.14,20.830741122209748,21.006369485702542,20.96632559175456
41.4937076,-81.5500427,18.155,18.59887092050853,17.91849534392993,17.62697710889272
27.43008292117819,-112.52738746961428,21.646,20.567358464793585,21.35987470480024,21.360398259001897
38.54349614304387,-90.53365884922049,18.72,19.311344785053517,19.393089606072067,19.022300253075297
38.5465798040038,-90.53825972531952,18.77,19.216643457742556,19.14095990530928,18.999836800093373
38.55018128642663,-90.53921873814586,18.64,19.190457314310244,18.87595173695412,18.960026686477757
38.55312744693451,-90.54510081213942,19.75,19.087429930873284,18.75570595831964,18.959078994192954
38.88750541687042,-119.8183979173594,21.15,20.830741122209748,20.96185910747874,21.012848930686268
37.51669558503336,-94.39432633818735,20.74,20.99899565292064,21.237182208272465,21.193789208966113
37.9003168,-78.47130489999999,21.44,21.27125612420686,20.67227315740851,21.0255793358775
18.0021024,-66.6187469,18.1,18.519339556390555,17.94668076516879,17.931107958461677
17.9998997,-66.6200614,18.1,18.47066306899538,18.124987566635205,18.028996013615586
17.9975081,-66.6185987,17.3,18.472461156032022,18.340412419623302,18.18815746504209
18.0002469,-66.6177105,18.21,18.519339556390555,17.892660413293697,17.79669647994365
17.9992725,-66.6164915,18.15,18.47102593674077,18.175222073816073,18.064563581903244
18.0025133,-66.6167387,18.12,18.519339556390555,17.87291628589418,17.706552496793236
-26.769160972811427,152.86922758991423,21.16,20.290337773315002,20.895945620331336,21.025603556988052
40.4833749,-74.9461359,20.39,20.970567074720087,19.723844572060067,20.196855241565117
38.887508244766046,-119.81839698337696,21.13,20.830741122209748,20.984490794076677,20.981609950009897
41.21380841568496,-71.56844553010966,21.52,21.634962081738266,20.786450422267166,20.921736592041313
37.9003168,-78.47130489999999,21.44,21.27125612420686,20.65646467209727,21.03062795684934
33.9990179,-117.8204768,19.06,18.551354200538718,17.886237230772934,17.99321309536849
33.9990179,-117.8204768,18.02,18.551354200538718,17.661510713859894,17.54152927247813
27.32605905771139,-112.2482189485344,20.286,19.02684709060074,19.849871363219215,19.8853631660613
27.26268859261716,-112.30141718703632,21.296,20.45820279232358,20.860208935098168,21.37130107562345
27.194769318138075,-112.2127608166402,21.382,20.56417912296224,21.366714015146258,21.493926289677095
27.32541295298161,-112.2453810373338,20.512,19.30090787078077,20.00242351398839,20.217746778120016
39.48722337441181,8.45649969370798,21.38,20.333718955447797,20.88253095694709,21.056548861056825
38.54348407199039,-90.53367642707524,18.87,19.311344785053517,19.31875632946017,18.94422148454697
38.54658403708344,-90.53801584017398,18.69,19.216643457742556,19.057599538432655,18.91813810152885
29.871904,-98.631607,20.49,20.839823525975177,20.102093881932316,20.268786175364955
38.88751270825248,-119.81839815227406,21.15,20.830741122209748,20.905820747185093,20.92001872114747
34.75483420452209,-86.55969668552379,18.6,18.568720023124506,18.26894491255619,18.255548922865263
39.92007202845736,-93.9553274948614,20.85,19.413018281905856,20.337171685968524,20.73935885278247
40.21082096365296,-92.63048599051704,20.55,20.461460261850085,19.76438951935202,20.288209584249298
33.9990179,-117.8204768,19.01,18.551354200538718,17.783310575668096,17.983991700879677
-34.7940663,-54.9166698,20.01,18.60066564650451,17.682657746364452,18.810487225126504
-34.7941012,-54.9166337,20.01,18.60066564650451,17.67453364069408,18.75877287307196
-34.7524252,-55.7244803,18.9,18.8412855905786,18.280887441921944,18.854090248776775
37.371888,-78.26817199999999,21.43,21.192852092455443,21.122030604149845,21.02915337772742
37.371888,-78.26817199999999,21.44,21.192852092455443,20.95901543509422,20.99000863397805
37.36806754822295,-78.26920657309428,21.4,21.200530224587713,19.217073270598743,19.352215309382
-38.35303398622258,146.42965581895126,20.85,21.24096288839811,21.131713726376564,21.10697735597232
42.63532524502394,9.353083148365156,19.11,19.231166928047216,19.59068115272457,19.347726233011407
37.3873875,-122.0749424,18.8,18.484668071160694,18.092314033721742,17.276343372571606
40.035610115283845,-82.19761330308883,19.7,21.286487560738365,20.635037598596245,20.705308221667305
37.3873875,-122.0749424,18.78,18.484668071160694,18.12002116484367,17.460298457746656
37.3873875,-122.0749424,18.98,18.484668071160694,18.406709317145683,18.036138376765518
38.55025863773032,-90.5392605209505,18.86,19.190457314310244,18.884566101531842,19.07249602118898
13.10863,80.2060781,17.0189,18.38410780654917,18.238718508574635,17.671331343124145
40.03559244908534,-82.19763512335247,20.3,21.286487560738365,20.705394327908834,20.92013042559938
39.53540788997906,-95.06158521288872,20.74,21.05468514786963,20.380873516299772,20.422062857786397
38.886914,-119.818422,21.16,20.830741122209748,21.001135816767864,21.02386748075229
44.7043548,-76.29721130000001,21.64,21.49845720089329,21.27268342400289,21.510521426497583
44.7024726,-76.29542719999999,21.42,21.573036983500316,21.266841368084748,21.509978258930154
26.78474436652681,-111.86186110558104,21.65,20.965897934622916,21.35016356426512,21.49129638543227
26.76683526107597,-111.89029936577842,21.616,20.590521944624648,21.40859380965776,21.53873785212082
26.717981807666163,-111.9084008522152,21.606,20.72541314182643,21.427722671929395,21.536959916108188
26.63530653184361,-111.83271455701194,21.538,20.70513226652598,21.400589801663415,21.648391819875297
29.7971,-98.7013,20.82,18.95819076654552,18.9694381237747,19.076083326475246
38.887549,-119.81833466666669,21.12,20.830741122209748,20.867035065774527,21.045965933998414
32.0423016,-115.9224367,21.35,20.70816396358989,21.20547050978882,21.392344519427482
36.0591151,-112.1091934,21.65,20.85990458591266,21.127750850382036,21.444408925647764
37.99763883256383,-105.6991041797596,22.24,20.770480470544896,21.210302031122524,21.0739549665047
33.5185892,-86.8103567,18.5,18.59887092050853,18.08627303527596,18.199085285589117
45.60994,0.8252499999999999,21.68,21.20153273219151,21.196629184899535,21.543938822638406
38.88762275,-119.81836175,21.09,20.830741122209748,20.999197537832025,21.04971528037834
38.15030876515489,-80.7698725159617,21.35,21.209381112303067,21.105888036181845,21.213314337508226
37.99786151903599,-105.69891201116693,22.14,20.770480470544896,21.273831188481555,21.457028071524757
37.99801209842676,-105.69878827645428,19.14,20.770480470544896,21.273831188481555,21.457028071524757
38.887570375,-119.818343125,21.15,20.830741122209748,21.028455661190264,21.003152209736633
37.85546368271842,-122.25557559350406,18.26,18.55048278410373,18.372993274570568,18.182703335161712
33.4033662,-86.888375,21.69,18.74211532794771,18.55240791872858,18.6202546570135
-18.79559006543717,143.4226838128114,21.52,20.656814388646044,21.350627295846344,21.28667645562622
38.88828060837603,-119.81803953441748,21.19,20.830741122209748,21.025144029655948,21.090441645116588
-18.147742,144.3167,21.38,20.621857583629605,21.24218688993575,21.231039835767618
27.226355472528727,-112.21044339503293,21.38,20.138037109939013,20.911431707784526,21.29915145202466
27.43025062916353,-112.52753300929923,21.72,20.576296283861616,21.32859873775838,21.3644965890707
27.33959889428599,-112.26952106655426,19.38,18.575652540546965,18.609993124039196,19.39923010201016
42.2161251054059,-74.61984560780147,21.6,21.25815066286338,21.300913774308796,21.318937049065067
-16.91608585331752,145.77273270486077,17.04,18.704305415117258,18.988785409899986,19.120107988998093
38.8875832,-119.8183482,21.21,20.830741122209748,21.015799891246953,21.071032001702367
41.286603007181824,13.01716319677292,20.27,19.82223498448635,20.070227299621394,19.878006217070048
37.908683394543296,-79.79785741125828,21.44,21.489617767069454,21.264795296045534,21.37238428267307
38.95321768762258,-92.36957997253428,18.825,18.641667608489325,18.61779726816472,18.637684887971186
38.94290343193836,-92.32891921486237,17.795,18.559180347544352,18.082188397252043,18.366882704257268
38.94647293854114,-92.32877449163496,17.8625,18.559180347544352,18.063338945028644,18.38036355353194
38.94709306534203,-92.32630333521256,16.73375,18.548049252831824,17.887562016444466,18.262762065782002
38.87321243104847,-92.32568695250642,19.9075,19.75554783189849,19.722740207402047,19.958419762462782
38.86572192368259,-92.32158945780472,20.01125,19.833767155443237,19.818181942811677,19.944709284865915
38.86518114236987,-92.30511983433856,19.90625,19.94619389300994,19.7655920773804,19.94377841119227
37.99792887083078,-105.69889065638922,22.19,20.770480470544896,21.092040904709464,21.031369164557756
41.389920222731,-81.47706396207663,18.08,18.703592824220095,18.255643781146095,18.227871874548452
0.0,0.0,18.14,22.00064371900251,21.102933378260488,21.53081799696153
37.99798670047348,-105.6988148758978,22.14,20.770480470544896,21.189474060580352,21.446669102761287
38.88753160175013,-119.81830060640478,21.15,20.830741122209748,21.025144029655948,21.064973480792734
41.49286381847856,-81.55040989345608,18.26,18.59887092050853,18.032726461718582,17.641221931307054
37.997810625874365,-105.69897808147212,18.12,20.770480470544896,21.22630127338298,21.447653114481152
37.99782948926782,-105.69896058198846,22.12,20.770480470544896,21.21729350987802,21.451038868263982
39.1134952,-92.3275548,20.9,21.075228047022225,20.73449529495199,21.059897955777405
41.49689069131484,-81.53877716245034,17.95,18.59887092050853,17.699997844608156,17.41942145305836
23.88717525195685,-110.15185637911728,21.25,20.749293671564708,21.37885944324145,21.22740424127049
23.86107494564472,-110.1712488321334,19.182,20.979793168686303,21.370946825928335,21.22867015117565
24.003457848142908,-110.29223236423084,18.05,20.164545036394987,20.041942285180408,20.44771467545205
24.33566842926509,-110.31152724239004,21.1,20.97022033472276,21.37257300434157,21.40060958640237
40.03560844359114,-82.19761253132481,20.11,21.286487560738365,20.733921468234335,20.93232989118241
38.887570375,-119.818343125,21.1,20.830741122209748,20.905203458974,21.00052362533309
37.99820324467125,-105.6986694515096,22.02,20.770480470544896,21.18232009484236,21.395082641079664
37.998050341570256,-105.6987935459954,22.19,20.770480470544896,21.2611630312356,21.427824575053254
47.9732041,15.9738228,20.55,21.255808343826722,21.14720247355503,21.13452604262866
40.03558945089927,-82.19764470461163,20.7,21.286487560738365,20.754662551079527,20.893314099298227
34.1049468,-116.4631589,20.3,19.762913790984978,20.515730015682635,20.55439437804763
37.99783300741436,-105.69897082809312,22.15,20.770480470544896,21.267503752080934,21.42432742709441
38.88754823156884,-119.81831765872384,21.05,20.830741122209748,21.028458401546665,21.01851021310535
34.1050768,-116.4632394,20.03,19.762913790984978,20.537862303948536,20.594362941690274
40.03560574689023,-82.19760254995238,20.18,21.286487560738365,20.64053255789557,20.75664720018466
37.99795576617078,-105.69888359305668,22.16,20.770480470544896,21.258700880409684,21.463630778710744
38.88761883333333,-119.8183595,21.2,20.830741122209748,21.008909030921536,21.011729644258175
39.665701,-104.7906334,18.43,18.44659929866721,18.261233901673812,18.475291041206066
35.2828655,-106.718625,19.66,18.768509459233684,19.390359853577557,19.28887071895337
17.9921661,-66.6535665,18.59,18.499061125910632,18.395252375577307,18.273655147250484
18.0018113,-66.6191396,17.78,18.519339556390555,17.891594069485137,17.802302245934772
17.9999726,-66.6189573,17.76,18.47066306899538,18.101867283531465,18.083660897745734
17.9977013,-66.6183143,17.1,18.472461156032022,18.329520493215455,18.13128896157664
17.9989664,-66.6200281,17.72,18.47066306899538,18.359890553769404,18.064272441773106
17.9992491,-66.6164441,17.19,18.47102593674077,18.146289043532764,17.928009808448476
18.0024861,-66.6168289,17.61,18.519339556390555,17.75531835200654,17.601127955674713
41.31337533849968,2.069849856613688,17.7,18.416824372127977,19.360100577118093,17.62147299362979
37.99817550237713,-105.6987078690788,22.11,20.770480470544896,21.26418799113662,21.46664119816886
44.7673608,-76.2845253,20.4,21.393893808285398,20.726270407854027,21.036505307325505
45.0414114,-76.3215841,20.87,21.227899079136815,21.099029258941155,21.17937198833035
35.2828671,-106.7186426,19.76,18.768509459233684,19.42269946474223,19.29759844331202
35.2828769,-106.7186551,19.78,18.768509459233684,19.387739060910118,19.289112177718543
29.871806,-98.631509,20.71,20.839823525975177,20.26519102800994,20.48698927505058
38.887611,-119.818355,21.13,20.830741122209748,20.8815266128782,20.940261576863705
41.40196977889519,-81.7565381010947,17.16,18.6112224249266,18.090073252503004,17.58906950955441
17.9931654,-66.6536533,18.61,18.499061125910632,18.388780270633216,18.23467255209043
32.5686397,-96.9564156,16.07,18.782063046222824,18.288043479079317,18.250015040842072
42.7684119,-71.2965385,18.23,20.164018912603858,19.807130015775165,19.227067456507317
42.109641274463065,0.2589860921985876,21.1,20.821699904397057,21.11634102409544,21.301510263458894
41.8572074,2.5636934,20.79,21.2130942329046,20.687067228858883,20.786970116682518
41.8572074,2.5636934,20.84,21.2130942329046,20.696050274670934,20.766832253766296
41.8574084162742,2.563887375967111,20.81,21.2130942329046,20.650855767275495,20.758324209750953
-22.3814095,143.0473676,20.87,19.108804115566038,20.358257726282034,20.065374237594902
-22.3827201,143.0464707,20.92,19.014463751189012,20.365428270321335,20.207560000844502
-22.3849979,143.0462391,20.69,19.05498262284534,20.36880632976189,20.032508749289953
-22.3873005,143.0456554,20.55,19.04022439793043,20.375027971176035,20.170975230431786
-22.389633,143.0454725,20.45,19.054622503905193,20.355567428662987,20.032508749289953
-22.3904443,143.0453273,19.24,19.054622503905193,20.35183747673991,20.032508749289953
34.53190059855049,-82.49625080716814,16.9,18.882871576525382,17.674360851917314,18.408507129741775
48.0349076569655,-110.22856236841132,21.5,20.81293127880531,21.471504296854082,21.570033382908004
47.91022976657275,-110.4726940734325,21.6,20.812819166884154,21.412884954470886,21.501451397410523
40.03562890316269,-82.19757791891783,18.61,21.286487560738365,20.466423959066354,19.754243603248554
32.04859297831548,-115.92430041382016,21.38,20.684367077101452,21.32490500780074,21.53051576383875
40.0355996649622,-82.19758256523454,19.98,21.286487560738365,20.57695263722569,20.23725286787008
38.88749184380382,-119.81823982114469,21.17,20.830741122209748,21.02385613443274,21.025135262002404
38.8876178,-119.818363,21.07,20.830741122209748,21.026324260261564,20.984458564271968
40.03557796788834,-82.19759397457824,19.74,21.286487560738365,20.740825767393893,20.97645281486395
37.7231716,-90.4533846,19.84,20.318563748573357,20.283494168524633,20.32648082224399
37.7231716,-90.4533846,20.6,20.318563748573357,20.292130092700777,20.016240323955405
37.7231716,-90.4533846,19.5,20.318563748573357,20.344342706118063,19.86967598904149
25.81344235284485,-111.31003161375898,20.314,20.43054750414823,21.28660431002562,21.29871730138736
43.13477636499287,-5.635367614402105,21.27,21.209614060449656,20.90541284803082,21.21210441587269
38.887676,-119.818383,21.2,20.830741122209748,21.030486362141502,21.068745734976464
38.8876454,-119.81837109999998,21.11,20.830741122209748,21.033665016356537,21.118254679657138
27.328789098945457,-112.2625257113169,19.59,18.67241187599156,18.570647712387306,19.619438158445707
-27.379449,-70.3307733,18.46,18.519851606359804,18.172966034713912,18.283826513297907
-27.309497675471803,-70.04395342175803,20.65,20.565159288675787,21.254184324873446,21.301243316621576
49.6216247718803,12.198652268812015,21.04,20.95675659461608,20.77767257430583,21.04045297386788
49.679333130371845,12.169021208061933,19.69,18.84969445479513,19.781511927815846,19.4916733347109
38.88763425,-119.81836775,21.18,20.830741122209748,21.002563301489722,21.076602131196772
38.88764854481901,-119.8183709224794,18.18,20.830741122209748,21.002563301489722,21.076602131196772
24.00347034639396,-110.29226345149053,20.01,20.164545036394987,20.03981968777781,20.425966643076496
32.514115574017886,-110.89509020811916,20.4,19.251184905260793,19.477355116867166,19.739653665745777
40.17367226011289,-74.06831260112888,19.5,18.89142665428188,19.047030112024306,18.765851080474242
37.8897544,-78.8733658,20.42,19.5530400330793,20.225483429837126,20.61069197421589
24.33572197288781,-110.31114509896392,21.1,20.97022033472276,21.362013523099662,21.40060958640237
40.03552099948415,-82.19763804595702,20.75,21.286487560738365,20.74315897079722,20.962501464796926
39.6501135,-76.9926861,20.08,20.677151142226577,19.783908144933072,20.219037581983862
37.62445742808033,-79.55464107355047,21.11,21.31985107968242,21.200781475148123,21.404673779356795
38.88763425,-119.81836775,21.19,20.830741122209748,21.003453969234908,21.083689175667338
40.03559059916876,-82.19761637766783,20.5,21.286487560738365,20.761312214353147,20.99583167912392
31.5898783,-100.5431534,20.19,19.922119134705856,20.80603432032621,21.035068812345646
41.50818293691884,-81.59991744158187,17.58,18.47066306899538,18.08258726665565,17.8670285912317
36.251337,-81.4122005,20.74,21.370910429837828,20.775499736506685,21.097409584989332
-26.758517437196065,152.86408672891116,21.25,20.16735039005206,20.897840484887393,21.093336352473216
-26.759178791131426,152.86433374282635,21.1,20.16735039005206,20.79750266180107,20.960888113163676
-24.1128797,152.7140185,21.45,21.742564212225766,20.882236368450172,21.274736835787124
-24.1128797,152.7140185,21.48,21.742564212225766,20.779221703430363,21.263432801593986
51.27824461063934,-98.56145824306807,22.2,21.026536949698333,21.413102065132605,21.478685376802712
41.29969407036225,-106.1425094672793,21.9,20.6754547387558,21.203065169869273,21.542588184039033
0.0,0.0,20.14,22.00064371900251,21.01075809489191,21.33122386286709
51.27825523265757,-98.56146197775244,21.41,21.026536949698333,21.095543697819195,21.219275368416866
38.8876454,-119.81837109999998,21.2,20.830741122209748,21.009798127329454,21.040883541482344
51.278242402105136,-98.56144080489764,22.04,21.026536949698333,21.393826584862914,21.301413032125726
37.99832921470384,-105.6989137190196,22.12,20.770480470544896,21.315394902387656,21.466525980882263
27.33717762969101,-112.26920372807896,17.782,18.547529849549665,18.71271162761175,19.477981426454843
17.9918695,-66.6528583,18.83,18.495852345681197,18.463087043223002,18.483250295991237
44.9620902,-124.0159354,20.52,18.901927917556037,19.90770804938484,20.26382921798411
38.88763761681136,-119.81836766002364,21.08,20.830741122209748,21.023530538456516,21.05653591551807
35.099316004948534,-111.53672555938988,21.44,20.8267706892422,20.77781956578396,21.29354976440665
37.16098107436961,-113.45880300861792,19.75,19.224046574593945,19.667246865876084,19.74655579157254
35.2828623,-106.7186706,19.83,18.768509459233684,19.404950551070016,19.279423253128364
39.3762145,-77.154704,19.55,18.525986700423285,18.26511651356616,18.807867883067736
38.88761156799135,-119.81836013219788,21.15,20.830741122209748,21.036367657646448,21.029728175625543
41.49287517832768,-81.55033999546977,18.21,18.59887092050853,17.88187500277388,17.659511227398834
34.51618453229241,-117.43365060778802,19.11,18.97491380046455,19.347417365140082,19.460383182971515
41.4967767753469,-81.53861710865743,18.18,18.59887092050853,17.69664048807498,17.58076701259403
41.47872919560806,-81.49921259499695,18.24,18.612640174349224,18.40643436468148,18.249316678330466
41.50179905735059,-81.48831373129403,18.2,18.41962998954722,18.02554038150856,18.18049449247603
40.03560700748973,-82.19759937243298,19.95,21.286487560738365,20.61767775185353,20.710914677274218
38.88761156799135,-119.81836013219788,21.2,20.830741122209748,20.957897446098706,20.99431456192006
35.09935982187677,-111.5368666847921,21.42,20.8267706892422,20.77948806747331,21.290599808276728
37.2439936,-80.019445,19.44,18.79824826585953,18.924350152030208,18.791019348815013
33.3170155,-111.5971599,17.55,18.65947668328477,18.573730590700347,18.737302918851597
42.27486038,-85.77880859,17.5,20.707345116596898,20.192951094999327,19.83865888862427
26.2310525,-111.9979681,21.34,20.748491488827323,21.42639288240972,21.535489176835707
26.2682538,-111.9459414,21.39,20.86772878509745,21.4169074898318,21.4887588839968
26.2630945,-111.9638663,21.44,20.819413035840697,21.398620506419316,21.441243995806392
33.7649189475897,-118.40770793212133,18.32,18.976456791105527,19.060518100683613,18.871991090425393
40.035612854072,-82.19761008848218,18.75,21.286487560738365,19.66806987107222,19.926667798479542
32.2576648,-97.6946846,18.9,20.08929671424577,18.283608269090557,18.431092633324287
40.035574676270535,-82.19764324231049,18.06,21.286487560738365,18.723681575488968,19.2393856573281
47.41322546742904,-120.35208484766184,17.9,19.053257390876535,18.651419080024066,19.006357922150087
40.03560111843268,-82.19761358438231,18.61,21.286487560738365,18.778430411973975,19.379384654644266
47.41323626137924,-120.35187930595109,18.01,19.053257390876535,18.660685107004525,19.157207361183907
43.5271230504963,-114.31800788774746,20.8,19.306877879919018,19.748622988804506,19.4925944081369
43.52707483822399,-114.31792978563156,20.6,19.306877879919018,19.675791838410774,19.53397909792794
43.527155990060194,-114.31799547736996,20.4,19.306877879919018,20.550223581884957,20.94062220083306
40.6917331,-80.0625592,19.7,18.788388308781034,18.45880362559925,18.386388423583256
40.6917331,-80.0625592,19.9,18.788388308781034,18.730114008487813,18.73617950079324
40.6917331,-80.0625592,19.8,18.788388308781034,18.541343110709928,18.587016148856513
40.69186461583045,-80.06325722849415,19.9,18.788388308781034,17.90370611227046,17.931631009614236
40.6917331,-80.0625592,19.9,18.788388308781034,17.993480461659303,17.999122966105467
47.16994612279751,-122.28850535734328,18.6,18.545600084958295,18.625786430842222,19.074978323298375
47.1853785,-122.2928974,18.5,18.480746420002983,18.652657512647778,18.370346354704267
36.1339942,-120.2403979,17.15,18.75038593700187,18.588074678469837,19.12397825569818
36.137302,-120.356842,16.09,18.576546866951492,18.682254091433773,19.078640609953215
42.449464584573526,-72.67870879317758,21.07,21.444979731538282,20.352712081369738,20.53488132984522
38.88734310573902,-119.81828348753317,21.06,20.830741122209748,20.930594820767755,21.011504626948817
35.5820319,-80.8140473,18.5,18.5705399740076,18.158931707955407,17.82869785872348
32.56857166881767,-96.9561046234001,18.35,18.782063046222824,18.335039842973828,18.329569408437806
32.5686442,-96.9563964,18.32,18.782063046222824,18.361377073275463,18.226488184878008
38.7979786,-77.1147773,17.25,18.4026634810676,18.234533853194208,16.953101492015886
-26.795692658608413,152.9956636927144,20.68,20.919691159287044,20.637239439868512,20.660407258642213
-26.80854886244798,152.9683440746116,20.22,19.09565168851213,19.855821489940023,20.225735138780582
-26.785845742158845,152.9206567717266,20.99,20.86538556926592,20.900740038486077,20.992167154967557
-26.7313709,152.9019655,21.01,21.030197949045082,20.943497915135985,20.940842542487818
-26.691772918375104,152.8925379676028,21.04,20.96053808461943,20.974620337618543,21.022682263884644
-26.65210577149301,152.87744774546982,21.02,20.868081455801825,21.028781988546594,21.256186933866257
-26.62884216153188,152.861956431837,20.98,20.41739249936055,20.954418035548105,21.30087296821034
-26.649627264247336,152.81198130106367,21.31,20.875268086705166,21.191814040822933,21.31059246059486
-26.63041667445001,152.76778792246273,21.31,20.87275465491058,21.173739533667522,21.269827466378914
-26.5878355,152.7363909,21.36,20.813078770564456,21.277390044142084,21.27657539751863
-26.5992101,152.7268773,21.22,20.776628885390057,21.17580340596399,21.29058493223868
-26.6245446,152.689283,21.47,20.9618364936024,21.23984607973143,21.28958138414382
-26.6785203,152.6955846,21.41,20.905770177696972,21.169746410946335,21.24410553806015
-26.71221498677739,152.70117831601672,21.37,20.727047552201086,21.135428090190008,21.241875638373813
-26.727760772166263,152.76314485434804,21.32,20.911169141469966,21.099221160447964,21.246234122559436
-26.6840436597605,152.76008409388382,21.36,20.87327783089144,21.069757625107982,21.305012549120065
-26.688032465470755,152.804670902883,21.25,20.94682146992474,20.88668290361123,21.16666120058389
-26.725949142823023,152.82392206834004,21.15,20.8211944482826,20.865116857014986,21.067055086720217
-26.7603083,152.8098306,21.13,20.8896066826156,20.770943556319857,20.87843167921436
-26.75976379081067,152.86398619165186,20.94,20.167688033012585,20.64856557806852,20.89376514126667
38.887406353599694,-119.81830147886411,21.13,20.830741122209748,21.0388365799639,21.046079554454515
32.30208028605378,-110.87949244781908,19.05,18.747527022185594,18.520515928231063,18.812876580759998
38.34166635824637,-76.52583718299866,19.22,19.87233220544094,19.951844461504656,19.468762838779533
29.2750867,82.1873926,21.22,21.001512244078146,21.55648316449144,21.572389577496327
46.75700949883736,8.069867871306723,21.49,21.217512796645156,21.041766889570198,21.18764583214941
46.757264193558825,8.066129804447835,21.5,21.208930247421094,21.034649105576094,21.151007412041725
-37.7986985,144.9602156,17.2,18.47066306899538,18.26140060950654,17.940342645506508
43.8903251,-72.19755339999999,20.75,21.46011175226611,20.897863058661166,21.22009767766548
43.13468250382648,-5.635633636959227,21.37,21.217491633507475,20.854819969933395,21.15960045959303
43.13601455891577,-5.633991039762567,21.34,21.217519222172818,20.917570288133103,21.325230182394673
42.796664853485694,-5.988321809615576,21.61,21.078864501591347,21.396285693439637,21.436007728401773
29.5566358,-98.4997518,21.6,18.563189146913974,18.151793030955506,18.148545158746913
40.008662,-105.2734508,18.5,18.434679294084784,18.362752465953076,18.56890727318229
0.0,0.0,21.2,22.00064371900251,21.039390820173864,21.44200242788289
46.75794956628437,8.072849578252272,21.53,21.234745490119344,21.288592987347442,21.25280320101534
36.1526631,-81.7064803,20.84,20.445641572676795,20.18680344839409,20.51871071326338
38.9764364,-76.489642,19.06,18.39607624350661,18.826275229772527,18.1529567005176
-37.98235601256613,145.03547728332194,16.26,18.94954844798625,18.1294405729785,18.07308161633764
38.8873286380466,-119.81827945962335,21.21,20.830741122209748,21.05307243794531,21.230645020505467
50.71006248953893,4.687699265072656,20.41,20.271071173501017,19.646682045194883,19.992008832657344
32.6104016740394,-110.79739935291283,20.92,19.52539402508491,20.36821317259571,20.284510527853826
33.89942186619454,-84.52498519390537,17.31,18.471772133163444,18.17002350010919,17.680461705189035
40.03559735783927,-82.1975890517717,20.12,21.286487560738365,20.708878780605733,20.99279932692514
39.3762145,-77.154704,19.29,18.525986700423285,18.401842210887303,18.86806769199375
29.7800541,81.9494422,21.82,20.978459052906246,21.511098508213855,21.79485924922541
31.7939856,35.2449217,18.34,18.47066306899538,18.22814327916304,17.765366902696606
-27.469192649202363,153.06745567899716,19.19,18.606540375953614,18.730842686821685,18.33622826640123
47.8070571,-120.7265714,21.57,21.8113805515715,21.301977224310214,21.512846397812286
47.55867118630026,-120.6728817037557,21.05,21.17054858541195,20.87534432195983,21.104912774751174
40.03559860409048,-82.19759136016941,20.59,21.286487560738365,20.682490383755024,20.977837639584614
37.2088238,-77.4354503,18.91,18.7718697511337,18.86401510413887,18.790439492674775
40.8960161,-74.0817666,17.42,18.59949028383076,17.91534645250053,17.700547998534077
51.45883926022812,7.243273302977458,19.24,18.698858775969136,18.9742579325136,19.22116361292695
31.735587,35.18838,18.6,18.47267751517097,18.464413565364147,17.888398569883027
36.2514451,-81.41213379999999,21.05,21.370910429837828,21.03826630759909,21.343641402534878
41.49278781922844,-81.5504746551561,18.13,18.59887092050853,18.251500582561615,17.85989183017004
32.60943984019513,-110.73354338985138,21.21,20.757317631712773,20.70483217843711,20.824610600824077
41.50706291493503,-81.58701026296451,17.85,18.47066306899538,18.081992157881015,18.11771131877919
40.035618485865015,-82.19759289614552,20.54,21.286487560738365,20.711559896497906,20.986816175739644
53.060700859684346,17.681068399839077,21.1,20.965547965237803,21.136951814517897,21.505243233350786
51.45883838521473,7.243271950902166,19.35,18.698858775969136,19.004463494358475,19.32752049645912
51.45884604758746,7.243259476804771,19.27,18.698858775969136,18.99419658043906,19.221312009223386
51.45883643538148,7.243275740355717,19.16,18.698858775969136,18.943297748628357,19.114077875598436
29.4413532,80.6349234,21.65,21.404995772498847,21.344945461452326,21.60300043546294
41.857376956563975,2.563910462496,21.05,21.2130942329046,20.751991123852605,20.778986392270898
41.85745068858483,2.563741500302404,21.01,21.2130942329046,20.722462896470994,20.762858265863766
41.85750264238425,2.563858135783077,20.95,21.222465568403017,20.63348690246859,20.689418575049864
41.85744896302072,2.563881239925996,20.89,21.2130942329046,20.65279964562656,20.676768744934712
17.9922568,-66.6527813,19.08,18.495852345681197,18.831527631214065,18.545197816497776
38.45855430234506,-90.30376027206884,17.01,18.62347215778816,17.65568485248813,17.365432389958663
29.6678732,80.5447088,21.27,21.038209701639985,21.44134926340332,21.57954794663736
-41.1632622,175.6156954,21.26,21.046942967688445,21.115157036746897,21.028773200026755
39.3762145,-77.154704,19.19,18.525986700423285,18.40354704637283,18.795879825682306
42.4707648,-72.93514669999999,21.14,21.428922745511258,20.666314765900903,20.801183516626168
45.37765240551783,-71.90810816263223,18.57,18.57871068672562,18.754923847073545,19.13976247482602
38.88773,-119.818394,21.21,20.830741122209748,21.05632281159491,21.1039027265941
33.33687080454538,-111.4255737079972,20.04,19.67702049627114,19.9840735283675,20.213309453267126
40.03562097260564,-82.19758817033846,19.68,21.286487560738365,20.71568278964204,20.92630877271747
29.871838,-98.631548,20.57,20.839823525975177,20.318250048167616,20.36285883568533
-37.7645012,145.7510159,20.91,21.405665230953616,20.97027770726037,21.00150832017624
-37.8137271,145.5081658,19.7,21.053896574255596,20.68058898512659,20.443835510467604
-37.9974681,145.2565688,18.05,18.609869557425192,18.478274409834093,18.194687019506183
32.61057504455081,-110.79695110955628,20.87,19.52539402508491,20.38138817842784,20.253577793894316
40.03582816341023,-82.19746683635194,19.51,21.286487560738365,20.512566838206336,20.804424135933644
40.18373373551016,-92.58015331695924,19.375,18.570985466086565,18.560989902849954,18.284800661685605
40.187810284306,-92.585498009448,19.16375,18.589783524463073,18.082732283027152,18.40196650624443
40.18810735102656,-92.5632028085783,19.4675,18.691490017841428,18.69263966845127,18.967643262303326
40.21686622563396,-92.58075223293945,16.33625,18.65062277030085,18.66254089373755,19.0810591843397
40.1970685103686,-92.59227550430498,19.44875,18.68117516173398,18.699887767061345,18.993690179733566
40.17773028619799,-92.6007941344221,20.0125,19.362015693425093,19.48499000987412,19.637674579282375
27.867033,83.5431312,20.28,19.045093511590466,20.36330456638413,20.408807484251092
38.95283462475059,-92.36946274585095,18.64,18.641667608489325,18.59707055066507,18.575551699487825
38.88087226646597,-92.3331856034926,19.56,19.35898579411341,19.83826680764081,19.717731171563315
38.873167362880125,-92.3256564061422,19.74,19.75554783189849,19.711824469774992,20.057002543067654
38.86567963495554,-92.32163713182584,19.92,19.833767155443237,19.8227550657321,20.04710612417948
38.8651563490469,-92.3051593091228,19.89,19.94619389300994,19.790418531184436,20.043337982790582
37.16094,-113.45881,19.94,19.224046574593945,19.623246109090537,19.745730142703447
38.9542686,-91.7269137,20.98,21.109452427935082,21.045155851789517,21.16632046100427
39.26125259069562,-86.36837325580505,20.71,21.44230761826783,20.81205233042749,20.742299383595178
40.21082259990114,-92.63048718660394,20.71,20.461460261850085,19.729865403248358,20.23953272252211
40.21050571552537,-92.63033398538634,20.69,20.461460261850085,19.719167258905497,20.231936845994117
40.18422563798086,-92.64152495915252,20.69,20.297569899333837,20.136833752677234,20.236324582350587
40.17990002337848,-92.6467435864342,20.84,20.23431472627843,20.374493482276424,20.924250628614747
40.17837891724728,-92.65182809036048,20.9,20.987643680445313,20.375058985560376,20.972078038728075
40.19002608523184,-92.64888293055934,20.84,20.52658632323147,20.002466835242988,20.293712682555675
40.191918066162685,-92.64911093748611,20.84,20.852536083354238,20.00628725669893,20.328070700404805
40.19510886394795,-92.64774034704058,20.83,20.70307250249765,20.007694662957455,20.300975407837754
40.199176933882825,-92.59121826476692,19.54,18.67489353992736,18.764337511595507,18.96861026153198
40.18754243491517,-92.58520202627471,18.95,18.589783524463073,18.076322432062796,18.417242025721976
39.665701,-104.7906334,18.46,18.44659929866721,18.292442790653773,18.43098338214773
40.17774546569248,-92.60093276490402,20.08,19.362015693425093,19.47236549403559,19.57740577855177
41.50197255766841,-81.48897526383185,17.88,18.416200131651056,18.193930008502008,17.678750422098894
41.41366102128996,-81.46613073474391,18.07,18.813146094778883,19.16266661834988,18.71801751998369
37.16099170472104,-113.45879589871244,19.88,19.224046574593945,19.67963162442369,19.596942661589466
37.3210974,-89.5241717,16.27625,18.651158515575144,18.37117037344906,18.484202602257785
37.3203174,-89.5238059,16.30625,18.641203842693535,18.556726624525858,18.662304642821493
37.3149853,-89.5285306,16.29,18.60702994339754,18.354716916707158,18.30116923766866
37.3134104,-89.53107609999999,16.2325,18.601647558583867,18.033488404075477,18.17281514940913
37.3163231,-89.5297604,16.2175,18.613368033087404,18.387532557093287,18.345772622914087
37.3210974,-89.5241717,17.66125,18.651158515575144,18.356825143804127,18.525932725018905
37.3203174,-89.5238059,17.2475,18.641203842693535,18.53458805939333,18.700695652904752
37.3149853,-89.5285306,16.705,18.60702994339754,18.36502511278595,18.337211983660524
37.3134104,-89.53107609999999,16.69,18.601647558583867,17.991108682542453,18.24945816071919
37.3155321,-89.5303881,16.21125,18.613368033087404,18.38685888510768,18.396573855905242
37.3163231,-89.5297604,16.6725,18.613368033087404,18.375217988131972,18.42655426763535
37.3210974,-89.5241717,18.75125,18.651158515575144,18.574189426999254,18.676937170706488
37.3203174,-89.5238059,18.5475,18.641203842693535,18.540319751951557,18.674201628697382
37.3149853,-89.5285306,18.18,18.60702994339754,18.61529928781765,18.48652052118554
37.3134104,-89.53107609999999,18.2525,18.601647558583867,18.079812086291234,18.3851324354021
37.3155321,-89.5303881,16.57125,18.613368033087404,18.606129264651283,18.55669623202925
37.3163231,-89.5297604,17.7675,18.613368033087404,18.596587399421605,18.55534633209921
27.5545296,84.7372191,20.78,20.957858591643763,20.718774402519784,21.116438902261372
38.88806,-119.818529,21.14,20.830741122209748,21.033570470471837,21.057262550564495
33.42308552313989,-111.93855028385003,17.87,18.519339556390555,17.82671880254326,17.655246397268225
32.610427718465175,-110.79702922399048,21.01,19.52539402508491,20.327630068251686,20.29133929926944
33.37850954473951,-111.95465798819342,19.5,18.519339556390555,17.577640370661225,17.514357911532464
35.2828597,-106.7187659,19.73,18.768509459233684,19.381967113093843,19.29868280524059
33.37850115226693,-111.95477810017994,19.5,18.519339556390555,17.583870648439003,17.52757481974468
33.378749847831266,-111.95472515713573,19.5,18.519339556390555,17.585468148439002,17.451179781340347
42.56994503275178,-71.36799787662898,19.94,19.475996026558484,19.042851326896155,19.473828978113936
46.882521748011605,7.039743690940421,20.59,19.263567329268785,19.970118740473975,20.38055509887322
-25.810029910129906,153.54496746889362,20.41,21.713948588132446,20.882489466111082,21.464324325578122
32.610455641279884,-110.79711355638432,20.84,19.52539402508491,20.30414603656041,20.230575111256364
0.0,0.0,17.81,22.00064371900251,20.45950829440176,19.818768116218937
0.0,0.0,17.81,22.00064371900251,20.47830545349267,20.43665469088076
38.88806,-119.818529,21.08,20.830741122209748,20.75801571623517,20.86015563753108
27.19556009827623,-112.21233061593246,21.104,20.568720823601765,21.302526384108656,21.430174376491443
26.98842382407556,-112.06066635017037,21.19,20.51359205617791,21.376497747562468,21.431341231822802
26.88590913202975,-111.98707269247517,20.524,18.791322939610872,19.905231846333745,20.182286230665113
26.902044222923827,-111.9559402754767,20.88,19.35860375182659,20.344581157147584,21.105502890922605
27.195556851096203,-112.21232242707327,21.12,20.568720823601765,21.293405285994336,21.425111538981803
38.0514553,-78.4999563,17.5,18.635805440173428,18.40515947144043,18.49773038085024
36.1360708,-81.6445311,20.57,20.027783459337698,20.152015426336206,20.070037734516216
36.1360708,-81.6445311,20.63,20.027783459337698,20.1531206894941,20.068117193501134
36.1360708,-81.6445311,20.63,20.027783459337698,20.150262118065527,20.068117193501134
-31.979085,116.1583305,20.17,21.3243569917711,20.37837315564389,20.374730569947346
-31.9727352,116.1004512,19.4,20.65494530003291,19.684802043919536,19.9951840658087
41.50820907449193,-81.59999989626796,17.54,18.47066306899538,17.732858877293133,17.819437537403314
26.803563954977832,-80.23775003943787,18.9,18.93387257916508,18.841347850999547,19.182831575604354
40.03562847308667,-82.19761175063688,20.47,21.286487560738365,20.65569100920593,20.88609168343126
37.161053,-113.458778,19.75,19.224046574593945,19.625451786572857,19.649376231842187
47.61626829999999,-122.0355736,18.64,18.853069080160015,18.914466976316813,18.47138087067127
36.1626638,-86.7816016,18.1354,18.38410780654917,17.660352957671368,16.889146887057073
40.03561718564849,-82.19760776886302,18.6,21.286487560738365,20.301908106055336,20.17855246149006
25.860648314629085,-111.54426035223658,21.038,19.847430940573208,21.119651011742995,21.193738315338635
25.86069367859789,-111.54425625776392,21.01,19.847430940573208,21.134366253821536,21.278587141756397
40.035612253848285,-82.1975998088853,17.92,21.286487560738365,17.814931789552105,19.242532484504704
30.0626073,-81.85950240000001,18.5,18.85599054229681,18.01164602132671,18.191908275711512
27.429989445834387,-112.5268186182092,21.25,20.567358464793585,21.43210316281482,21.499212694729206
27.92690952124165,-113.93819988677986,21.48,20.388989896999433,21.22686094204344,21.18246210169971
27.99962326333369,-114.087525041641,21.124,19.570497723142903,20.09650691029256,20.679305188148476
27.973776974123226,-114.08010772196798,20.86,19.929572776955712,19.836063390692246,20.37101034372119
27.1924203,86.6233947,21.06,20.90306970431522,21.386843600621074,21.10801449239505
36.1626638,-86.7816016,19.18365,18.38410780654917,17.693225761930684,16.6040627748415
27.601821,86.7139704,22.06,21.27651756973417,21.437740052860658,21.604688304981234
30.77875391844903,-95.39762004704568,20.55,21.064300428911764,20.438472825789106,20.60500959692585
30.840306083482083,-95.40727354992386,20.42,19.58126551625431,20.56697702566812,20.74143287158053
30.847627610150106,-95.40764159530175,19.78,19.224632340493,20.153745956942565,20.139851988817036
30.6993932,-95.4461346,19.78,19.922210572298088,20.11265792851653,20.299809825352085
30.8529664,-95.4035523,20.37,19.255480542695306,20.11087423250747,20.1281026464355
-34.4272905,-72.045408,18.55,21.06591357141181,19.772051947257435,19.30609228852082
36.1626638,-86.7816016,18.78153,18.38410780654917,17.68675191304346,16.947842193730985
27.333961,86.2899037,21.38,20.909481541599,21.369228378424488,21.504685477377596
30.6975958,-95.5512382,20.55,18.428273988909183,18.555379459019203,18.238355303329488
30.6975958,-95.5512382,20.42,18.428273988909183,18.549435193281372,18.20879682001142
27.333961,86.2899037,19.77,20.909481541599,20.20524174424095,20.144003133624526
54.4797358,-6.228553,19.96,19.369530624817823,20.510635532794367,20.636291574417903
36.064860491288606,-112.12155773027835,21.48,20.655690775704823,20.733037972278638,21.177330182314876
36.0617153,-112.1077222,21.53,20.846389423390647,21.462884676287846,21.79909816793719
36.06491083906948,-112.1226045491322,21.38,20.655690775704823,20.869262788391243,21.242484558790878
36.05619500445745,-112.11469002431456,21.33,20.851685392415163,20.643736476851274,20.990029518440757
43.75337358189756,-91.18201605555876,20.3,19.736119828998604,20.17028203774787,20.406550858572746
23.064886460655075,-109.74543379038664,19.8,19.694645824697176,19.720979354136354,20.24502279461552
23.05394933813252,-110.09459623748924,21.06,20.660827077999325,21.3280321607833,21.151963915427576
23.22425660916556,-110.14374066383046,21.18,20.77972304133425,21.300248615876637,21.159505800199856
23.317036731356584,-109.72600908086666,21.03,20.705603963073713,20.966508971450725,21.030222973842818
23.44776676015851,-109.70359558708564,21.17,20.530629865019755,20.919113050443478,21.13627740847725
23.5586217441975,-109.6762869200808,20.67,20.347989101729446,20.37446606688508,20.846178117683717
23.692529924663187,-109.70122684582228,19.67,19.181693205751287,20.352641401808672,20.207490298196678
23.54981874855536,-109.81728461581056,21.2,20.823407176533504,21.250018048407824,21.220390888953876
40.18526504206955,-92.55771346788455,19.43,18.85436085425899,19.726437048347304,19.671369169226082
40.19939447908338,-92.59133787984788,19.62,18.67489353992736,18.940753910741588,19.074382148471365
43.134803689608304,-5.635222807132689,21.43,21.209614060449656,20.86182138520439,21.163927872559675
39.3762145,-77.154704,17.9,18.525986700423285,18.09136777656651,17.510191123227948
29.87191,-98.63163,20.48,20.839823525975177,20.335476961809587,20.351404816118205
23.80158223924264,-110.10704645757676,20.69,19.741715309610086,20.426127725614197,21.21267654645565
23.80344959181124,-110.05702913493208,20.88,19.71507244265633,20.430825090491183,21.135482390374843
23.836368084219263,-110.0515449620714,21.11,20.85318296441475,21.344355092473,21.293877006808874
24.01996372051136,-110.11279315792652,20.84,20.567338322266625,21.052722243655502,21.39156719120641
23.550945826290185,-109.98315157303954,21.36,20.976598673055484,21.12195729617472,21.057900325102004
23.551084205547376,-109.98240782273108,21.24,20.965960997399478,21.17083558708722,21.23500494592442
23.551036035224705,-109.98246405719324,21.24,20.965960997399478,21.15974448756401,21.186502000533864
27.19554461169957,-112.21235313901911,21.366,20.568720823601765,21.276737416245847,21.48510873597418
27.226481983733034,-112.20882296769236,21.286,20.40435155407259,20.887823516455374,21.337063981586898
27.42989251609676,-112.52501360929512,21.442,20.555558678172314,21.24111232688042,21.20699527836866
27.19555226889415,-112.21236424569392,21.12,20.568720823601765,21.280132825471068,21.37774237033784
26.760307302826547,-113.63070738301634,21.24,20.402992817283465,21.08773755815414,21.24524354885125
26.80838578251832,-113.7207332974705,21.266,20.221130886537555,20.9264465141652,20.917560757779093
27.001764744580093,-113.44009525406886,21.362,20.352742498911716,20.999223050449483,21.1819080373872
17.9916094,-66.6529236,18.74,18.495852345681197,18.71254785077396,18.443284363987672
40.1759598470356,-92.60075509161835,20.01,19.39705548920048,19.429202369366138,19.5404748377612
40.17777396450368,-92.60098022898276,19.94,19.362015693425093,19.435770953102665,19.530386239327303
17.9909308,-66.6546841,18.82,18.50248862808641,18.6474418254045,18.451726815457164
27.3284761372114,-113.11702997685792,21.31,20.551087771725147,21.216250663489653,21.14242558039213
27.42677221875637,-112.52520312520606,21.116,20.551134939671805,21.164567191444306,21.010795705674862
27.059951212024025,-112.23684064350576,21.112,20.59257482340599,21.247203887416468,21.31948798837913
38.73844769999999,-77.1849816,19.63,18.39431062884137,18.136526180983346,17.481606902696715
47.9424274,-110.5246608,21.5,20.80371663400342,21.336274102204374,21.23061449456773
27.46303253180076,-81.2451927595443,20.85,20.789417867662113,20.644348923696658,20.667242000652692
38.73844769999999,-77.1849816,19.97,18.39431062884137,18.743607787015506,17.874552512806567
44.3839318,-68.020062,21.84,21.499021756696596,21.018849233899893,21.336657856872357
39.3762145,-77.154704,19.12,18.525986700423285,18.278306733400097,18.803900395920124
51.45884000548247,7.243280031011987,19.17,18.698858775969136,19.03033700365317,19.244113171078805
51.45884430559659,7.243279114397083,19.15,18.698858775969136,19.02814920603412,19.09703973073947
49.398069163660026,11.740334686196809,20.97,21.25519222324256,21.152113805851453,21.102137892797426
51.45884686893046,7.243275140562821,19.03,18.698858775969136,19.016653538947264,19.09906859509787
51.912799657392206,-8.4518829663793,19.03,18.49050858091578,18.33702361328497,18.423456887912728
51.91316652590131,-8.45516542889186,18.63,18.483996359898008,18.302683239022578,18.3174976540425
51.912690367816246,-8.454075963087009,18.96,18.483996359898008,18.288514008253344,18.3174976540425
51.912650771737546,-8.453501988520413,18.92,18.483996359898008,18.2842384375083,18.3174976540425
51.9125265093386,-8.451903027603562,18.98,18.49050858091578,18.332067587983353,18.423456887912728
51.458834633660665,7.243269574410243,18.82,18.698858775969136,18.97768686783594,19.068138738417602
51.9121472604505,-8.450990974461732,18.8,18.48646584680753,18.328720820455743,18.327352830003903
51.88272756846057,-8.529204028635705,18.86,18.557557679947635,18.440146391785134,18.231872884378756
51.4588534599152,7.243286408950604,18.65,18.698858775969136,18.895452303549845,19.08343394435545
39.665701,-104.7906334,18.5,18.44659929866721,18.40455580513942,18.497776973920743
32.23272679834978,-110.9683286411906,17.61,18.47066306899538,18.290820571820163,17.731345791135855
23.872655,-110.1975191,20.94,20.283349662192897,21.15209067137791,21.085260365910763
41.50830507813122,-81.59988068888617,17.59,18.47066306899538,17.914418841753907,17.753899550665704
36.585472,-76.1921536,20.23,20.269561928193532,19.954857957705215,20.04702121020776
38.73844769999999,-77.1849816,19.97,18.39431062884137,18.63183227799648,17.830046404052403
27.42818343926592,-82.43186703904546,18.2,18.552089751247138,18.521960326653996,18.318074570346234
39.3762145,-77.154704,19.25,18.525986700423285,18.24103033417125,18.667581327072902
38.8876336,-119.8204676,21.13,20.84034766826004,21.061548039732642,21.27957241724405
37.16109483304669,-113.4581123697563,19.92,19.163868959274794,19.60270320042193,19.55452763919748
39.665701,-104.7906334,18.43,18.44659929866721,18.315422574727844,18.428301055561036
33.33415925085963,-111.42503640089724,19.92,19.776820018662548,20.014825023462066,20.106706617688953
44.00566720742416,-92.55721432127542,21.09,20.11600474736667,19.617734582146166,18.90505720623498
35.2828872,-106.7187111,19.7,18.768509459233684,19.426019230757728,19.26602298055313
44.00566720742416,-92.55721432127542,21.11,20.11600474736667,19.57692864634119,18.617725349873886
44.00550875782248,-92.5573046075708,21.52,20.11600474736667,19.65629080158883,19.63465189236667
44.00549690917668,-92.5572967828513,21.49,20.12922331218242,19.629418417491824,19.343620449932054
35.7841869244065,-78.67093713608962,16.5,18.547359684395087,19.54396594212371,17.583011304720436
30.70629156156997,-95.48199560568848,19.37,19.94360825916177,20.093577145640804,20.346257812494756
30.765181308982463,-95.5041949501535,19.74,19.726568039196057,19.900304131483352,19.966397019115618
30.79838158030004,-95.45725195086736,18.82,19.066795855172003,20.0185448801515,20.11208644010197
30.810949135598754,-95.43418043509396,20.37,19.948871551563542,20.311362865934882,20.50790927319549
44.018684060253086,-92.5047092728974,20.22,18.588508297190625,18.295603325826356,18.798359608828548
38.88788,-119.81844633333333,21.15,20.830741122209748,21.06170956558484,21.15266961630638
37.16108172385041,-113.45809538287884,19.94,19.163868959274794,19.588739909197287,19.71002870580835
35.7971,-78.7051,16.3,18.553884039749818,19.863639280078086,18.603551505499052
35.79810225602432,-78.71028997689922,17.1,18.5499520200943,19.118725285871566,18.085554433917334
32.610734032514905,-110.7970011899958,20.97,19.52539402508491,20.34463511901502,20.174067756925766
37.1610917851795,-113.45809281934878,19.64,19.163868959274794,19.551134198983,19.671214752514235
31.960828444412563,-111.59947222002496,20.77,20.856524721717648,21.148959371737046,21.263496991465313
40.210770552484135,-92.63048029724742,20.59,20.461460261850085,19.777849549673512,20.195994323625374
40.21050817157183,-92.63032875243807,20.59,20.461460261850085,19.729094902354454,20.20790466381153
40.19189571180087,-92.6491464995932,20.72,20.852536083354238,20.031152526467295,20.30321855137195
40.18826719555212,-92.64128352357729,20.67,20.365314512629393,20.4598947353174,20.206155234408484
40.18404000234925,-92.6415489131156,20.55,20.297569899333837,20.157737592232703,20.196504592106656
40.17970549556164,-92.64665016346476,20.68,20.23431472627843,20.378534893176308,20.868101101941495
40.178387075011656,-92.65182001102094,20.72,20.987643680445313,20.37082946841847,20.924191423124263
40.19009387287629,-92.64871293054117,20.55,20.52658632323147,20.04925966006048,20.252680204836082
39.6471031,-76.9874394,20.12,20.651907105662428,20.23160871627202,20.45940311725605
47.61018835000599,20.728158407369644,20.74,19.96804126814868,20.432013385908185,20.72050924780786
47.60863003091745,20.722094628316324,20.67,19.949484907509703,20.432132662624017,20.59840244350795
47.60585695534747,20.71683354593973,20.64,20.547358703407166,20.61831689328329,20.763147343955204
47.60251693006133,20.714280662502688,20.76,20.734957298830025,20.324421773157052,20.28212424927225
41.492683667082986,-81.55024689266601,18.04,18.59887092050853,17.838049436286095,17.614630207169174
41.510328884476266,-81.69722461092827,17.4,18.596938467790423,18.624901351328514,18.56002999633971
46.80996639461977,6.0733317499861,21.43,21.00987798941627,21.17545140002981,21.31804988258391
32.51419331873135,-110.89508373995132,20.49,19.251184905260793,19.48986175919876,19.670997734885606
33.59419265813383,-112.13263064082376,17.77,18.385110237084664,17.889739195005028,18.008207817091886
35.78148392167118,-78.66339529727665,16.54,18.547359684395087,19.85279095799079,18.391862287704175
38.78687243836254,-77.17984769423866,18.3,18.387038762977973,17.962753820693152,16.697741397588963
29.871807,-98.631523,20.46,20.839823525975177,20.216644256800745,20.414521563840108
59.48251581038013,13.128932659547544,20.3,21.47783088030544,20.91485622696293,21.0252169640164
40.21095855508885,-92.63002565936048,20.55,20.461460261850085,19.742175722579866,20.108445784149954
53.46992046388067,-2.2303131454022296,17.51,18.547359684395087,18.189851115794735,18.21549617361317
53.46967,-2.252255,17.39,18.547359684395087,17.963464239281112,17.999294077377
53.47171035349385,-2.243588947160806,17.09,18.547359684395087,17.958456159815693,18.052374525850297
29.56004230764293,-98.449028750202,18.3,18.717983735422823,18.529477994997933,18.431930148653123
41.510827183437854,-81.61146578085159,17.23,18.47066306899538,17.826760645159354,17.395405889913114
57.69646302885174,11.969036424485502,18.07,18.38410780654917,18.062132111552007,17.93257029400083
32.04217764009765,-115.92191748747771,21.29,20.70816396358989,21.23425653133591,21.40823647190681
37.24506544774671,-80.01960111781466,19.24,18.804226055952995,19.02157182315692,18.75098154253294
29.56001121777841,-98.44906661375111,17.54,18.717983735422823,18.537710932755942,18.416417818999037
39.3762145,-77.154704,19.25,18.525986700423285,18.55184427882794,18.778790930140723
51.45883831869256,7.24326002377528,19.12,18.698858775969136,18.925782623849408,19.086061158737404
51.45883470594409,7.243252859002465,19.17,18.698858775969136,18.92645243305813,18.958347063452766
51.60557480000001,-0.0681664999999999,17.1,18.59887092050853,17.53567558475331,17.808910204937256
51.45884281936519,7.243264153567948,19.04,18.698858775969136,18.88731348440082,19.008801364809983
41.56065325015464,-81.42995835352305,18.81,19.018195490436245,18.794004085295914,19.030143440603336
39.3762145,-77.154704,19.3,18.525986700423285,18.605595486896316,18.697843168966095
29.559980361219072,-98.44902846088048,17.96,18.717983735422823,18.126280374865868,18.449658682264676
40.21082376826984,-92.6304899392364,20.7,20.461460261850085,19.79292588577194,20.16553068345823
4.399412837832372,117.88925446642838,20.57,21.33385489342307,19.723992247610855,18.535667149992523
4.244651,117.8911861,20.57,18.548133113601068,18.67813083763256,18.644880651386767
4.399382153121525,117.88926466924843,20.57,21.33385489342307,20.484291186326235,20.008167224994008
4.399417471207207,117.88920110694004,20.57,21.33385489342307,20.484291186326235,20.008167224994008
41.4926481445201,-81.55028561742509,17.98,18.59887092050853,18.054159044494785,17.02399015829519
4.399436342288321,117.88920267580448,20.57,21.33385489342307,20.484291186326235,20.008167224994008
4.399331450124828,117.88922703166484,20.57,21.33385489342307,20.484291186326235,20.008167224994008
4.5037275,117.9354433,20.57,21.227697846033394,20.65508319082664,20.38221891511979
4.399302545003687,117.88922572316665,20.57,21.33385489342307,20.484291186326235,20.008167224994008
38.95321954170622,-92.36957698315072,18.255,18.641667608489325,18.62521289997646,18.6299002850708
38.94494713991968,-92.32655313714524,17.195,18.552687206687317,18.13142722940449,18.318295698500034
38.94647517497534,-92.3288025406668,17.4275,18.559180347544352,18.197407345119327,18.395053059704598
4.26021243456522,117.90978313478686,20.57,18.56704683747005,18.467905844305793,18.3876507039033
4.5037275,117.9354433,20.57,21.227697846033394,20.69207196410702,20.15614347337713
4.2568828,117.9121477,20.57,18.57200376848552,18.559676934232556,18.572755890697874
4.399446490058063,117.88919862809362,20.57,21.33385489342307,20.484291186326235,20.008167224994008
0.0,0.0,17.85,22.00064371900251,20.811097159598244,21.14150435700222
46.77516670566877,8.072773127034676,21.56,21.023698844760442,21.302721303262317,21.21811804563709
38.0195111,-78.4816206,19.07,18.66548855062451,18.634317716033095,18.63846463881985
38.0317892,-78.4806479,18.2,18.6069424791776,18.586945870516992,18.499789448228103
38.0329289,-78.5223922,19.08,18.67173136531212,18.886649485137053,19.15285846428949
38.0349813,-78.5033279,18.47,18.475859305621757,17.751362669892995,18.353627758308953
38.0386578,-78.5037097,19.24,18.471080966920418,18.132994653208776,18.335631623089593
38.0514553,-78.4999563,18.29,18.635805440173428,18.632993953939025,18.78765177950023
42.65216909999999,-6.3447485,20.31,20.920905313397945,20.895803672274166,20.969452471251024
42.6490546,-6.3388531,20.93,20.876759766486707,20.94799451072289,20.854989381791867
42.6490546,-6.3388531,20.85,20.876759766486707,20.504468861072887,20.63722087658696
28.11141939542052,-15.42301171346302,18.4,18.47458071643181,18.613491833961476,17.995155404209136
53.8007554,-1.5490774,21.2,18.38410780654917,18.25439148695559,18.167404763972247
28.006323843741768,-81.69350347517006,19.68,18.711458779896958,18.666811105753734,18.58122132694858
38.41258951979415,-86.66788953458682,20.9,21.410179527052073,20.923326912088992,21.088737506765018
46.80236623209628,6.073282790658827,21.43,21.08862477938525,21.024367453119247,21.30504454469121
36.2944179,-82.37038299999999,18.884,18.661526044866157,18.576335138471173,18.79997697293371
37.2490053,-79.7240385,20.73,20.984096764641425,20.373673769597033,20.597551110901527
33.44672940795066,54.09038381696361,21.19,20.489126213760464,20.755800652182305,21.270383003217265
38.887764,-119.818396,21.17,20.830741122209748,21.080104609575507,21.14485813717927
39.529919,-119.8142691,18.5,18.519339556390555,18.25042907544604,18.306665218956482
37.277587055816745,-80.0320596185469,18.48,18.60509171602631,18.248225543190237,18.231528053843963
30.267153,-97.7430608,18.84,18.47066306899538,18.150481652370072,17.791529138620973
35.2828854,-106.7187087,19.59,18.768509459233684,19.35292490934614,19.365879763488696
0.0,0.0,18.77,22.00064371900251,21.092111288557827,21.52489293129326
0.0,0.0,18.77,22.00064371900251,21.05725384673833,21.63839953446484
30.267153,-97.7430608,17.73,18.47066306899538,18.134835919492957,17.65508920940013
30.200598469489453,-97.88720313394018,18.77,18.857194248233366,18.834055692666723,18.89680693733383
30.189591546205502,-97.89244794878644,18.6,18.967399683259867,18.81710677258895,18.88629296709898
30.267153,-97.7430608,18.77,18.47066306899538,18.130094430452168,17.675161821631683
30.267153,-97.7430608,18.77,18.47066306899538,18.13320931687162,17.675161821631683
30.19746208246104,-97.88093938547117,18.77,18.846461216141247,18.65918848902559,18.920649181742572
30.237033813897657,-97.81576570099762,18.75,18.553063820736128,18.515417462870644,18.327725619105756
39.0413547,-94.5732636,17.3,18.519339556390555,17.69596827529422,17.249564654553406
33.5185892,-86.8103567,17.72,18.59887092050853,17.975467664590447,18.257045852499598
39.3762145,-77.154704,19.22,18.525986700423285,18.379996212265493,18.8279715945579
59.48250537720239,13.128967238401524,21.13,21.47783088030544,21.1514385475476,21.14330311280773
51.841678949431554,4.145840236207428,19.09,18.565909445495528,19.370345247633736,19.288114408037828
51.2609932,3.6868225,20.11,20.635870922600823,20.073684656515443,19.94248200392569
33.5088158,-86.810923,18.5,18.59887092050853,17.995673536791404,18.158579963055114
31.9482827,-110.7587666,20.3,19.59202922170781,20.716026943284415,20.770506816014805
-32.9789995,148.2443206,21.2,21.201890020131046,21.30800937919037,21.285055059682993
38.887793,-119.81840133333333,21.08,20.830741122209748,20.92699548817914,21.044151614524342
38.29187386288407,-85.93395680934051,19.29,19.169650227553916,19.35648180749973,19.579191389098295
40.21077803827496,-92.6304754170285,20.62,20.461460261850085,19.758459637958914,20.286124190498864
40.2104824905448,-92.6303403945012,20.6,20.454926911509737,19.729057155441435,20.271961721471413
40.19916054896657,-92.59121803965752,19.4,18.67489353992736,18.900732891746404,19.1105013035058
40.18752408747271,-92.58517364808723,19.04,18.589783524463073,18.047090356636,18.61224011288116
40.18853570485731,-92.58102628565068,18.8,18.53749140803131,17.99239270735143,18.476527804111996
39.665701,-104.7906334,18.44,18.44659929866721,18.300577501565723,18.444457671980267
-31.331716570973764,149.27202137296777,21.32,20.943342366229437,21.3000849170605,21.244391978200472
32.6100808894194,-110.79764214952152,20.65,19.61336955725666,20.381737875448547,20.23514467405706
37.92377848588899,-78.87803358678269,21.07,21.319645486199217,21.001290037787307,21.124507148587693
37.32216425502794,-89.52500913618181,18.8375,18.628051204689882,18.65553138409517,18.515624675833692
37.3204062,-89.52379270000002,18.45,18.641203842693535,18.58307824311388,18.663238928122254
37.31726262592755,-89.52730756139111,16.2825,18.604090094389576,18.387039371661725,18.31652296081722
37.31392735052919,-89.52849455421132,18.465,18.60702994339754,18.630814016611872,18.513072653012348
37.3134104,-89.53107609999999,18.48125,18.601647558583867,18.231444721936374,18.333051371092218
37.31499534500296,-89.53021643862304,16.91625,18.60702994339754,18.64207255466089,18.512373005785
37.3163231,-89.5297604,18.20125,18.613368033087404,18.68698848738178,18.515963782228134
37.32214521259991,-89.52500472118777,16.7925,18.628051204689882,17.19054206910663,17.622987143875147
37.3204062,-89.52379270000002,16.67125,18.641203842693535,18.54271891938068,18.690454067467485
37.31480741976357,-89.52854431743786,16.905,18.60702994339754,17.247414666867165,17.65691142702015
37.3134104,-89.53107609999999,17.37875,18.601647558583867,17.177295841659276,17.566503888710614
37.31505820985144,-89.53029926171153,16.4325,18.60702994339754,17.221938067445343,17.71162808760335
37.31645194965417,-89.5298299723468,17.17,18.613368033087404,17.251911998945392,17.71162808760335
37.3149853,-89.5285306,17.6575,18.60702994339754,18.60534162692632,18.3514902215337
37.3134104,-89.53107609999999,17.68125,18.601647558583867,18.124371322074314,18.11659593800109
37.31511398372288,-89.53022889573265,16.4475,18.60702994339754,18.529014301286743,18.228641824426077
37.3163231,-89.5297604,17.5325,18.613368033087404,18.582636385985126,18.156298994686992
37.32214496813321,-89.52485349836181,18.16875,18.628051204689882,18.692490161569115,18.71542553813091
37.09439342843921,-80.11179394623427,20.72,21.21788277691961,20.790855187142355,20.81147384268984
44.3563396,11.1526049,20.18,20.9903642697746,20.524720434664655,20.61586103796495
38.2650474,-90.556221,19.87,19.245602382672907,20.26783020704357,20.156290626538254
38.887764,-119.818396,21.08,20.830741122209748,21.060471336395867,21.191473391591906
40.21678338698936,-92.580715137904,16.17875,18.65062277030085,18.893950344035535,19.122607617004206
40.18799594765522,-92.56315638117928,19.53875,18.691490017841428,18.873286930068943,19.008915831638912
40.19710295115021,-92.59237725391772,19.63125,18.68117516173398,18.918349139720096,19.030582132182666
40.17771112819582,-92.600708230715,20.06125,19.362015693425093,19.415540496601444,19.643963114903688
40.188006885424,-92.585475998041,19.11375,18.589783524463073,18.289031277237534,18.607603330968654
40.2107729745579,-92.63048028782914,20.6,20.461460261850085,19.742484268502395,20.25019977953507
41.49678703945232,-81.54039127739095,17.7675,18.59887092050853,17.819901772609832,17.70348914616706
41.43237604153708,-81.39087417398513,18.36,18.825427759177643,18.71097221186435,18.56488467768491
39.3762145,-77.154704,19.22,18.525986700423285,18.520312298926306,18.810848060849693
37.57304851866424,-90.724528188693,20.95,21.20493887758407,21.207610366182188,21.197259604392816
37.59471523893413,-90.77894787495522,21.06,21.170986142716096,21.15665645647743,21.090483096942464
37.5414823225222,-90.84365891134286,21.15,21.176979972496746,21.066474337730398,21.10317565616462
37.554383452387626,-90.84605850234878,21.05,21.109744452619243,20.994180808662225,21.058820716594166
37.56118421493466,-90.85835358829382,21.1,21.17195877807189,20.96802486603899,21.00884812601962
40.21078723232211,-92.6304876795196,20.65,20.461460261850085,19.709050813363778,20.19989811480305
40.21052485788552,-92.63034863254384,20.61,20.461460261850085,19.689491210306024,20.21562152972818
40.17954556012522,-92.64659396496089,20.73,20.23431472627843,20.443704469779853,20.897355320926383
46.6660858,20.2648953,20.87,18.66898114404422,19.459908651482618,19.730187459382172
32.6101862194494,-110.79740881966168,20.59,19.52539402508491,20.360054687318577,20.14389047543977
29.871819,-98.631531,20.57,20.839823525975177,20.363067290568964,20.561527775941723
47.823057,13.3588667,21.46,21.25650929459934,21.18037485684228,21.23292552175583
47.823057,13.3588667,21.44,21.25650929459934,21.18037485684228,21.23292552175583
47.823057,13.3588667,21.62,21.25650929459934,21.18037485684228,21.23292552175583
47.8324833,13.3467339,21.12,21.104419276295776,21.290579560974237,21.27174386534023
47.8324833,13.3467339,21.13,21.104419276295776,21.290579560974237,21.27174386534023
47.8324833,13.3467339,21.04,21.104419276295776,21.290579560974237,21.27174386534023
47.8324833,13.3467339,20.86,21.104419276295776,21.27075861601931,21.2642132139615
47.8324833,13.3467339,20.87,21.104419276295776,21.27075861601931,21.2642132139615
47.8431968,13.3409224,20.96,20.029239367924692,20.906907754031728,21.040868378783973
47.85762099999999,13.3501547,19.6,19.43768688993438,20.952830322811046,20.65144026960464
47.85762099999999,13.3501547,19.71,19.43768688993438,20.952830322811046,20.65144026960464
47.85762099999999,13.3501547,19.17,19.43768688993438,20.952830322811046,20.65144026960464
37.3163231,-89.5297604,17.56125,18.613368033087404,18.62418673231666,18.454832376415045
37.31507695316111,-89.53031210652998,16.405,18.60702994339754,18.61415409708914,18.47071411945012
37.3134104,-89.53107609999999,17.82125,18.601647558583867,18.158593454177094,18.289287603295097
37.3149853,-89.5285306,17.8025,18.60702994339754,18.625434674270274,18.478698529643896
37.3204062,-89.52379270000002,17.92375,18.641203842693535,18.5751958668421,18.67413356956729
37.32217369119304,-89.52486119191356,18.17,18.628051204689882,18.654569423083533,18.45082488298731
37.3204062,-89.52379270000002,17.72875,18.641203842693535,18.55367318735001,18.604529417584008
37.3173052246179,-89.52745407243924,16.165,18.604090094389576,18.352112315707206,18.23428796407431
38.4175418,-90.9489332,19.81,18.93187149404603,19.502591593167807,19.520281478711397
31.867709657881573,-109.51438893327104,21.14,20.643095488191094,21.22497863554207,21.25657218360185
32.61031893854236,-110.79721539851352,20.7,19.52539402508491,20.312776348389946,20.105350553876782
33.5185892,-86.8103567,16.8,18.59887092050853,18.000785622560112,18.182894774958648
35.28287,-106.7187944,19.64,18.768509459233684,19.410274735525505,19.25108607575294
52.5351876,13.2002964,17.9,18.599653117345234,17.901743185002328,18.27042999350072
40.17771149799536,-92.600706320436,19.91,19.362015693425093,19.54863497560987,19.72015550138171
40.18796933077304,-92.58548571800203,18.69,18.589783524463073,18.152581021941558,18.60897592514455
0.0,0.0,17.48295,22.00064371900251,20.85401152636911,20.69942059374543
36.1626638,-86.7816016,19.71591,18.38410780654917,17.844400757655333,17.55902509019451
32.60901527743444,-110.73294249288712,21.1,20.75582626104894,20.77888667604022,20.905870542017503
32.514229,-110.89505,20.25,19.251184905260793,19.480890994388503,19.66623197330467
39.3762145,-77.154704,18.92,18.525986700423285,18.488923661463467,18.687085101463005
33.337442989072365,-111.42559659241287,20.06,19.67702049627114,19.987961035777083,20.111333459831645
40.21080727956076,-92.63048749922244,20.11,20.461460261850085,19.779450666409307,20.196992876085183
41.38987336241945,-81.47717913593318,17.485,18.703592824220095,18.31960513944844,18.284890223597188
44.40662368480397,11.44716558603997,19.71,20.142094042170836,19.728929775824813,19.790712779387018
32.61023948038012,-110.79761869948727,20.76,19.61336955725666,20.37591641052755,20.18939440624535
40.21081957571704,-92.63048713546972,19.85,20.461460261850085,19.766196818897175,20.171536941248046
37.20048274651933,-80.00313037911532,19.45,19.034622458140625,19.046472034509165,19.45639641758856
39.3762145,-77.154704,19.15,18.525986700423285,18.460509954351327,18.710266105409033
40.21080993353228,-92.63048128468994,19.95,20.461460261850085,19.741487574375846,20.1394059508692
40.2108016425822,-92.63048738461906,20.5,20.461460261850085,19.774354568305508,20.18236161797202
40.210800938940224,-92.63048427200896,20.53,20.461460261850085,19.792620774842838,20.23500671205582
40.21081871709709,-92.63048351538386,20.44,20.461460261850085,19.77003656327333,20.182046058871116
40.210806728345474,-92.63048393923056,20.49,20.461460261850085,19.748879619637936,20.233414768613308
38.887764,-119.818396,21.12,20.830741122209748,21.047018417658673,20.91875959970833
40.18800437129354,-92.5854580891644,18.5,18.589783524463073,18.142868735741075,18.434694423667086
47.60705473741501,20.7234869832663,20.54,19.948995395320512,20.471758285671108,20.6038070292718
47.60532244253952,20.725630819302754,20.34,19.848946141446888,20.110650181162743,20.537043538875913
47.60368061755043,20.727860423300744,20.74,19.894371949730182,20.17257289751379,20.462309113288754
39.3762145,-77.154704,19.3,18.525986700423285,18.453398297027665,18.763772273561763
35.2828588,-106.7188033,19.65,18.768509459233684,19.340895190469443,19.17248337995879
41.4912831698119,-81.56453722460006,16.93,18.598952780953717,17.700813430325123,17.620736761530704
-43.32521249905156,145.99146670551042,21.32,21.634497591666992,21.363063737713446,21.515375573644285
51.84086950806634,4.146480361569624,18.88,18.537846136450934,19.17306053144482,19.085029151756807
37.24388531741986,-80.01949823373883,19.13,18.79824826585953,18.941546676028498,18.712856530540996
40.50383161105339,-79.80952885891162,18.43,18.975387856889327,18.92486551080083,19.093056880212142
51.45884035338418,7.243267423826252,19.03,18.698858775969136,18.9440537351403,18.987521553248616
51.4588357453697,7.243261791264355,18.9,18.698858775969136,18.914231208927493,18.974557618734337
46.20402351016888,6.165311651142768,17.34,18.62624882635119,18.554606999924104,17.942055133841144
38.0195111,-78.4816206,19.18,18.66548855062451,18.38467895044406,18.4292553869817
38.0317892,-78.4806479,18.09,18.6069424791776,18.342265442794545,18.46227717146343
38.0329765,-78.5223966,19.51,18.67173136531212,19.039544125410742,19.144923111026653
38.0616522,-78.473642,19.3,18.738029705100313,18.98817561807757,18.847359831791334
38.0514553,-78.4999563,18.48,18.635805440173428,18.27538977670907,18.598262527534505
38.0410573,-78.4910544,18.88,18.674365036473063,18.61244297521672,18.748263201730513
27.059972642354325,-112.23687460466292,21.112,20.59257482340599,21.36463158742055,21.379026553068087
46.75598930761573,8.074977540312553,21.27,21.246297193125027,21.307974224871547,21.248858347433337
40.8132341,-77.8773338,18.482,18.664981258999827,19.10037151724184,18.986609243231108
39.9718841,-105.4741889,21.63,21.112049231416165,20.70553034188934,20.971943977170245
24.64888941295533,-81.31346225738525,20.94,21.622871614558683,20.937058199426524,21.262883858104747
24.64888941295533,-81.31346225738525,20.87,21.622871614558683,20.944067999587627,21.273863400998884
24.64888941295533,-81.31346225738525,21.27,21.622871614558683,21.313694609506378,21.497945826606635
24.64888941295533,-81.31346225738525,20.87,21.622871614558683,20.896612307299282,21.302209026249947
24.64888941295533,-81.31346225738525,21.27,21.622871614558683,21.327891525164517,21.490775237079756
24.64888941295533,-81.31346225738525,21.02,21.622871614558683,20.945721979396808,21.29515222699186
24.64888941295533,-81.31350517272949,20.9,21.528404759994924,21.160623974501146,21.34040092888574
33.4999078,-86.8036766,17.26,18.59887092050853,18.425233684456394,18.486088483212264
52.5947209,13.3833808,19.12,18.693815522634054,18.804024067916963,18.8006385818673
37.32216573792691,-89.52491136509697,18.565,18.628051204689882,18.52023987538658,18.37114199914034
37.32234299534184,-89.52512634277693,18.1425,18.628051204689882,18.541671847608804,18.421326327805886
37.3170275,-89.52738749999999,16.35,18.604090094389576,18.26624477035054,18.26496336745561
37.3149853,-89.5285306,18.0775,18.60702994339754,18.46078952846384,18.2166689882886
37.3134104,-89.53107609999999,17.95375,18.601647558583867,18.16610412047984,17.910195301322243
37.315314781614255,-89.53023789654073,16.75125,18.60702994339754,18.465110724881384,18.122624738714403
37.3204062,-89.52379270000002,18.36125,18.641203842693535,18.38918582490001,18.53413925822486
37.32225971328938,-89.5250371594967,18.675,18.628051204689882,18.52306562567665,18.307623172829537
37.31723570343298,-89.52791500120175,16.5425,18.613368033087404,18.498385568466958,18.3988121818894
37.314927525828544,-89.52845728634149,18.27,18.60702994339754,18.45347486311982,18.201664061716247
37.3134104,-89.53107609999999,18.305,18.601647558583867,18.157361873680536,17.869513846711637
37.31531528780686,-89.53005372819969,16.8725,18.60702994339754,18.47184574549748,18.051444867619036
37.3165835262704,-89.52987641929407,17.3475,18.613368033087404,18.435727600181778,18.05082640251057
29.872364125,-98.63112425,20.48,20.843617106868475,20.3666848167073,20.400095414682976
38.97607483600159,-77.36699231327306,18.35,18.516360032018714,18.200522766894547,18.3257187922285
38.97404501507212,-77.36417678674603,18.28,18.526371376522693,18.204842676118446,18.329581674536527
34.196628000000004,-110.0301295,21.07,19.604717496983888,20.27790136066419,20.372957764150847
42.874608005997366,-78.66241815706688,17.44,18.934901985182687,19.055460347069364,19.001154992938634
51.845611203071606,4.145989701448132,19.09,18.742973561471644,19.747268130351987,19.435869426884068
51.7783629,6.6977673,20.61,21.088084125002602,20.146832833883362,20.270311405430547
51.76655251,6.68956926,20.61,21.057269544543537,19.927503493360856,20.0421068716037
51.7603523,6.6392645,20.49,20.77428883444379,20.160484137557102,20.316978358415874
51.6964432,6.6478284,20.35,20.284028982930423,19.805703242281663,20.06397086444848
41.99532411778133,-121.7118999951436,21.26,20.880111123437853,21.359322668054844,21.34696464787098
30.33761259721645,-97.89315311307512,19.11,19.29522684485972,19.17665835846074,19.07844192488736
30.33630509999999,-97.891369,19.27,19.297348942579507,19.43001775105501,19.002113193512123
59.48254184794047,13.128928180372114,21.01,21.47783088030544,21.070040622284328,20.99033899188172
35.2828632,-106.7187898,19.59,18.768509459233684,19.457877427324004,19.403152081574646
35.2828654,-106.7187844,19.67,18.768509459233684,19.344151816591136,19.271164773194187
33.9481537,-86.472764,18.6,18.64385524200528,18.370560267111966,18.945905874759315
33.49993696954795,-86.80540323257446,17.21,18.59887092050853,17.790102626922437,18.067962474097765
32.61027600412302,-110.79731351746712,20.72,19.52539402508491,20.31172179533992,20.2192733745793
33.4991011,-86.8025846,16.35,18.59887092050853,17.852583499367658,18.134924496686594
37.923627598280376,-78.87782418253401,20.93,21.319645486199217,21.079623928232877,21.05674240112357
38.88784,-119.81840599999998,21.17,20.830741122209748,21.03993675500695,21.042724124603573
33.95400861600532,-84.36441904240849,16.35,18.60263069285917,17.760251369074624,17.59381890545609
38.29181038919857,-85.93382844744256,19.17,19.169650227553916,19.374512051194525,19.55266269778359
38.37960000844923,-86.64242661274456,20.6,21.13806198006156,20.85018318346562,20.824245649483853
47.60739673996798,20.732611133914,20.56,19.660262954248914,20.004952437458545,20.437294348068008
47.61230915805459,20.7357836804512,20.53,19.465748571556883,20.005102400828505,20.39935570720857
33.5185892,-86.8103567,16.8,18.59887092050853,18.116495469715368,18.02948000139257
33.49719989329437,-86.80860997237309,17.31,18.59887092050853,18.34981017656309,18.54181606863776
38.29220741636172,-85.93400730332948,19.13,19.169650227553916,19.40980583558809,19.579950403050038
33.90796417078759,-86.62172701584653,18.83,19.3074907309031,20.212006298059954,19.818864197075836
33.49847846711981,-86.8072273323389,17.21,18.59887092050853,17.788243486807,18.044692711163645
33.500112455200764,-86.80564778886126,17.21,18.59887092050853,17.798326979028662,18.006490139936314
33.50025404891391,-86.80556780328152,17.21,18.59887092050853,17.798326979028662,18.0114456445335
36.68631023352469,-6.134797415443893,17.93,18.519339556390555,18.61541960124562,18.370022167778124
36.68628935317136,-6.134863476565766,17.93,18.519339556390555,18.605848986166258,18.375395598740095
42.19354505448971,-121.78679487938868,19.77,19.256415956470438,19.41026165482584,19.77167527714361
44.8016416,-68.7927877,17.26,18.588588559317568,17.64230907130223,17.827241944464124
51.1054198,2.6501728,20.2,18.763277506397785,19.45927014933721,19.07702925138746
37.31610038540104,-89.53006038992378,18.0825,18.613368033087404,18.507105086262563,18.457779077882645
37.31501368672101,-89.53016815894263,17.0125,18.60702994339754,18.52644445950805,18.454404000148468
37.31726801081547,-89.52760459054754,16.125,18.613368033087404,18.49294817314075,18.494868853333656
37.32123097816506,-89.52846034040248,18.425,18.643643233010952,18.509975569187695,18.509456953460827
37.32226531932384,-89.52491866548985,18.795,18.628051204689882,18.56491744071588,18.39096301885411
37.3150042773356,-89.52847785012129,18.35375,18.60702994339754,18.504681583658623,18.285976995816114
37.3134104,-89.53107609999999,18.37625,18.601647558583867,18.104894575701795,17.96985635151323
37.322367962812926,-89.52540194008644,18.75125,18.628051204689882,18.535606307258053,18.37503578105232
37.3204062,-89.52379270000002,18.28625,18.641203842693535,18.386349100218116,18.508968307637993
37.3173075909988,-89.52789156650708,16.21875,18.613368033087404,18.49360952127212,18.417959131878654
37.314896913218455,-89.52841615919117,18.27375,18.60702994339754,18.51509939556913,18.29335639071845
37.3134104,-89.53107609999999,18.26125,18.601647558583867,18.07319160248601,18.01712700444208
37.31534157966627,-89.53012086205214,16.6575,18.60702994339754,18.475671479245147,18.194966914018956
37.3163231,-89.5297604,17.91,18.613368033087404,18.449284859402457,18.150757616001805
33.33722792840485,-111.42555890794576,20.04,19.67702049627114,19.99292755901067,20.120687813271847
26.21172575612777,-97.97871996402634,18.86,18.872291253625928,19.0903028866714,19.26828045076336
47.61268898038672,20.73119088480656,20.7,19.940101636654123,20.07837793929734,20.484526280742386
47.61573645426744,20.73495755439184,20.7,19.60417745553916,20.067936194275525,20.4319415076287
47.61965591368595,20.740907835813505,20.56,19.224561906158385,19.9485889983981,20.06898187296781
35.89632177895984,139.73216926643406,17.26,18.614869774920987,18.43686757108136,18.13487344188769
41.1126671,-73.4625327,18.86,18.98080433906813,19.321712052025998,19.03098260219962
41.4785189,-81.4992936,17.02,18.612640174349224,18.60224980141049,18.303968063805794
29.872364125,-98.63112425,20.46,20.843617106868475,20.11766785371066,20.255432593747475
36.69625420027551,-6.114916002838586,17.87,18.519339556390555,18.128943256616306,17.761827516039332
47.610654498899294,20.728664845278693,20.8,19.869038680784165,20.011730652495785,20.46301544868691
47.610107510302775,20.7278485456496,20.83,19.96804126814868,20.075465340968588,20.528747021366897
38.88784,-119.81840599999998,21.05,20.830741122209748,21.03218028489495,21.05138455977474
36.44008796703479,-121.32933268423986,20.44,18.90849540003315,19.46959989558834,19.885295750494766
37.24373579919015,-80.01951515531313,19.17,18.804226055952995,19.089983539430328,18.72264799029726
37.261949085391095,-79.97871618446446,18.45,18.53163276453569,17.978627062437162,18.185182923108574
30.237561088389832,-97.89208380423662,18.88,18.771828062288066,18.81107640278726,18.679085219884005
30.23781693741393,-97.88345268127806,18.67,18.604651816757592,18.75259825570234,18.560794235612693
32.61053763220708,-110.79668838376288,20.73,19.52539402508491,20.306800068557056,20.200028655299462
37.1526042510582,-86.04772609130109,20.5,21.30183603761991,20.875421633536526,20.8909797904099
38.88784,-119.81840599999998,21.15,20.830741122209748,21.030510588921366,21.04689127833555
52.5947101,13.3834088,19.54,18.693815522634054,18.53229103332347,18.818688561085203
32.51384857341057,-110.89526366923354,19.96,19.251184905260793,19.445646569554036,19.66880908144956
-32.10961491782964,151.01709377302896,21.2,21.335466628738658,21.191322555625675,21.30486278171696
38.88784,-119.81840599999998,20.98,20.830741122209748,20.806302877413586,20.870703839880996
39.28333536130193,-108.84606318542048,21.28,20.41527599638247,20.819691837326783,21.134017541859535
41.49677487548068,-81.54009645817722,17.19,18.59887092050853,17.641487993218995,17.522893046057504
41.38992031157322,-81.47721844323712,17.58,18.703592824220095,18.306274968494076,18.171739956858353
38.887843,-119.818406,20.98,20.830741122209748,20.55773530009882,20.67222887652199
44.40668121109672,11.446875434791224,19.43,20.142094042170836,19.681273951866295,19.608745091524526
41.10485765758667,-81.7992690373951,19.69,19.20411639137137,18.83974686274536,18.390931440681094
41.1048753,-81.7993173,18.17,19.20411639137137,17.561219535747817,17.674609847246263
30.401356,-97.7525352,17.15,18.543162716178998,18.24361156653518,17.256531739112305
30.267153,-97.7430608,17.13,18.47066306899538,17.901155114873337,16.745611383000696
30.4133182,-97.7379358,17.13,18.53828799000485,18.298378317376162,17.25794286884173
30.4128897,-97.7398239,17.13,18.50670594537257,18.14263968776529,17.079499431565672
30.41333329999999,-97.7377778,17.3,18.53828799000485,18.31292326061072,17.283360846126882
41.49317427117241,-81.55034999040662,17.33,18.59887092050853,18.122392216845522,17.72050704879903
30.8112184,-95.4342467,20.3,19.948871551563542,20.311828641585567,20.471571138315884
35.9658485,-75.63579949999999,20.41,19.516961846276686,20.056076659962056,19.951399680231535
35.9513785,-75.6317883,21.04,19.443351913186287,20.194286660552816,19.912390891417335
35.934497,-75.612424,21.08,19.1082896504661,19.610709320970916,19.823740360828193
35.6549619,-75.62080879999999,20.23,21.828354300756406,21.008970152666095,21.087802901264013
35.9650721,-75.62772249999999,20.23,19.346318078840916,19.726298030573343,19.860576777830673
35.9930577,-75.643638,19.82,19.028767882779462,19.51433904042662,19.397398641456036
35.9658485,-75.63579949999999,20.41,19.516961846276686,20.076877760352218,19.948783373665865
35.8466943,-75.5645596,21.04,21.122431093629743,21.119720008213925,21.064871772422702
34.5056894,-112.2427894,19.97,19.954839449403,20.463158482841024,20.150183225202603
37.25005073127178,-79.99122186340989,19.14,18.65709510109068,19.07125032228059,18.74521147842441
37.90548428375714,-79.79884974275033,21.24,21.484536028372148,21.21847997133398,21.301943687103897
37.31275667604916,-79.99244193031838,18.17,18.607729021297136,18.239960641376403,18.41017809692115
-42.032428869442,147.4921073147093,21.06,20.997178520712513,21.409873444293066,21.431313933170994
59.48251811031757,13.128967791082866,20.43,21.47783088030544,21.04168761720643,20.89529990525142
51.15062491418077,-2.7239412903056337,19.84,19.013741339284213,19.80231382023306,20.142057696000794
37.2439117,-80.0194178,19.15,18.79824826585953,19.03696664354111,18.687565922055963
34.529117262023064,-112.20619602139313,19.809,20.6861083195705,20.769333984694537,20.87337302777199
51.14473195294734,-2.698518477534395,20.41,19.70198518124377,20.21389794788561,20.584548680917468
51.14313051745511,-2.704077193581436,20.3,19.411380562876563,20.182714009602776,20.370103931272574
51.15059234953726,-2.723960197716011,19.97,19.013741339284213,19.713163079093444,20.182728545767276
39.3762145,-77.154704,16.73,18.525986700423285,18.050774676422346,17.514580623389683
51.15079340985066,-2.7238692279396,20.35,19.013741339284213,20.050176197191014,20.48891836458815
51.144729391626,-2.698572786238189,20.74,19.70198518124377,20.771155645434014,21.048495783320973
51.14312937413949,-2.7044058187684583,20.6,19.411380562876563,20.82988361179251,20.711196380809668
51.150580264675405,-2.7240178779921664,20.27,19.013741339284213,19.93742391766739,20.128184544606512
0.0,0.0,21.28,22.00064371900251,21.031432316028496,21.464100305793067
37.62874508555496,-106.6738469766685,21.2,21.054105263269182,21.406124802888193,21.592780569354705
